Command line invocation:
    /Applications/Xcode.app/Contents/Developer/usr/bin/xcodebuild -project vino_iPhone.xcodeproj -scheme vino_iPhone -configuration Debug -sdk iphonesimulator -derivedDataPath ../docs/1.0.0/qa/evidence/derived-data-unthinned clean build CODE_SIGNING_ALLOWED=NO

User defaults from command line:
    IDEDerivedDataPathOverride = /Users/cengcheng/Documents/GitHub/vino/docs/1.0.0/qa/evidence/derived-data-unthinned
    IDEPackageSupportUseBuiltinSCM = YES

Build settings from command line:
    CODE_SIGNING_ALLOWED = NO
    SDKROOT = iphonesimulator18.2

--- xcodebuild: WARNING: Using the first of multiple matching destinations:
{ platform:iOS Simulator, id:dvtdevice-DVTiOSDeviceSimulatorPlaceholder-iphonesimulator:placeholder, name:Any iOS Simulator Device }
{ platform:iOS Simulator, id:B2A8DF6D-0A29-4509-BE25-2E7C43EFDFD1, OS:18.3.1, name:QA-vino-iPhone-1.0.0 }
{ platform:iOS Simulator, id:B2A8DF6D-0A29-4509-BE25-2E7C43EFDFD1, OS:18.3.1, name:QA-vino-iPhone-1.0.0 }
{ platform:iOS Simulator, id:70D342E4-959A-4308-AC9B-C2635133D767, OS:18.3.1, name:iPad (10th generation) }
{ platform:iOS Simulator, id:70D342E4-959A-4308-AC9B-C2635133D767, OS:18.3.1, name:iPad (10th generation) }
{ platform:iOS Simulator, id:F9A01F62-D1BD-45A5-8FFD-3060206B5B4C, OS:18.3.1, name:iPad Air 11-inch (M2) }
{ platform:iOS Simulator, id:F9A01F62-D1BD-45A5-8FFD-3060206B5B4C, OS:18.3.1, name:iPad Air 11-inch (M2) }
{ platform:iOS Simulator, id:3559EEE1-8AA4-4EB3-8D19-50104496B968, OS:18.3.1, name:iPad Air 13-inch (M2) }
{ platform:iOS Simulator, id:3559EEE1-8AA4-4EB3-8D19-50104496B968, OS:18.3.1, name:iPad Air 13-inch (M2) }
{ platform:iOS Simulator, id:966585E8-9AAD-48B0-8F09-BEB814859D5A, OS:18.3.1, name:iPad Pro 11-inch (M4) }
{ platform:iOS Simulator, id:966585E8-9AAD-48B0-8F09-BEB814859D5A, OS:18.3.1, name:iPad Pro 11-inch (M4) }
{ platform:iOS Simulator, id:0DB63288-9C9F-4153-A6CD-6B3499B19F01, OS:18.3.1, name:iPad Pro 13-inch (M4) }
{ platform:iOS Simulator, id:0DB63288-9C9F-4153-A6CD-6B3499B19F01, OS:18.3.1, name:iPad Pro 13-inch (M4) }
{ platform:iOS Simulator, id:B5332C8E-8D8B-40EA-9130-EE03291B05A1, OS:18.3.1, name:iPad mini (A17 Pro) }
{ platform:iOS Simulator, id:B5332C8E-8D8B-40EA-9130-EE03291B05A1, OS:18.3.1, name:iPad mini (A17 Pro) }
{ platform:iOS Simulator, id:FD240FF9-7BB5-45B4-984D-27E54B5E0F37, OS:18.3.1, name:iPhone 16 }
{ platform:iOS Simulator, id:FD240FF9-7BB5-45B4-984D-27E54B5E0F37, OS:18.3.1, name:iPhone 16 }
{ platform:iOS Simulator, id:BB65A564-DB79-4817-A562-08F62E77675A, OS:18.3.1, name:iPhone 16 Plus }
{ platform:iOS Simulator, id:BB65A564-DB79-4817-A562-08F62E77675A, OS:18.3.1, name:iPhone 16 Plus }
{ platform:iOS Simulator, id:910A7F41-E65D-4051-BB11-D509E5B2FDAA, OS:18.3.1, name:iPhone 16 Pro }
{ platform:iOS Simulator, id:910A7F41-E65D-4051-BB11-D509E5B2FDAA, OS:18.3.1, name:iPhone 16 Pro }
{ platform:iOS Simulator, id:EA9E2F61-97A3-48AA-B2D2-BEB28D1F1588, OS:18.3.1, name:iPhone 16 Pro Max }
{ platform:iOS Simulator, id:EA9E2F61-97A3-48AA-B2D2-BEB28D1F1588, OS:18.3.1, name:iPhone 16 Pro Max }
{ platform:iOS Simulator, id:972D34C5-CFD5-42E9-A49B-1A114449D22E, OS:18.3.1, name:iPhone SE (3rd generation) }
{ platform:iOS Simulator, id:972D34C5-CFD5-42E9-A49B-1A114449D22E, OS:18.3.1, name:iPhone SE (3rd generation) }
{ platform:iOS, id:dvtdevice-DVTiPhonePlaceholder-iphoneos:placeholder, name:Any iOS Device }

** CLEAN SUCCEEDED **

--- xcodebuild: WARNING: Using the first of multiple matching destinations:
{ platform:iOS Simulator, id:dvtdevice-DVTiOSDeviceSimulatorPlaceholder-iphonesimulator:placeholder, name:Any iOS Simulator Device }
{ platform:iOS Simulator, id:B2A8DF6D-0A29-4509-BE25-2E7C43EFDFD1, OS:18.3.1, name:QA-vino-iPhone-1.0.0 }
{ platform:iOS Simulator, id:B2A8DF6D-0A29-4509-BE25-2E7C43EFDFD1, OS:18.3.1, name:QA-vino-iPhone-1.0.0 }
{ platform:iOS Simulator, id:70D342E4-959A-4308-AC9B-C2635133D767, OS:18.3.1, name:iPad (10th generation) }
{ platform:iOS Simulator, id:70D342E4-959A-4308-AC9B-C2635133D767, OS:18.3.1, name:iPad (10th generation) }
{ platform:iOS Simulator, id:F9A01F62-D1BD-45A5-8FFD-3060206B5B4C, OS:18.3.1, name:iPad Air 11-inch (M2) }
{ platform:iOS Simulator, id:F9A01F62-D1BD-45A5-8FFD-3060206B5B4C, OS:18.3.1, name:iPad Air 11-inch (M2) }
{ platform:iOS Simulator, id:3559EEE1-8AA4-4EB3-8D19-50104496B968, OS:18.3.1, name:iPad Air 13-inch (M2) }
{ platform:iOS Simulator, id:3559EEE1-8AA4-4EB3-8D19-50104496B968, OS:18.3.1, name:iPad Air 13-inch (M2) }
{ platform:iOS Simulator, id:966585E8-9AAD-48B0-8F09-BEB814859D5A, OS:18.3.1, name:iPad Pro 11-inch (M4) }
{ platform:iOS Simulator, id:966585E8-9AAD-48B0-8F09-BEB814859D5A, OS:18.3.1, name:iPad Pro 11-inch (M4) }
{ platform:iOS Simulator, id:0DB63288-9C9F-4153-A6CD-6B3499B19F01, OS:18.3.1, name:iPad Pro 13-inch (M4) }
{ platform:iOS Simulator, id:0DB63288-9C9F-4153-A6CD-6B3499B19F01, OS:18.3.1, name:iPad Pro 13-inch (M4) }
{ platform:iOS Simulator, id:B5332C8E-8D8B-40EA-9130-EE03291B05A1, OS:18.3.1, name:iPad mini (A17 Pro) }
{ platform:iOS Simulator, id:B5332C8E-8D8B-40EA-9130-EE03291B05A1, OS:18.3.1, name:iPad mini (A17 Pro) }
{ platform:iOS Simulator, id:FD240FF9-7BB5-45B4-984D-27E54B5E0F37, OS:18.3.1, name:iPhone 16 }
{ platform:iOS Simulator, id:FD240FF9-7BB5-45B4-984D-27E54B5E0F37, OS:18.3.1, name:iPhone 16 }
{ platform:iOS Simulator, id:BB65A564-DB79-4817-A562-08F62E77675A, OS:18.3.1, name:iPhone 16 Plus }
{ platform:iOS Simulator, id:BB65A564-DB79-4817-A562-08F62E77675A, OS:18.3.1, name:iPhone 16 Plus }
{ platform:iOS Simulator, id:910A7F41-E65D-4051-BB11-D509E5B2FDAA, OS:18.3.1, name:iPhone 16 Pro }
{ platform:iOS Simulator, id:910A7F41-E65D-4051-BB11-D509E5B2FDAA, OS:18.3.1, name:iPhone 16 Pro }
{ platform:iOS Simulator, id:EA9E2F61-97A3-48AA-B2D2-BEB28D1F1588, OS:18.3.1, name:iPhone 16 Pro Max }
{ platform:iOS Simulator, id:EA9E2F61-97A3-48AA-B2D2-BEB28D1F1588, OS:18.3.1, name:iPhone 16 Pro Max }
{ platform:iOS Simulator, id:972D34C5-CFD5-42E9-A49B-1A114449D22E, OS:18.3.1, name:iPhone SE (3rd generation) }
{ platform:iOS Simulator, id:972D34C5-CFD5-42E9-A49B-1A114449D22E, OS:18.3.1, name:iPhone SE (3rd generation) }
{ platform:iOS, id:dvtdevice-DVTiPhonePlaceholder-iphoneos:placeholder, name:Any iOS Device }
Prepare packages

ComputeTargetDependencyGraph
note: Building targets in dependency order
note: Target dependency graph (1 target)
    Target 'vino_iPhone' in project 'vino_iPhone' (no dependencies)

GatherProvisioningInputs

CreateBuildDescription

ExecuteExternalTool /Applications/Xcode.app/Contents/Developer/Toolchains/XcodeDefault.xctoolchain/usr/bin/clang -v -E -dM -isysroot /Applications/Xcode.app/Contents/Developer/Platforms/iPhoneSimulator.platform/Developer/SDKs/iPhoneSimulator18.2.sdk -x c -c /dev/null

ExecuteExternalTool /Applications/Xcode.app/Contents/Developer/usr/bin/actool --print-asset-tag-combinations --output-format xml1 /Users/cengcheng/Documents/GitHub/vino/vino_iPhone/AppHost/Assets.xcassets

ExecuteExternalTool /Applications/Xcode.app/Contents/Developer/usr/bin/actool --version --output-format xml1

ExecuteExternalTool /Applications/Xcode.app/Contents/Developer/Toolchains/XcodeDefault.xctoolchain/usr/bin/swiftc --version

ExecuteExternalTool /Applications/Xcode.app/Contents/Developer/Toolchains/XcodeDefault.xctoolchain/usr/bin/ld -version_details

Build description signature: 13b3772d392de41a69b8703c25aae6c3
Build description path: /Users/cengcheng/Documents/GitHub/vino/docs/1.0.0/qa/evidence/derived-data-unthinned/Build/Intermediates.noindex/XCBuildData/13b3772d392de41a69b8703c25aae6c3.xcbuilddata
ClangStatCache /Applications/Xcode.app/Contents/Developer/Toolchains/XcodeDefault.xctoolchain/usr/bin/clang-stat-cache /Applications/Xcode.app/Contents/Developer/Platforms/iPhoneSimulator.platform/Developer/SDKs/iPhoneSimulator18.2.sdk /Users/cengcheng/Documents/GitHub/vino/docs/1.0.0/qa/evidence/derived-data-unthinned/SDKStatCaches.noindex/iphonesimulator18.2-22C146-07b28473f605e47e75261259d3ef3b5a.sdkstatcache
    cd /Users/cengcheng/Documents/GitHub/vino/vino_iPhone/vino_iPhone.xcodeproj
    /Applications/Xcode.app/Contents/Developer/Toolchains/XcodeDefault.xctoolchain/usr/bin/clang-stat-cache /Applications/Xcode.app/Contents/Developer/Platforms/iPhoneSimulator.platform/Developer/SDKs/iPhoneSimulator18.2.sdk -o /Users/cengcheng/Documents/GitHub/vino/docs/1.0.0/qa/evidence/derived-data-unthinned/SDKStatCaches.noindex/iphonesimulator18.2-22C146-07b28473f605e47e75261259d3ef3b5a.sdkstatcache

CreateBuildDirectory /Users/cengcheng/Documents/GitHub/vino/docs/1.0.0/qa/evidence/derived-data-unthinned/Build/Products
    cd /Users/cengcheng/Documents/GitHub/vino/vino_iPhone/vino_iPhone.xcodeproj
    builtin-create-build-directory /Users/cengcheng/Documents/GitHub/vino/docs/1.0.0/qa/evidence/derived-data-unthinned/Build/Products

CreateBuildDirectory /Users/cengcheng/Documents/GitHub/vino/docs/1.0.0/qa/evidence/derived-data-unthinned/Build/Intermediates.noindex
    cd /Users/cengcheng/Documents/GitHub/vino/vino_iPhone/vino_iPhone.xcodeproj
    builtin-create-build-directory /Users/cengcheng/Documents/GitHub/vino/docs/1.0.0/qa/evidence/derived-data-unthinned/Build/Intermediates.noindex

CreateBuildDirectory /Users/cengcheng/Documents/GitHub/vino/docs/1.0.0/qa/evidence/derived-data-unthinned/Build/Products/Debug-iphonesimulator
    cd /Users/cengcheng/Documents/GitHub/vino/vino_iPhone/vino_iPhone.xcodeproj
    builtin-create-build-directory /Users/cengcheng/Documents/GitHub/vino/docs/1.0.0/qa/evidence/derived-data-unthinned/Build/Products/Debug-iphonesimulator

WriteAuxiliaryFile /Users/cengcheng/Documents/GitHub/vino/docs/1.0.0/qa/evidence/derived-data-unthinned/Build/Intermediates.noindex/vino_iPhone.build/Debug-iphonesimulator/vino_iPhone-a2bef2e283410171f40341568f1bc682-VFS-iphonesimulator/all-product-headers.yaml
    cd /Users/cengcheng/Documents/GitHub/vino/vino_iPhone/vino_iPhone.xcodeproj
    write-file /Users/cengcheng/Documents/GitHub/vino/docs/1.0.0/qa/evidence/derived-data-unthinned/Build/Intermediates.noindex/vino_iPhone.build/Debug-iphonesimulator/vino_iPhone-a2bef2e283410171f40341568f1bc682-VFS-iphonesimulator/all-product-headers.yaml

CreateBuildDirectory /Users/cengcheng/Documents/GitHub/vino/docs/1.0.0/qa/evidence/derived-data-unthinned/Build/Intermediates.noindex/EagerLinkingTBDs/Debug-iphonesimulator
    cd /Users/cengcheng/Documents/GitHub/vino/vino_iPhone/vino_iPhone.xcodeproj
    builtin-create-build-directory /Users/cengcheng/Documents/GitHub/vino/docs/1.0.0/qa/evidence/derived-data-unthinned/Build/Intermediates.noindex/EagerLinkingTBDs/Debug-iphonesimulator

WriteAuxiliaryFile /Users/cengcheng/Documents/GitHub/vino/docs/1.0.0/qa/evidence/derived-data-unthinned/Build/Intermediates.noindex/vino_iPhone.build/Debug-iphonesimulator/vino_iPhone.build/灵眼GX-project-headers.hmap (in target 'vino_iPhone' from project 'vino_iPhone')
    cd /Users/cengcheng/Documents/GitHub/vino/vino_iPhone
    write-file /Users/cengcheng/Documents/GitHub/vino/docs/1.0.0/qa/evidence/derived-data-unthinned/Build/Intermediates.noindex/vino_iPhone.build/Debug-iphonesimulator/vino_iPhone.build/灵眼GX-project-headers.hmap

WriteAuxiliaryFile /Users/cengcheng/Documents/GitHub/vino/docs/1.0.0/qa/evidence/derived-data-unthinned/Build/Intermediates.noindex/vino_iPhone.build/Debug-iphonesimulator/vino_iPhone.build/灵眼GX-own-target-headers.hmap (in target 'vino_iPhone' from project 'vino_iPhone')
    cd /Users/cengcheng/Documents/GitHub/vino/vino_iPhone
    write-file /Users/cengcheng/Documents/GitHub/vino/docs/1.0.0/qa/evidence/derived-data-unthinned/Build/Intermediates.noindex/vino_iPhone.build/Debug-iphonesimulator/vino_iPhone.build/灵眼GX-own-target-headers.hmap

WriteAuxiliaryFile /Users/cengcheng/Documents/GitHub/vino/docs/1.0.0/qa/evidence/derived-data-unthinned/Build/Intermediates.noindex/vino_iPhone.build/Debug-iphonesimulator/vino_iPhone.build/灵眼GX.hmap (in target 'vino_iPhone' from project 'vino_iPhone')
    cd /Users/cengcheng/Documents/GitHub/vino/vino_iPhone
    write-file /Users/cengcheng/Documents/GitHub/vino/docs/1.0.0/qa/evidence/derived-data-unthinned/Build/Intermediates.noindex/vino_iPhone.build/Debug-iphonesimulator/vino_iPhone.build/灵眼GX.hmap

WriteAuxiliaryFile /Users/cengcheng/Documents/GitHub/vino/docs/1.0.0/qa/evidence/derived-data-unthinned/Build/Intermediates.noindex/vino_iPhone.build/Debug-iphonesimulator/vino_iPhone.build/灵眼GX.DependencyMetadataFileList (in target 'vino_iPhone' from project 'vino_iPhone')
    cd /Users/cengcheng/Documents/GitHub/vino/vino_iPhone
    write-file /Users/cengcheng/Documents/GitHub/vino/docs/1.0.0/qa/evidence/derived-data-unthinned/Build/Intermediates.noindex/vino_iPhone.build/Debug-iphonesimulator/vino_iPhone.build/灵眼GX.DependencyMetadataFileList

WriteAuxiliaryFile /Users/cengcheng/Documents/GitHub/vino/docs/1.0.0/qa/evidence/derived-data-unthinned/Build/Intermediates.noindex/vino_iPhone.build/Debug-iphonesimulator/vino_iPhone.build/灵眼GX-all-non-framework-target-headers.hmap (in target 'vino_iPhone' from project 'vino_iPhone')
    cd /Users/cengcheng/Documents/GitHub/vino/vino_iPhone
    write-file /Users/cengcheng/Documents/GitHub/vino/docs/1.0.0/qa/evidence/derived-data-unthinned/Build/Intermediates.noindex/vino_iPhone.build/Debug-iphonesimulator/vino_iPhone.build/灵眼GX-all-non-framework-target-headers.hmap

WriteAuxiliaryFile /Users/cengcheng/Documents/GitHub/vino/docs/1.0.0/qa/evidence/derived-data-unthinned/Build/Intermediates.noindex/vino_iPhone.build/Debug-iphonesimulator/vino_iPhone.build/灵眼GX-all-target-headers.hmap (in target 'vino_iPhone' from project 'vino_iPhone')
    cd /Users/cengcheng/Documents/GitHub/vino/vino_iPhone
    write-file /Users/cengcheng/Documents/GitHub/vino/docs/1.0.0/qa/evidence/derived-data-unthinned/Build/Intermediates.noindex/vino_iPhone.build/Debug-iphonesimulator/vino_iPhone.build/灵眼GX-all-target-headers.hmap

WriteAuxiliaryFile /Users/cengcheng/Documents/GitHub/vino/docs/1.0.0/qa/evidence/derived-data-unthinned/Build/Intermediates.noindex/vino_iPhone.build/Debug-iphonesimulator/vino_iPhone.build/灵眼GX-generated-files.hmap (in target 'vino_iPhone' from project 'vino_iPhone')
    cd /Users/cengcheng/Documents/GitHub/vino/vino_iPhone
    write-file /Users/cengcheng/Documents/GitHub/vino/docs/1.0.0/qa/evidence/derived-data-unthinned/Build/Intermediates.noindex/vino_iPhone.build/Debug-iphonesimulator/vino_iPhone.build/灵眼GX-generated-files.hmap

WriteAuxiliaryFile /Users/cengcheng/Documents/GitHub/vino/docs/1.0.0/qa/evidence/derived-data-unthinned/Build/Intermediates.noindex/vino_iPhone.build/Debug-iphonesimulator/vino_iPhone.build/灵眼GX-DebugDylibPath-normal-x86_64.txt (in target 'vino_iPhone' from project 'vino_iPhone')
    cd /Users/cengcheng/Documents/GitHub/vino/vino_iPhone
    write-file /Users/cengcheng/Documents/GitHub/vino/docs/1.0.0/qa/evidence/derived-data-unthinned/Build/Intermediates.noindex/vino_iPhone.build/Debug-iphonesimulator/vino_iPhone.build/灵眼GX-DebugDylibPath-normal-x86_64.txt

WriteAuxiliaryFile /Users/cengcheng/Documents/GitHub/vino/docs/1.0.0/qa/evidence/derived-data-unthinned/Build/Intermediates.noindex/vino_iPhone.build/Debug-iphonesimulator/vino_iPhone.build/灵眼GX-DebugDylibPath-normal-arm64.txt (in target 'vino_iPhone' from project 'vino_iPhone')
    cd /Users/cengcheng/Documents/GitHub/vino/vino_iPhone
    write-file /Users/cengcheng/Documents/GitHub/vino/docs/1.0.0/qa/evidence/derived-data-unthinned/Build/Intermediates.noindex/vino_iPhone.build/Debug-iphonesimulator/vino_iPhone.build/灵眼GX-DebugDylibPath-normal-arm64.txt

WriteAuxiliaryFile /Users/cengcheng/Documents/GitHub/vino/docs/1.0.0/qa/evidence/derived-data-unthinned/Build/Intermediates.noindex/vino_iPhone.build/Debug-iphonesimulator/vino_iPhone.build/灵眼GX-DebugDylibInstallName-normal-x86_64.txt (in target 'vino_iPhone' from project 'vino_iPhone')
    cd /Users/cengcheng/Documents/GitHub/vino/vino_iPhone
    write-file /Users/cengcheng/Documents/GitHub/vino/docs/1.0.0/qa/evidence/derived-data-unthinned/Build/Intermediates.noindex/vino_iPhone.build/Debug-iphonesimulator/vino_iPhone.build/灵眼GX-DebugDylibInstallName-normal-x86_64.txt

WriteAuxiliaryFile /Users/cengcheng/Documents/GitHub/vino/docs/1.0.0/qa/evidence/derived-data-unthinned/Build/Intermediates.noindex/vino_iPhone.build/Debug-iphonesimulator/vino_iPhone.build/灵眼GX-DebugDylibInstallName-normal-arm64.txt (in target 'vino_iPhone' from project 'vino_iPhone')
    cd /Users/cengcheng/Documents/GitHub/vino/vino_iPhone
    write-file /Users/cengcheng/Documents/GitHub/vino/docs/1.0.0/qa/evidence/derived-data-unthinned/Build/Intermediates.noindex/vino_iPhone.build/Debug-iphonesimulator/vino_iPhone.build/灵眼GX-DebugDylibInstallName-normal-arm64.txt

WriteAuxiliaryFile /Users/cengcheng/Documents/GitHub/vino/docs/1.0.0/qa/evidence/derived-data-unthinned/Build/Intermediates.noindex/vino_iPhone.build/Debug-iphonesimulator/vino_iPhone.build/Objects-normal/x86_64/灵眼GX.SwiftFileList (in target 'vino_iPhone' from project 'vino_iPhone')
    cd /Users/cengcheng/Documents/GitHub/vino/vino_iPhone
    write-file /Users/cengcheng/Documents/GitHub/vino/docs/1.0.0/qa/evidence/derived-data-unthinned/Build/Intermediates.noindex/vino_iPhone.build/Debug-iphonesimulator/vino_iPhone.build/Objects-normal/x86_64/灵眼GX.SwiftFileList

WriteAuxiliaryFile /Users/cengcheng/Documents/GitHub/vino/docs/1.0.0/qa/evidence/derived-data-unthinned/Build/Intermediates.noindex/vino_iPhone.build/Debug-iphonesimulator/vino_iPhone.build/Objects-normal/x86_64/灵眼GX.SwiftConstValuesFileList (in target 'vino_iPhone' from project 'vino_iPhone')
    cd /Users/cengcheng/Documents/GitHub/vino/vino_iPhone
    write-file /Users/cengcheng/Documents/GitHub/vino/docs/1.0.0/qa/evidence/derived-data-unthinned/Build/Intermediates.noindex/vino_iPhone.build/Debug-iphonesimulator/vino_iPhone.build/Objects-normal/x86_64/灵眼GX.SwiftConstValuesFileList

WriteAuxiliaryFile /Users/cengcheng/Documents/GitHub/vino/docs/1.0.0/qa/evidence/derived-data-unthinned/Build/Intermediates.noindex/vino_iPhone.build/Debug-iphonesimulator/vino_iPhone.build/Objects-normal/x86_64/灵眼GX.LinkFileList (in target 'vino_iPhone' from project 'vino_iPhone')
    cd /Users/cengcheng/Documents/GitHub/vino/vino_iPhone
    write-file /Users/cengcheng/Documents/GitHub/vino/docs/1.0.0/qa/evidence/derived-data-unthinned/Build/Intermediates.noindex/vino_iPhone.build/Debug-iphonesimulator/vino_iPhone.build/Objects-normal/x86_64/灵眼GX.LinkFileList

WriteAuxiliaryFile /Users/cengcheng/Documents/GitHub/vino/docs/1.0.0/qa/evidence/derived-data-unthinned/Build/Intermediates.noindex/vino_iPhone.build/Debug-iphonesimulator/vino_iPhone.build/Objects-normal/x86_64/vino_iPhone_const_extract_protocols.json (in target 'vino_iPhone' from project 'vino_iPhone')
    cd /Users/cengcheng/Documents/GitHub/vino/vino_iPhone
    write-file /Users/cengcheng/Documents/GitHub/vino/docs/1.0.0/qa/evidence/derived-data-unthinned/Build/Intermediates.noindex/vino_iPhone.build/Debug-iphonesimulator/vino_iPhone.build/Objects-normal/x86_64/vino_iPhone_const_extract_protocols.json

WriteAuxiliaryFile /Users/cengcheng/Documents/GitHub/vino/docs/1.0.0/qa/evidence/derived-data-unthinned/Build/Intermediates.noindex/vino_iPhone.build/Debug-iphonesimulator/vino_iPhone.build/Objects-normal/x86_64/vino_iPhone-OutputFileMap.json (in target 'vino_iPhone' from project 'vino_iPhone')
    cd /Users/cengcheng/Documents/GitHub/vino/vino_iPhone
    write-file /Users/cengcheng/Documents/GitHub/vino/docs/1.0.0/qa/evidence/derived-data-unthinned/Build/Intermediates.noindex/vino_iPhone.build/Debug-iphonesimulator/vino_iPhone.build/Objects-normal/x86_64/vino_iPhone-OutputFileMap.json

WriteAuxiliaryFile /Users/cengcheng/Documents/GitHub/vino/docs/1.0.0/qa/evidence/derived-data-unthinned/Build/Intermediates.noindex/vino_iPhone.build/Debug-iphonesimulator/vino_iPhone.build/Objects-normal/arm64/灵眼GX.SwiftConstValuesFileList (in target 'vino_iPhone' from project 'vino_iPhone')
    cd /Users/cengcheng/Documents/GitHub/vino/vino_iPhone
    write-file /Users/cengcheng/Documents/GitHub/vino/docs/1.0.0/qa/evidence/derived-data-unthinned/Build/Intermediates.noindex/vino_iPhone.build/Debug-iphonesimulator/vino_iPhone.build/Objects-normal/arm64/灵眼GX.SwiftConstValuesFileList

WriteAuxiliaryFile /Users/cengcheng/Documents/GitHub/vino/docs/1.0.0/qa/evidence/derived-data-unthinned/Build/Intermediates.noindex/vino_iPhone.build/Debug-iphonesimulator/vino_iPhone.build/Objects-normal/arm64/灵眼GX.SwiftFileList (in target 'vino_iPhone' from project 'vino_iPhone')
    cd /Users/cengcheng/Documents/GitHub/vino/vino_iPhone
    write-file /Users/cengcheng/Documents/GitHub/vino/docs/1.0.0/qa/evidence/derived-data-unthinned/Build/Intermediates.noindex/vino_iPhone.build/Debug-iphonesimulator/vino_iPhone.build/Objects-normal/arm64/灵眼GX.SwiftFileList

WriteAuxiliaryFile /Users/cengcheng/Documents/GitHub/vino/docs/1.0.0/qa/evidence/derived-data-unthinned/Build/Intermediates.noindex/vino_iPhone.build/Debug-iphonesimulator/vino_iPhone.build/Objects-normal/arm64/灵眼GX.LinkFileList (in target 'vino_iPhone' from project 'vino_iPhone')
    cd /Users/cengcheng/Documents/GitHub/vino/vino_iPhone
    write-file /Users/cengcheng/Documents/GitHub/vino/docs/1.0.0/qa/evidence/derived-data-unthinned/Build/Intermediates.noindex/vino_iPhone.build/Debug-iphonesimulator/vino_iPhone.build/Objects-normal/arm64/灵眼GX.LinkFileList

WriteAuxiliaryFile /Users/cengcheng/Documents/GitHub/vino/docs/1.0.0/qa/evidence/derived-data-unthinned/Build/Intermediates.noindex/vino_iPhone.build/Debug-iphonesimulator/vino_iPhone.build/Objects-normal/arm64/vino_iPhone_const_extract_protocols.json (in target 'vino_iPhone' from project 'vino_iPhone')
    cd /Users/cengcheng/Documents/GitHub/vino/vino_iPhone
    write-file /Users/cengcheng/Documents/GitHub/vino/docs/1.0.0/qa/evidence/derived-data-unthinned/Build/Intermediates.noindex/vino_iPhone.build/Debug-iphonesimulator/vino_iPhone.build/Objects-normal/arm64/vino_iPhone_const_extract_protocols.json

WriteAuxiliaryFile /Users/cengcheng/Documents/GitHub/vino/docs/1.0.0/qa/evidence/derived-data-unthinned/Build/Intermediates.noindex/vino_iPhone.build/Debug-iphonesimulator/vino_iPhone.build/Objects-normal/arm64/vino_iPhone-OutputFileMap.json (in target 'vino_iPhone' from project 'vino_iPhone')
    cd /Users/cengcheng/Documents/GitHub/vino/vino_iPhone
    write-file /Users/cengcheng/Documents/GitHub/vino/docs/1.0.0/qa/evidence/derived-data-unthinned/Build/Intermediates.noindex/vino_iPhone.build/Debug-iphonesimulator/vino_iPhone.build/Objects-normal/arm64/vino_iPhone-OutputFileMap.json

MkDir /Users/cengcheng/Documents/GitHub/vino/docs/1.0.0/qa/evidence/derived-data-unthinned/Build/Products/Debug-iphonesimulator/灵眼GX.app (in target 'vino_iPhone' from project 'vino_iPhone')
    cd /Users/cengcheng/Documents/GitHub/vino/vino_iPhone
    /bin/mkdir -p /Users/cengcheng/Documents/GitHub/vino/docs/1.0.0/qa/evidence/derived-data-unthinned/Build/Products/Debug-iphonesimulator/灵眼GX.app

CpResource /Users/cengcheng/Documents/GitHub/vino/docs/1.0.0/qa/evidence/derived-data-unthinned/Build/Products/Debug-iphonesimulator/灵眼GX.app/models /Users/cengcheng/Documents/GitHub/vino/models (in target 'vino_iPhone' from project 'vino_iPhone')
    cd /Users/cengcheng/Documents/GitHub/vino/vino_iPhone
    builtin-copy -exclude .DS_Store -exclude CVS -exclude .svn -exclude .git -exclude .hg -resolve-src-symlinks /Users/cengcheng/Documents/GitHub/vino/models /Users/cengcheng/Documents/GitHub/vino/docs/1.0.0/qa/evidence/derived-data-unthinned/Build/Products/Debug-iphonesimulator/灵眼GX.app

CompileAssetCatalog /Users/cengcheng/Documents/GitHub/vino/docs/1.0.0/qa/evidence/derived-data-unthinned/Build/Products/Debug-iphonesimulator/灵眼GX.app /Users/cengcheng/Documents/GitHub/vino/vino_iPhone/AppHost/Assets.xcassets (in target 'vino_iPhone' from project 'vino_iPhone')
    cd /Users/cengcheng/Documents/GitHub/vino/vino_iPhone
    /Applications/Xcode.app/Contents/Developer/usr/bin/actool --output-format human-readable-text --notices --warnings --export-dependency-info /Users/cengcheng/Documents/GitHub/vino/docs/1.0.0/qa/evidence/derived-data-unthinned/Build/Intermediates.noindex/vino_iPhone.build/Debug-iphonesimulator/vino_iPhone.build/assetcatalog_dependencies --output-partial-info-plist /Users/cengcheng/Documents/GitHub/vino/docs/1.0.0/qa/evidence/derived-data-unthinned/Build/Intermediates.noindex/vino_iPhone.build/Debug-iphonesimulator/vino_iPhone.build/assetcatalog_generated_info.plist --app-icon AppIcon --include-all-app-icons --accent-color AccentColor --compress-pngs --enable-on-demand-resources YES --development-region en --target-device iphone --minimum-deployment-target 17.6 --platform iphonesimulator --compile /Users/cengcheng/Documents/GitHub/vino/docs/1.0.0/qa/evidence/derived-data-unthinned/Build/Products/Debug-iphonesimulator/灵眼GX.app /Users/cengcheng/Documents/GitHub/vino/vino_iPhone/AppHost/Assets.xcassets
/* com.apple.actool.compilation-results */
/Users/cengcheng/Documents/GitHub/vino/docs/1.0.0/qa/evidence/derived-data-unthinned/Build/Intermediates.noindex/vino_iPhone.build/Debug-iphonesimulator/vino_iPhone.build/assetcatalog_generated_info.plist
/Users/cengcheng/Documents/GitHub/vino/docs/1.0.0/qa/evidence/derived-data-unthinned/Build/Products/Debug-iphonesimulator/灵眼GX.app/AppIcon60x60@2x.png
/Users/cengcheng/Documents/GitHub/vino/docs/1.0.0/qa/evidence/derived-data-unthinned/Build/Products/Debug-iphonesimulator/灵眼GX.app/Assets.car


GenerateAssetSymbols /Users/cengcheng/Documents/GitHub/vino/vino_iPhone/AppHost/Assets.xcassets (in target 'vino_iPhone' from project 'vino_iPhone')
    cd /Users/cengcheng/Documents/GitHub/vino/vino_iPhone
    /Applications/Xcode.app/Contents/Developer/usr/bin/actool --output-format human-readable-text --notices --warnings --export-dependency-info /Users/cengcheng/Documents/GitHub/vino/docs/1.0.0/qa/evidence/derived-data-unthinned/Build/Intermediates.noindex/vino_iPhone.build/Debug-iphonesimulator/vino_iPhone.build/assetcatalog_dependencies --output-partial-info-plist /Users/cengcheng/Documents/GitHub/vino/docs/1.0.0/qa/evidence/derived-data-unthinned/Build/Intermediates.noindex/vino_iPhone.build/Debug-iphonesimulator/vino_iPhone.build/assetcatalog_generated_info.plist --app-icon AppIcon --include-all-app-icons --accent-color AccentColor --compress-pngs --enable-on-demand-resources YES --development-region en --target-device iphone --minimum-deployment-target 17.6 --platform iphonesimulator --compile /Users/cengcheng/Documents/GitHub/vino/docs/1.0.0/qa/evidence/derived-data-unthinned/Build/Products/Debug-iphonesimulator/灵眼GX.app /Users/cengcheng/Documents/GitHub/vino/vino_iPhone/AppHost/Assets.xcassets --bundle-identifier cc.vino.iphone --generate-swift-asset-symbols /Users/cengcheng/Documents/GitHub/vino/docs/1.0.0/qa/evidence/derived-data-unthinned/Build/Intermediates.noindex/vino_iPhone.build/Debug-iphonesimulator/vino_iPhone.build/DerivedSources/GeneratedAssetSymbols.swift --generate-objc-asset-symbols /Users/cengcheng/Documents/GitHub/vino/docs/1.0.0/qa/evidence/derived-data-unthinned/Build/Intermediates.noindex/vino_iPhone.build/Debug-iphonesimulator/vino_iPhone.build/DerivedSources/GeneratedAssetSymbols.h --generate-asset-symbol-index /Users/cengcheng/Documents/GitHub/vino/docs/1.0.0/qa/evidence/derived-data-unthinned/Build/Intermediates.noindex/vino_iPhone.build/Debug-iphonesimulator/vino_iPhone.build/DerivedSources/GeneratedAssetSymbols-Index.plist
/* com.apple.actool.compilation-results */
/Users/cengcheng/Documents/GitHub/vino/docs/1.0.0/qa/evidence/derived-data-unthinned/Build/Intermediates.noindex/vino_iPhone.build/Debug-iphonesimulator/vino_iPhone.build/DerivedSources/GeneratedAssetSymbols-Index.plist
/Users/cengcheng/Documents/GitHub/vino/docs/1.0.0/qa/evidence/derived-data-unthinned/Build/Intermediates.noindex/vino_iPhone.build/Debug-iphonesimulator/vino_iPhone.build/DerivedSources/GeneratedAssetSymbols.h
/Users/cengcheng/Documents/GitHub/vino/docs/1.0.0/qa/evidence/derived-data-unthinned/Build/Intermediates.noindex/vino_iPhone.build/Debug-iphonesimulator/vino_iPhone.build/DerivedSources/GeneratedAssetSymbols.swift


Ld /Users/cengcheng/Documents/GitHub/vino/docs/1.0.0/qa/evidence/derived-data-unthinned/Build/Intermediates.noindex/vino_iPhone.build/Debug-iphonesimulator/vino_iPhone.build/Objects-normal/arm64/Binary/__preview.dylib normal arm64 (in target 'vino_iPhone' from project 'vino_iPhone')
    cd /Users/cengcheng/Documents/GitHub/vino/vino_iPhone
    /Applications/Xcode.app/Contents/Developer/Toolchains/XcodeDefault.xctoolchain/usr/bin/clang -Xlinker -reproducible -target arm64-apple-ios17.6-simulator -dynamiclib -isysroot /Applications/Xcode.app/Contents/Developer/Platforms/iPhoneSimulator.platform/Developer/SDKs/iPhoneSimulator18.2.sdk -O0 -L/Users/cengcheng/Documents/GitHub/vino/docs/1.0.0/qa/evidence/derived-data-unthinned/Build/Products/Debug-iphonesimulator -F/Users/cengcheng/Documents/GitHub/vino/docs/1.0.0/qa/evidence/derived-data-unthinned/Build/Products/Debug-iphonesimulator -install_name @rpath/灵眼GX.debug.dylib -dead_strip -Xlinker -export_dynamic -Xlinker -no_deduplicate -Xlinker -objc_abi_version -Xlinker 2 -o /Users/cengcheng/Documents/GitHub/vino/docs/1.0.0/qa/evidence/derived-data-unthinned/Build/Intermediates.noindex/vino_iPhone.build/Debug-iphonesimulator/vino_iPhone.build/Objects-normal/arm64/Binary/__preview.dylib

Ld /Users/cengcheng/Documents/GitHub/vino/docs/1.0.0/qa/evidence/derived-data-unthinned/Build/Intermediates.noindex/vino_iPhone.build/Debug-iphonesimulator/vino_iPhone.build/Objects-normal/x86_64/Binary/__preview.dylib normal x86_64 (in target 'vino_iPhone' from project 'vino_iPhone')
    cd /Users/cengcheng/Documents/GitHub/vino/vino_iPhone
    /Applications/Xcode.app/Contents/Developer/Toolchains/XcodeDefault.xctoolchain/usr/bin/clang -Xlinker -reproducible -target x86_64-apple-ios17.6-simulator -dynamiclib -isysroot /Applications/Xcode.app/Contents/Developer/Platforms/iPhoneSimulator.platform/Developer/SDKs/iPhoneSimulator18.2.sdk -O0 -L/Users/cengcheng/Documents/GitHub/vino/docs/1.0.0/qa/evidence/derived-data-unthinned/Build/Products/Debug-iphonesimulator -F/Users/cengcheng/Documents/GitHub/vino/docs/1.0.0/qa/evidence/derived-data-unthinned/Build/Products/Debug-iphonesimulator -install_name @rpath/灵眼GX.debug.dylib -dead_strip -Xlinker -export_dynamic -Xlinker -no_deduplicate -Xlinker -objc_abi_version -Xlinker 2 -o /Users/cengcheng/Documents/GitHub/vino/docs/1.0.0/qa/evidence/derived-data-unthinned/Build/Intermediates.noindex/vino_iPhone.build/Debug-iphonesimulator/vino_iPhone.build/Objects-normal/x86_64/Binary/__preview.dylib

CreateUniversalBinary /Users/cengcheng/Documents/GitHub/vino/docs/1.0.0/qa/evidence/derived-data-unthinned/Build/Products/Debug-iphonesimulator/灵眼GX.app/__preview.dylib normal arm64\ x86_64 (in target 'vino_iPhone' from project 'vino_iPhone')
    cd /Users/cengcheng/Documents/GitHub/vino/vino_iPhone
    /Applications/Xcode.app/Contents/Developer/Toolchains/XcodeDefault.xctoolchain/usr/bin/lipo -create /Users/cengcheng/Documents/GitHub/vino/docs/1.0.0/qa/evidence/derived-data-unthinned/Build/Intermediates.noindex/vino_iPhone.build/Debug-iphonesimulator/vino_iPhone.build/Objects-normal/arm64/Binary/__preview.dylib /Users/cengcheng/Documents/GitHub/vino/docs/1.0.0/qa/evidence/derived-data-unthinned/Build/Intermediates.noindex/vino_iPhone.build/Debug-iphonesimulator/vino_iPhone.build/Objects-normal/x86_64/Binary/__preview.dylib -output /Users/cengcheng/Documents/GitHub/vino/docs/1.0.0/qa/evidence/derived-data-unthinned/Build/Products/Debug-iphonesimulator/灵眼GX.app/__preview.dylib

ProcessInfoPlistFile /Users/cengcheng/Documents/GitHub/vino/docs/1.0.0/qa/evidence/derived-data-unthinned/Build/Products/Debug-iphonesimulator/灵眼GX.app/Info.plist /Users/cengcheng/Documents/GitHub/vino/vino_iPhone/AppHost/Info.plist (in target 'vino_iPhone' from project 'vino_iPhone')
    cd /Users/cengcheng/Documents/GitHub/vino/vino_iPhone
    builtin-infoPlistUtility /Users/cengcheng/Documents/GitHub/vino/vino_iPhone/AppHost/Info.plist -producttype com.apple.product-type.application -genpkginfo /Users/cengcheng/Documents/GitHub/vino/docs/1.0.0/qa/evidence/derived-data-unthinned/Build/Products/Debug-iphonesimulator/灵眼GX.app/PkgInfo -expandbuildsettings -format binary -platform iphonesimulator -additionalcontentfile /Users/cengcheng/Documents/GitHub/vino/docs/1.0.0/qa/evidence/derived-data-unthinned/Build/Intermediates.noindex/vino_iPhone.build/Debug-iphonesimulator/vino_iPhone.build/assetcatalog_generated_info.plist -o /Users/cengcheng/Documents/GitHub/vino/docs/1.0.0/qa/evidence/derived-data-unthinned/Build/Products/Debug-iphonesimulator/灵眼GX.app/Info.plist

SwiftDriver vino_iPhone normal arm64 com.apple.xcode.tools.swift.compiler (in target 'vino_iPhone' from project 'vino_iPhone')
    cd /Users/cengcheng/Documents/GitHub/vino/vino_iPhone
    builtin-SwiftDriver -- /Applications/Xcode.app/Contents/Developer/Toolchains/XcodeDefault.xctoolchain/usr/bin/swiftc -module-name vino_iPhone -Onone -enforce-exclusivity\=checked @/Users/cengcheng/Documents/GitHub/vino/docs/1.0.0/qa/evidence/derived-data-unthinned/Build/Intermediates.noindex/vino_iPhone.build/Debug-iphonesimulator/vino_iPhone.build/Objects-normal/arm64/灵眼GX.SwiftFileList -DDEBUG -enable-bare-slash-regex -enable-experimental-feature DebugDescriptionMacro -sdk /Applications/Xcode.app/Contents/Developer/Platforms/iPhoneSimulator.platform/Developer/SDKs/iPhoneSimulator18.2.sdk -target arm64-apple-ios17.6-simulator -g -module-cache-path /Users/cengcheng/Documents/GitHub/vino/docs/1.0.0/qa/evidence/derived-data-unthinned/ModuleCache.noindex -Xfrontend -serialize-debugging-options -enable-testing -index-store-path /Users/cengcheng/Documents/GitHub/vino/docs/1.0.0/qa/evidence/derived-data-unthinned/Index.noindex/DataStore -enable-experimental-feature OpaqueTypeErasure -Xcc -D_LIBCPP_HARDENING_MODE\=_LIBCPP_HARDENING_MODE_DEBUG -swift-version 5 -I /Users/cengcheng/Documents/GitHub/vino/docs/1.0.0/qa/evidence/derived-data-unthinned/Build/Products/Debug-iphonesimulator -F /Users/cengcheng/Documents/GitHub/vino/docs/1.0.0/qa/evidence/derived-data-unthinned/Build/Products/Debug-iphonesimulator -emit-localized-strings -emit-localized-strings-path /Users/cengcheng/Documents/GitHub/vino/docs/1.0.0/qa/evidence/derived-data-unthinned/Build/Intermediates.noindex/vino_iPhone.build/Debug-iphonesimulator/vino_iPhone.build/Objects-normal/arm64 -c -j10 -enable-batch-mode -incremental -Xcc -ivfsstatcache -Xcc /Users/cengcheng/Documents/GitHub/vino/docs/1.0.0/qa/evidence/derived-data-unthinned/SDKStatCaches.noindex/iphonesimulator18.2-22C146-07b28473f605e47e75261259d3ef3b5a.sdkstatcache -output-file-map /Users/cengcheng/Documents/GitHub/vino/docs/1.0.0/qa/evidence/derived-data-unthinned/Build/Intermediates.noindex/vino_iPhone.build/Debug-iphonesimulator/vino_iPhone.build/Objects-normal/arm64/vino_iPhone-OutputFileMap.json -use-frontend-parseable-output -save-temps -no-color-diagnostics -serialize-diagnostics -emit-dependencies -emit-module -emit-module-path /Users/cengcheng/Documents/GitHub/vino/docs/1.0.0/qa/evidence/derived-data-unthinned/Build/Intermediates.noindex/vino_iPhone.build/Debug-iphonesimulator/vino_iPhone.build/Objects-normal/arm64/vino_iPhone.swiftmodule -validate-clang-modules-once -clang-build-session-file /Users/cengcheng/Documents/GitHub/vino/docs/1.0.0/qa/evidence/derived-data-unthinned/ModuleCache.noindex/Session.modulevalidation -Xcc -I/Users/cengcheng/Documents/GitHub/vino/docs/1.0.0/qa/evidence/derived-data-unthinned/Build/Intermediates.noindex/vino_iPhone.build/Debug-iphonesimulator/vino_iPhone.build/swift-overrides.hmap -emit-const-values -Xfrontend -const-gather-protocols-file -Xfrontend /Users/cengcheng/Documents/GitHub/vino/docs/1.0.0/qa/evidence/derived-data-unthinned/Build/Intermediates.noindex/vino_iPhone.build/Debug-iphonesimulator/vino_iPhone.build/Objects-normal/arm64/vino_iPhone_const_extract_protocols.json -Xcc -iquote -Xcc /Users/cengcheng/Documents/GitHub/vino/docs/1.0.0/qa/evidence/derived-data-unthinned/Build/Intermediates.noindex/vino_iPhone.build/Debug-iphonesimulator/vino_iPhone.build/灵眼GX-generated-files.hmap -Xcc -I/Users/cengcheng/Documents/GitHub/vino/docs/1.0.0/qa/evidence/derived-data-unthinned/Build/Intermediates.noindex/vino_iPhone.build/Debug-iphonesimulator/vino_iPhone.build/灵眼GX-own-target-headers.hmap -Xcc -I/Users/cengcheng/Documents/GitHub/vino/docs/1.0.0/qa/evidence/derived-data-unthinned/Build/Intermediates.noindex/vino_iPhone.build/Debug-iphonesimulator/vino_iPhone.build/灵眼GX-all-target-headers.hmap -Xcc -iquote -Xcc /Users/cengcheng/Documents/GitHub/vino/docs/1.0.0/qa/evidence/derived-data-unthinned/Build/Intermediates.noindex/vino_iPhone.build/Debug-iphonesimulator/vino_iPhone.build/灵眼GX-project-headers.hmap -Xcc -I/Users/cengcheng/Documents/GitHub/vino/docs/1.0.0/qa/evidence/derived-data-unthinned/Build/Products/Debug-iphonesimulator/include -Xcc -I/Users/cengcheng/Documents/GitHub/vino/docs/1.0.0/qa/evidence/derived-data-unthinned/Build/Intermediates.noindex/vino_iPhone.build/Debug-iphonesimulator/vino_iPhone.build/DerivedSources-normal/arm64 -Xcc -I/Users/cengcheng/Documents/GitHub/vino/docs/1.0.0/qa/evidence/derived-data-unthinned/Build/Intermediates.noindex/vino_iPhone.build/Debug-iphonesimulator/vino_iPhone.build/DerivedSources/arm64 -Xcc -I/Users/cengcheng/Documents/GitHub/vino/docs/1.0.0/qa/evidence/derived-data-unthinned/Build/Intermediates.noindex/vino_iPhone.build/Debug-iphonesimulator/vino_iPhone.build/DerivedSources -Xcc -DDEBUG\=1 -emit-objc-header -emit-objc-header-path /Users/cengcheng/Documents/GitHub/vino/docs/1.0.0/qa/evidence/derived-data-unthinned/Build/Intermediates.noindex/vino_iPhone.build/Debug-iphonesimulator/vino_iPhone.build/Objects-normal/arm64/vino_iPhone-Swift.h -working-directory /Users/cengcheng/Documents/GitHub/vino/vino_iPhone -experimental-emit-module-separately -disable-cmo

SwiftDriver vino_iPhone normal x86_64 com.apple.xcode.tools.swift.compiler (in target 'vino_iPhone' from project 'vino_iPhone')
    cd /Users/cengcheng/Documents/GitHub/vino/vino_iPhone
    builtin-SwiftDriver -- /Applications/Xcode.app/Contents/Developer/Toolchains/XcodeDefault.xctoolchain/usr/bin/swiftc -module-name vino_iPhone -Onone -enforce-exclusivity\=checked @/Users/cengcheng/Documents/GitHub/vino/docs/1.0.0/qa/evidence/derived-data-unthinned/Build/Intermediates.noindex/vino_iPhone.build/Debug-iphonesimulator/vino_iPhone.build/Objects-normal/x86_64/灵眼GX.SwiftFileList -DDEBUG -enable-bare-slash-regex -enable-experimental-feature DebugDescriptionMacro -sdk /Applications/Xcode.app/Contents/Developer/Platforms/iPhoneSimulator.platform/Developer/SDKs/iPhoneSimulator18.2.sdk -target x86_64-apple-ios17.6-simulator -g -module-cache-path /Users/cengcheng/Documents/GitHub/vino/docs/1.0.0/qa/evidence/derived-data-unthinned/ModuleCache.noindex -Xfrontend -serialize-debugging-options -enable-testing -index-store-path /Users/cengcheng/Documents/GitHub/vino/docs/1.0.0/qa/evidence/derived-data-unthinned/Index.noindex/DataStore -enable-experimental-feature OpaqueTypeErasure -Xcc -D_LIBCPP_HARDENING_MODE\=_LIBCPP_HARDENING_MODE_DEBUG -swift-version 5 -I /Users/cengcheng/Documents/GitHub/vino/docs/1.0.0/qa/evidence/derived-data-unthinned/Build/Products/Debug-iphonesimulator -F /Users/cengcheng/Documents/GitHub/vino/docs/1.0.0/qa/evidence/derived-data-unthinned/Build/Products/Debug-iphonesimulator -emit-localized-strings -emit-localized-strings-path /Users/cengcheng/Documents/GitHub/vino/docs/1.0.0/qa/evidence/derived-data-unthinned/Build/Intermediates.noindex/vino_iPhone.build/Debug-iphonesimulator/vino_iPhone.build/Objects-normal/x86_64 -c -j10 -enable-batch-mode -incremental -Xcc -ivfsstatcache -Xcc /Users/cengcheng/Documents/GitHub/vino/docs/1.0.0/qa/evidence/derived-data-unthinned/SDKStatCaches.noindex/iphonesimulator18.2-22C146-07b28473f605e47e75261259d3ef3b5a.sdkstatcache -output-file-map /Users/cengcheng/Documents/GitHub/vino/docs/1.0.0/qa/evidence/derived-data-unthinned/Build/Intermediates.noindex/vino_iPhone.build/Debug-iphonesimulator/vino_iPhone.build/Objects-normal/x86_64/vino_iPhone-OutputFileMap.json -use-frontend-parseable-output -save-temps -no-color-diagnostics -serialize-diagnostics -emit-dependencies -emit-module -emit-module-path /Users/cengcheng/Documents/GitHub/vino/docs/1.0.0/qa/evidence/derived-data-unthinned/Build/Intermediates.noindex/vino_iPhone.build/Debug-iphonesimulator/vino_iPhone.build/Objects-normal/x86_64/vino_iPhone.swiftmodule -validate-clang-modules-once -clang-build-session-file /Users/cengcheng/Documents/GitHub/vino/docs/1.0.0/qa/evidence/derived-data-unthinned/ModuleCache.noindex/Session.modulevalidation -Xcc -I/Users/cengcheng/Documents/GitHub/vino/docs/1.0.0/qa/evidence/derived-data-unthinned/Build/Intermediates.noindex/vino_iPhone.build/Debug-iphonesimulator/vino_iPhone.build/swift-overrides.hmap -emit-const-values -Xfrontend -const-gather-protocols-file -Xfrontend /Users/cengcheng/Documents/GitHub/vino/docs/1.0.0/qa/evidence/derived-data-unthinned/Build/Intermediates.noindex/vino_iPhone.build/Debug-iphonesimulator/vino_iPhone.build/Objects-normal/x86_64/vino_iPhone_const_extract_protocols.json -Xcc -iquote -Xcc /Users/cengcheng/Documents/GitHub/vino/docs/1.0.0/qa/evidence/derived-data-unthinned/Build/Intermediates.noindex/vino_iPhone.build/Debug-iphonesimulator/vino_iPhone.build/灵眼GX-generated-files.hmap -Xcc -I/Users/cengcheng/Documents/GitHub/vino/docs/1.0.0/qa/evidence/derived-data-unthinned/Build/Intermediates.noindex/vino_iPhone.build/Debug-iphonesimulator/vino_iPhone.build/灵眼GX-own-target-headers.hmap -Xcc -I/Users/cengcheng/Documents/GitHub/vino/docs/1.0.0/qa/evidence/derived-data-unthinned/Build/Intermediates.noindex/vino_iPhone.build/Debug-iphonesimulator/vino_iPhone.build/灵眼GX-all-target-headers.hmap -Xcc -iquote -Xcc /Users/cengcheng/Documents/GitHub/vino/docs/1.0.0/qa/evidence/derived-data-unthinned/Build/Intermediates.noindex/vino_iPhone.build/Debug-iphonesimulator/vino_iPhone.build/灵眼GX-project-headers.hmap -Xcc -I/Users/cengcheng/Documents/GitHub/vino/docs/1.0.0/qa/evidence/derived-data-unthinned/Build/Products/Debug-iphonesimulator/include -Xcc -I/Users/cengcheng/Documents/GitHub/vino/docs/1.0.0/qa/evidence/derived-data-unthinned/Build/Intermediates.noindex/vino_iPhone.build/Debug-iphonesimulator/vino_iPhone.build/DerivedSources-normal/x86_64 -Xcc -I/Users/cengcheng/Documents/GitHub/vino/docs/1.0.0/qa/evidence/derived-data-unthinned/Build/Intermediates.noindex/vino_iPhone.build/Debug-iphonesimulator/vino_iPhone.build/DerivedSources/x86_64 -Xcc -I/Users/cengcheng/Documents/GitHub/vino/docs/1.0.0/qa/evidence/derived-data-unthinned/Build/Intermediates.noindex/vino_iPhone.build/Debug-iphonesimulator/vino_iPhone.build/DerivedSources -Xcc -DDEBUG\=1 -emit-objc-header -emit-objc-header-path /Users/cengcheng/Documents/GitHub/vino/docs/1.0.0/qa/evidence/derived-data-unthinned/Build/Intermediates.noindex/vino_iPhone.build/Debug-iphonesimulator/vino_iPhone.build/Objects-normal/x86_64/vino_iPhone-Swift.h -working-directory /Users/cengcheng/Documents/GitHub/vino/vino_iPhone -experimental-emit-module-separately -disable-cmo

SwiftEmitModule normal arm64 Emitting\ module\ for\ vino_iPhone (in target 'vino_iPhone' from project 'vino_iPhone')
    cd /Users/cengcheng/Documents/GitHub/vino/vino_iPhone
    builtin-swiftTaskExecution -- /Applications/Xcode.app/Contents/Developer/Toolchains/XcodeDefault.xctoolchain/usr/bin/swift-frontend -frontend -emit-module -experimental-skip-non-inlinable-function-bodies-without-types /Users/cengcheng/Documents/GitHub/vino/vino_iPhone/AppHost/VinoPhoneApp.swift /Users/cengcheng/Documents/GitHub/vino/vino_iPhone/Sources/App/VinoPhoneShellView.swift /Users/cengcheng/Documents/GitHub/vino/vino_iPhone/Sources/Camera/CameraPreviewView.swift /Users/cengcheng/Documents/GitHub/vino/vino_iPhone/Sources/Camera/CameraSessionController.swift /Users/cengcheng/Documents/GitHub/vino/vino_iPhone/Sources/Inference/InferenceRuntime.swift /Users/cengcheng/Documents/GitHub/vino/vino_iPhone/Sources/Models/CoreMLCatalog.swift /Users/cengcheng/Documents/GitHub/vino/vino_iPhone/Sources/Models/InferenceModels.swift /Users/cengcheng/Documents/GitHub/vino/vino_iPhone/Sources/Models/ModelFileStore.swift /Users/cengcheng/Documents/GitHub/vino/vino_iPhone/Sources/Models/VinoAppState.swift /Users/cengcheng/Documents/GitHub/vino/vino_iPhone/Sources/Models/VinoTheme.swift /Users/cengcheng/Documents/GitHub/vino/vino_iPhone/Sources/Networking/ControlPlaneCoordinator.swift /Users/cengcheng/Documents/GitHub/vino/vino_iPhone/Sources/Networking/IPAddressMonitor.swift /Users/cengcheng/Documents/GitHub/vino/vino_iPhone/Sources/Networking/VinoProtocol.swift /Users/cengcheng/Documents/GitHub/vino/vino_iPhone/Sources/Overlay/CameraOverlayView.swift /Users/cengcheng/Documents/GitHub/vino/vino_iPhone/Sources/Overlay/InferenceResultsOverlayView.swift /Users/cengcheng/Documents/GitHub/vino/vino_iPhone/Sources/Auth/AuthModels.swift /Users/cengcheng/Documents/GitHub/vino/vino_iPhone/Sources/Auth/KeychainStore.swift /Users/cengcheng/Documents/GitHub/vino/vino_iPhone/Sources/Auth/AuthSessionStore.swift /Users/cengcheng/Documents/GitHub/vino/vino_iPhone/Sources/Auth/AuthService.swift /Users/cengcheng/Documents/GitHub/vino/vino_iPhone/Sources/Models/CloudModelCatalog.swift /Users/cengcheng/Documents/GitHub/vino/vino_iPhone/Sources/Models/ModelLicenseVerifier.swift /Users/cengcheng/Documents/GitHub/vino/vino_iPhone/Sources/Networking/AssetUploadService.swift /Users/cengcheng/Documents/GitHub/vino/vino_iPhone/Sources/Networking/CloudControlCoordinator.swift /Users/cengcheng/Documents/GitHub/vino/docs/1.0.0/qa/evidence/derived-data-unthinned/Build/Intermediates.noindex/vino_iPhone.build/Debug-iphonesimulator/vino_iPhone.build/DerivedSources/GeneratedAssetSymbols.swift -target arm64-apple-ios17.6-simulator -Xllvm -aarch64-use-tbi -enable-objc-interop -sdk /Applications/Xcode.app/Contents/Developer/Platforms/iPhoneSimulator.platform/Developer/SDKs/iPhoneSimulator18.2.sdk -I /Users/cengcheng/Documents/GitHub/vino/docs/1.0.0/qa/evidence/derived-data-unthinned/Build/Products/Debug-iphonesimulator -F /Users/cengcheng/Documents/GitHub/vino/docs/1.0.0/qa/evidence/derived-data-unthinned/Build/Products/Debug-iphonesimulator -no-color-diagnostics -enable-testing -g -debug-info-format\=dwarf -dwarf-version\=4 -module-cache-path /Users/cengcheng/Documents/GitHub/vino/docs/1.0.0/qa/evidence/derived-data-unthinned/ModuleCache.noindex -swift-version 5 -enforce-exclusivity\=checked -Onone -D DEBUG -serialize-debugging-options -const-gather-protocols-file /Users/cengcheng/Documents/GitHub/vino/docs/1.0.0/qa/evidence/derived-data-unthinned/Build/Intermediates.noindex/vino_iPhone.build/Debug-iphonesimulator/vino_iPhone.build/Objects-normal/arm64/vino_iPhone_const_extract_protocols.json -enable-experimental-feature DebugDescriptionMacro -enable-experimental-feature OpaqueTypeErasure -enable-bare-slash-regex -empty-abi-descriptor -validate-clang-modules-once -clang-build-session-file /Users/cengcheng/Documents/GitHub/vino/docs/1.0.0/qa/evidence/derived-data-unthinned/ModuleCache.noindex/Session.modulevalidation -Xcc -working-directory -Xcc /Users/cengcheng/Documents/GitHub/vino/vino_iPhone -resource-dir /Applications/Xcode.app/Contents/Developer/Toolchains/XcodeDefault.xctoolchain/usr/lib/swift -enable-anonymous-context-mangled-names -file-compilation-dir /Users/cengcheng/Documents/GitHub/vino/vino_iPhone -Xcc -D_LIBCPP_HARDENING_MODE\=_LIBCPP_HARDENING_MODE_DEBUG -Xcc -ivfsstatcache -Xcc /Users/cengcheng/Documents/GitHub/vino/docs/1.0.0/qa/evidence/derived-data-unthinned/SDKStatCaches.noindex/iphonesimulator18.2-22C146-07b28473f605e47e75261259d3ef3b5a.sdkstatcache -Xcc -I/Users/cengcheng/Documents/GitHub/vino/docs/1.0.0/qa/evidence/derived-data-unthinned/Build/Intermediates.noindex/vino_iPhone.build/Debug-iphonesimulator/vino_iPhone.build/swift-overrides.hmap -Xcc -iquote -Xcc /Users/cengcheng/Documents/GitHub/vino/docs/1.0.0/qa/evidence/derived-data-unthinned/Build/Intermediates.noindex/vino_iPhone.build/Debug-iphonesimulator/vino_iPhone.build/灵眼GX-generated-files.hmap -Xcc -I/Users/cengcheng/Documents/GitHub/vino/docs/1.0.0/qa/evidence/derived-data-unthinned/Build/Intermediates.noindex/vino_iPhone.build/Debug-iphonesimulator/vino_iPhone.build/灵眼GX-own-target-headers.hmap -Xcc -I/Users/cengcheng/Documents/GitHub/vino/docs/1.0.0/qa/evidence/derived-data-unthinned/Build/Intermediates.noindex/vino_iPhone.build/Debug-iphonesimulator/vino_iPhone.build/灵眼GX-all-target-headers.hmap -Xcc -iquote -Xcc /Users/cengcheng/Documents/GitHub/vino/docs/1.0.0/qa/evidence/derived-data-unthinned/Build/Intermediates.noindex/vino_iPhone.build/Debug-iphonesimulator/vino_iPhone.build/灵眼GX-project-headers.hmap -Xcc -I/Users/cengcheng/Documents/GitHub/vino/docs/1.0.0/qa/evidence/derived-data-unthinned/Build/Products/Debug-iphonesimulator/include -Xcc -I/Users/cengcheng/Documents/GitHub/vino/docs/1.0.0/qa/evidence/derived-data-unthinned/Build/Intermediates.noindex/vino_iPhone.build/Debug-iphonesimulator/vino_iPhone.build/DerivedSources-normal/arm64 -Xcc -I/Users/cengcheng/Documents/GitHub/vino/docs/1.0.0/qa/evidence/derived-data-unthinned/Build/Intermediates.noindex/vino_iPhone.build/Debug-iphonesimulator/vino_iPhone.build/DerivedSources/arm64 -Xcc -I/Users/cengcheng/Documents/GitHub/vino/docs/1.0.0/qa/evidence/derived-data-unthinned/Build/Intermediates.noindex/vino_iPhone.build/Debug-iphonesimulator/vino_iPhone.build/DerivedSources -Xcc -DDEBUG\=1 -module-name vino_iPhone -frontend-parseable-output -disable-clang-spi -target-sdk-version 18.2 -target-sdk-name iphonesimulator18.2 -external-plugin-path /Applications/Xcode.app/Contents/Developer/Platforms/iPhoneOS.platform/Developer/usr/lib/swift/host/plugins\#/Applications/Xcode.app/Contents/Developer/Platforms/iPhoneOS.platform/Developer/usr/bin/swift-plugin-server -external-plugin-path /Applications/Xcode.app/Contents/Developer/Platforms/iPhoneOS.platform/Developer/usr/local/lib/swift/host/plugins\#/Applications/Xcode.app/Contents/Developer/Platforms/iPhoneOS.platform/Developer/usr/bin/swift-plugin-server -plugin-path /Applications/Xcode.app/Contents/Developer/Toolchains/XcodeDefault.xctoolchain/usr/lib/swift/host/plugins -plugin-path /Applications/Xcode.app/Contents/Developer/Toolchains/XcodeDefault.xctoolchain/usr/local/lib/swift/host/plugins -emit-module-doc-path /Users/cengcheng/Documents/GitHub/vino/docs/1.0.0/qa/evidence/derived-data-unthinned/Build/Intermediates.noindex/vino_iPhone.build/Debug-iphonesimulator/vino_iPhone.build/Objects-normal/arm64/vino_iPhone.swiftdoc -emit-module-source-info-path /Users/cengcheng/Documents/GitHub/vino/docs/1.0.0/qa/evidence/derived-data-unthinned/Build/Intermediates.noindex/vino_iPhone.build/Debug-iphonesimulator/vino_iPhone.build/Objects-normal/arm64/vino_iPhone.swiftsourceinfo -emit-objc-header-path /Users/cengcheng/Documents/GitHub/vino/docs/1.0.0/qa/evidence/derived-data-unthinned/Build/Intermediates.noindex/vino_iPhone.build/Debug-iphonesimulator/vino_iPhone.build/Objects-normal/arm64/vino_iPhone-Swift.h -serialize-diagnostics-path /Users/cengcheng/Documents/GitHub/vino/docs/1.0.0/qa/evidence/derived-data-unthinned/Build/Intermediates.noindex/vino_iPhone.build/Debug-iphonesimulator/vino_iPhone.build/Objects-normal/arm64/vino_iPhone-master-emit-module.dia -emit-dependencies-path /Users/cengcheng/Documents/GitHub/vino/docs/1.0.0/qa/evidence/derived-data-unthinned/Build/Intermediates.noindex/vino_iPhone.build/Debug-iphonesimulator/vino_iPhone.build/Objects-normal/arm64/vino_iPhone-master-emit-module.d -o /Users/cengcheng/Documents/GitHub/vino/docs/1.0.0/qa/evidence/derived-data-unthinned/Build/Intermediates.noindex/vino_iPhone.build/Debug-iphonesimulator/vino_iPhone.build/Objects-normal/arm64/vino_iPhone.swiftmodule -emit-abi-descriptor-path /Users/cengcheng/Documents/GitHub/vino/docs/1.0.0/qa/evidence/derived-data-unthinned/Build/Intermediates.noindex/vino_iPhone.build/Debug-iphonesimulator/vino_iPhone.build/Objects-normal/arm64/vino_iPhone.abi.json

EmitSwiftModule normal arm64 (in target 'vino_iPhone' from project 'vino_iPhone')
    cd /Users/cengcheng/Documents/GitHub/vino/vino_iPhone
    /Applications/Xcode.app/Contents/Developer/Toolchains/XcodeDefault.xctoolchain/usr/bin/swift-frontend -emit-module -experimental-skip-non-inlinable-function-bodies-without-types /Users/cengcheng/Documents/GitHub/vino/vino_iPhone/AppHost/VinoPhoneApp.swift /Users/cengcheng/Documents/GitHub/vino/vino_iPhone/Sources/App/VinoPhoneShellView.swift /Users/cengcheng/Documents/GitHub/vino/vino_iPhone/Sources/Camera/CameraPreviewView.swift /Users/cengcheng/Documents/GitHub/vino/vino_iPhone/Sources/Camera/CameraSessionController.swift /Users/cengcheng/Documents/GitHub/vino/vino_iPhone/Sources/Inference/InferenceRuntime.swift /Users/cengcheng/Documents/GitHub/vino/vino_iPhone/Sources/Models/CoreMLCatalog.swift /Users/cengcheng/Documents/GitHub/vino/vino_iPhone/Sources/Models/InferenceModels.swift /Users/cengcheng/Documents/GitHub/vino/vino_iPhone/Sources/Models/ModelFileStore.swift /Users/cengcheng/Documents/GitHub/vino/vino_iPhone/Sources/Models/VinoAppState.swift /Users/cengcheng/Documents/GitHub/vino/vino_iPhone/Sources/Models/VinoTheme.swift /Users/cengcheng/Documents/GitHub/vino/vino_iPhone/Sources/Networking/ControlPlaneCoordinator.swift /Users/cengcheng/Documents/GitHub/vino/vino_iPhone/Sources/Networking/IPAddressMonitor.swift /Users/cengcheng/Documents/GitHub/vino/vino_iPhone/Sources/Networking/VinoProtocol.swift /Users/cengcheng/Documents/GitHub/vino/vino_iPhone/Sources/Overlay/CameraOverlayView.swift /Users/cengcheng/Documents/GitHub/vino/vino_iPhone/Sources/Overlay/InferenceResultsOverlayView.swift /Users/cengcheng/Documents/GitHub/vino/vino_iPhone/Sources/Auth/AuthModels.swift /Users/cengcheng/Documents/GitHub/vino/vino_iPhone/Sources/Auth/KeychainStore.swift /Users/cengcheng/Documents/GitHub/vino/vino_iPhone/Sources/Auth/AuthSessionStore.swift /Users/cengcheng/Documents/GitHub/vino/vino_iPhone/Sources/Auth/AuthService.swift /Users/cengcheng/Documents/GitHub/vino/vino_iPhone/Sources/Models/CloudModelCatalog.swift /Users/cengcheng/Documents/GitHub/vino/vino_iPhone/Sources/Models/ModelLicenseVerifier.swift /Users/cengcheng/Documents/GitHub/vino/vino_iPhone/Sources/Networking/AssetUploadService.swift /Users/cengcheng/Documents/GitHub/vino/vino_iPhone/Sources/Networking/CloudControlCoordinator.swift /Users/cengcheng/Documents/GitHub/vino/docs/1.0.0/qa/evidence/derived-data-unthinned/Build/Intermediates.noindex/vino_iPhone.build/Debug-iphonesimulator/vino_iPhone.build/DerivedSources/GeneratedAssetSymbols.swift -target arm64-apple-ios17.6-simulator -Xllvm -aarch64-use-tbi -enable-objc-interop -sdk /Applications/Xcode.app/Contents/Developer/Platforms/iPhoneSimulator.platform/Developer/SDKs/iPhoneSimulator18.2.sdk -I /Users/cengcheng/Documents/GitHub/vino/docs/1.0.0/qa/evidence/derived-data-unthinned/Build/Products/Debug-iphonesimulator -F /Users/cengcheng/Documents/GitHub/vino/docs/1.0.0/qa/evidence/derived-data-unthinned/Build/Products/Debug-iphonesimulator -no-color-diagnostics -enable-testing -g -debug-info-format\=dwarf -dwarf-version\=4 -module-cache-path /Users/cengcheng/Documents/GitHub/vino/docs/1.0.0/qa/evidence/derived-data-unthinned/ModuleCache.noindex -swift-version 5 -enforce-exclusivity\=checked -Onone -D DEBUG -serialize-debugging-options -const-gather-protocols-file /Users/cengcheng/Documents/GitHub/vino/docs/1.0.0/qa/evidence/derived-data-unthinned/Build/Intermediates.noindex/vino_iPhone.build/Debug-iphonesimulator/vino_iPhone.build/Objects-normal/arm64/vino_iPhone_const_extract_protocols.json -enable-experimental-feature DebugDescriptionMacro -enable-experimental-feature OpaqueTypeErasure -enable-bare-slash-regex -empty-abi-descriptor -validate-clang-modules-once -clang-build-session-file /Users/cengcheng/Documents/GitHub/vino/docs/1.0.0/qa/evidence/derived-data-unthinned/ModuleCache.noindex/Session.modulevalidation -Xcc -working-directory -Xcc /Users/cengcheng/Documents/GitHub/vino/vino_iPhone -resource-dir /Applications/Xcode.app/Contents/Developer/Toolchains/XcodeDefault.xctoolchain/usr/lib/swift -enable-anonymous-context-mangled-names -file-compilation-dir /Users/cengcheng/Documents/GitHub/vino/vino_iPhone -Xcc -D_LIBCPP_HARDENING_MODE\=_LIBCPP_HARDENING_MODE_DEBUG -Xcc -ivfsstatcache -Xcc /Users/cengcheng/Documents/GitHub/vino/docs/1.0.0/qa/evidence/derived-data-unthinned/SDKStatCaches.noindex/iphonesimulator18.2-22C146-07b28473f605e47e75261259d3ef3b5a.sdkstatcache -Xcc -I/Users/cengcheng/Documents/GitHub/vino/docs/1.0.0/qa/evidence/derived-data-unthinned/Build/Intermediates.noindex/vino_iPhone.build/Debug-iphonesimulator/vino_iPhone.build/swift-overrides.hmap -Xcc -iquote -Xcc /Users/cengcheng/Documents/GitHub/vino/docs/1.0.0/qa/evidence/derived-data-unthinned/Build/Intermediates.noindex/vino_iPhone.build/Debug-iphonesimulator/vino_iPhone.build/灵眼GX-generated-files.hmap -Xcc -I/Users/cengcheng/Documents/GitHub/vino/docs/1.0.0/qa/evidence/derived-data-unthinned/Build/Intermediates.noindex/vino_iPhone.build/Debug-iphonesimulator/vino_iPhone.build/灵眼GX-own-target-headers.hmap -Xcc -I/Users/cengcheng/Documents/GitHub/vino/docs/1.0.0/qa/evidence/derived-data-unthinned/Build/Intermediates.noindex/vino_iPhone.build/Debug-iphonesimulator/vino_iPhone.build/灵眼GX-all-target-headers.hmap -Xcc -iquote -Xcc /Users/cengcheng/Documents/GitHub/vino/docs/1.0.0/qa/evidence/derived-data-unthinned/Build/Intermediates.noindex/vino_iPhone.build/Debug-iphonesimulator/vino_iPhone.build/灵眼GX-project-headers.hmap -Xcc -I/Users/cengcheng/Documents/GitHub/vino/docs/1.0.0/qa/evidence/derived-data-unthinned/Build/Products/Debug-iphonesimulator/include -Xcc -I/Users/cengcheng/Documents/GitHub/vino/docs/1.0.0/qa/evidence/derived-data-unthinned/Build/Intermediates.noindex/vino_iPhone.build/Debug-iphonesimulator/vino_iPhone.build/DerivedSources-normal/arm64 -Xcc -I/Users/cengcheng/Documents/GitHub/vino/docs/1.0.0/qa/evidence/derived-data-unthinned/Build/Intermediates.noindex/vino_iPhone.build/Debug-iphonesimulator/vino_iPhone.build/DerivedSources/arm64 -Xcc -I/Users/cengcheng/Documents/GitHub/vino/docs/1.0.0/qa/evidence/derived-data-unthinned/Build/Intermediates.noindex/vino_iPhone.build/Debug-iphonesimulator/vino_iPhone.build/DerivedSources -Xcc -DDEBUG\=1 -module-name vino_iPhone -frontend-parseable-output -disable-clang-spi -target-sdk-version 18.2 -target-sdk-name iphonesimulator18.2 -external-plugin-path /Applications/Xcode.app/Contents/Developer/Platforms/iPhoneOS.platform/Developer/usr/lib/swift/host/plugins\#/Applications/Xcode.app/Contents/Developer/Platforms/iPhoneOS.platform/Developer/usr/bin/swift-plugin-server -external-plugin-path /Applications/Xcode.app/Contents/Developer/Platforms/iPhoneOS.platform/Developer/usr/local/lib/swift/host/plugins\#/Applications/Xcode.app/Contents/Developer/Platforms/iPhoneOS.platform/Developer/usr/bin/swift-plugin-server -plugin-path /Applications/Xcode.app/Contents/Developer/Toolchains/XcodeDefault.xctoolchain/usr/lib/swift/host/plugins -plugin-path /Applications/Xcode.app/Contents/Developer/Toolchains/XcodeDefault.xctoolchain/usr/local/lib/swift/host/plugins -emit-module-doc-path /Users/cengcheng/Documents/GitHub/vino/docs/1.0.0/qa/evidence/derived-data-unthinned/Build/Intermediates.noindex/vino_iPhone.build/Debug-iphonesimulator/vino_iPhone.build/Objects-normal/arm64/vino_iPhone.swiftdoc -emit-module-source-info-path /Users/cengcheng/Documents/GitHub/vino/docs/1.0.0/qa/evidence/derived-data-unthinned/Build/Intermediates.noindex/vino_iPhone.build/Debug-iphonesimulator/vino_iPhone.build/Objects-normal/arm64/vino_iPhone.swiftsourceinfo -emit-objc-header-path /Users/cengcheng/Documents/GitHub/vino/docs/1.0.0/qa/evidence/derived-data-unthinned/Build/Intermediates.noindex/vino_iPhone.build/Debug-iphonesimulator/vino_iPhone.build/Objects-normal/arm64/vino_iPhone-Swift.h -serialize-diagnostics-path /Users/cengcheng/Documents/GitHub/vino/docs/1.0.0/qa/evidence/derived-data-unthinned/Build/Intermediates.noindex/vino_iPhone.build/Debug-iphonesimulator/vino_iPhone.build/Objects-normal/arm64/vino_iPhone-master-emit-module.dia -emit-dependencies-path /Users/cengcheng/Documents/GitHub/vino/docs/1.0.0/qa/evidence/derived-data-unthinned/Build/Intermediates.noindex/vino_iPhone.build/Debug-iphonesimulator/vino_iPhone.build/Objects-normal/arm64/vino_iPhone-master-emit-module.d -o /Users/cengcheng/Documents/GitHub/vino/docs/1.0.0/qa/evidence/derived-data-unthinned/Build/Intermediates.noindex/vino_iPhone.build/Debug-iphonesimulator/vino_iPhone.build/Objects-normal/arm64/vino_iPhone.swiftmodule -emit-abi-descriptor-path /Users/cengcheng/Documents/GitHub/vino/docs/1.0.0/qa/evidence/derived-data-unthinned/Build/Intermediates.noindex/vino_iPhone.build/Debug-iphonesimulator/vino_iPhone.build/Objects-normal/arm64/vino_iPhone.abi.json

SwiftCompile normal arm64 Compiling\ AuthService.swift,\ CloudModelCatalog.swift /Users/cengcheng/Documents/GitHub/vino/vino_iPhone/Sources/Auth/AuthService.swift /Users/cengcheng/Documents/GitHub/vino/vino_iPhone/Sources/Models/CloudModelCatalog.swift (in target 'vino_iPhone' from project 'vino_iPhone')
    cd /Users/cengcheng/Documents/GitHub/vino/vino_iPhone
    builtin-swiftTaskExecution -- /Applications/Xcode.app/Contents/Developer/Toolchains/XcodeDefault.xctoolchain/usr/bin/swift-frontend -frontend -c /Users/cengcheng/Documents/GitHub/vino/vino_iPhone/AppHost/VinoPhoneApp.swift /Users/cengcheng/Documents/GitHub/vino/vino_iPhone/Sources/App/VinoPhoneShellView.swift /Users/cengcheng/Documents/GitHub/vino/vino_iPhone/Sources/Camera/CameraPreviewView.swift /Users/cengcheng/Documents/GitHub/vino/vino_iPhone/Sources/Camera/CameraSessionController.swift /Users/cengcheng/Documents/GitHub/vino/vino_iPhone/Sources/Inference/InferenceRuntime.swift /Users/cengcheng/Documents/GitHub/vino/vino_iPhone/Sources/Models/CoreMLCatalog.swift /Users/cengcheng/Documents/GitHub/vino/vino_iPhone/Sources/Models/InferenceModels.swift /Users/cengcheng/Documents/GitHub/vino/vino_iPhone/Sources/Models/ModelFileStore.swift /Users/cengcheng/Documents/GitHub/vino/vino_iPhone/Sources/Models/VinoAppState.swift /Users/cengcheng/Documents/GitHub/vino/vino_iPhone/Sources/Models/VinoTheme.swift /Users/cengcheng/Documents/GitHub/vino/vino_iPhone/Sources/Networking/ControlPlaneCoordinator.swift /Users/cengcheng/Documents/GitHub/vino/vino_iPhone/Sources/Networking/IPAddressMonitor.swift /Users/cengcheng/Documents/GitHub/vino/vino_iPhone/Sources/Networking/VinoProtocol.swift /Users/cengcheng/Documents/GitHub/vino/vino_iPhone/Sources/Overlay/CameraOverlayView.swift /Users/cengcheng/Documents/GitHub/vino/vino_iPhone/Sources/Overlay/InferenceResultsOverlayView.swift /Users/cengcheng/Documents/GitHub/vino/vino_iPhone/Sources/Auth/AuthModels.swift /Users/cengcheng/Documents/GitHub/vino/vino_iPhone/Sources/Auth/KeychainStore.swift /Users/cengcheng/Documents/GitHub/vino/vino_iPhone/Sources/Auth/AuthSessionStore.swift -primary-file /Users/cengcheng/Documents/GitHub/vino/vino_iPhone/Sources/Auth/AuthService.swift -primary-file /Users/cengcheng/Documents/GitHub/vino/vino_iPhone/Sources/Models/CloudModelCatalog.swift /Users/cengcheng/Documents/GitHub/vino/vino_iPhone/Sources/Models/ModelLicenseVerifier.swift /Users/cengcheng/Documents/GitHub/vino/vino_iPhone/Sources/Networking/AssetUploadService.swift /Users/cengcheng/Documents/GitHub/vino/vino_iPhone/Sources/Networking/CloudControlCoordinator.swift /Users/cengcheng/Documents/GitHub/vino/docs/1.0.0/qa/evidence/derived-data-unthinned/Build/Intermediates.noindex/vino_iPhone.build/Debug-iphonesimulator/vino_iPhone.build/DerivedSources/GeneratedAssetSymbols.swift -emit-dependencies-path /Users/cengcheng/Documents/GitHub/vino/docs/1.0.0/qa/evidence/derived-data-unthinned/Build/Intermediates.noindex/vino_iPhone.build/Debug-iphonesimulator/vino_iPhone.build/Objects-normal/arm64/AuthService.d -emit-const-values-path /Users/cengcheng/Documents/GitHub/vino/docs/1.0.0/qa/evidence/derived-data-unthinned/Build/Intermediates.noindex/vino_iPhone.build/Debug-iphonesimulator/vino_iPhone.build/Objects-normal/arm64/AuthService.swiftconstvalues -emit-reference-dependencies-path /Users/cengcheng/Documents/GitHub/vino/docs/1.0.0/qa/evidence/derived-data-unthinned/Build/Intermediates.noindex/vino_iPhone.build/Debug-iphonesimulator/vino_iPhone.build/Objects-normal/arm64/AuthService.swiftdeps -serialize-diagnostics-path /Users/cengcheng/Documents/GitHub/vino/docs/1.0.0/qa/evidence/derived-data-unthinned/Build/Intermediates.noindex/vino_iPhone.build/Debug-iphonesimulator/vino_iPhone.build/Objects-normal/arm64/AuthService.dia -emit-dependencies-path /Users/cengcheng/Documents/GitHub/vino/docs/1.0.0/qa/evidence/derived-data-unthinned/Build/Intermediates.noindex/vino_iPhone.build/Debug-iphonesimulator/vino_iPhone.build/Objects-normal/arm64/CloudModelCatalog.d -emit-const-values-path /Users/cengcheng/Documents/GitHub/vino/docs/1.0.0/qa/evidence/derived-data-unthinned/Build/Intermediates.noindex/vino_iPhone.build/Debug-iphonesimulator/vino_iPhone.build/Objects-normal/arm64/CloudModelCatalog.swiftconstvalues -emit-reference-dependencies-path /Users/cengcheng/Documents/GitHub/vino/docs/1.0.0/qa/evidence/derived-data-unthinned/Build/Intermediates.noindex/vino_iPhone.build/Debug-iphonesimulator/vino_iPhone.build/Objects-normal/arm64/CloudModelCatalog.swiftdeps -serialize-diagnostics-path /Users/cengcheng/Documents/GitHub/vino/docs/1.0.0/qa/evidence/derived-data-unthinned/Build/Intermediates.noindex/vino_iPhone.build/Debug-iphonesimulator/vino_iPhone.build/Objects-normal/arm64/CloudModelCatalog.dia -emit-localized-strings -emit-localized-strings-path /Users/cengcheng/Documents/GitHub/vino/docs/1.0.0/qa/evidence/derived-data-unthinned/Build/Intermediates.noindex/vino_iPhone.build/Debug-iphonesimulator/vino_iPhone.build/Objects-normal/arm64 -target arm64-apple-ios17.6-simulator -Xllvm -aarch64-use-tbi -enable-objc-interop -sdk /Applications/Xcode.app/Contents/Developer/Platforms/iPhoneSimulator.platform/Developer/SDKs/iPhoneSimulator18.2.sdk -I /Users/cengcheng/Documents/GitHub/vino/docs/1.0.0/qa/evidence/derived-data-unthinned/Build/Products/Debug-iphonesimulator -F /Users/cengcheng/Documents/GitHub/vino/docs/1.0.0/qa/evidence/derived-data-unthinned/Build/Products/Debug-iphonesimulator -no-color-diagnostics -enable-testing -g -debug-info-format\=dwarf -dwarf-version\=4 -module-cache-path /Users/cengcheng/Documents/GitHub/vino/docs/1.0.0/qa/evidence/derived-data-unthinned/ModuleCache.noindex -swift-version 5 -enforce-exclusivity\=checked -Onone -D DEBUG -serialize-debugging-options -const-gather-protocols-file /Users/cengcheng/Documents/GitHub/vino/docs/1.0.0/qa/evidence/derived-data-unthinned/Build/Intermediates.noindex/vino_iPhone.build/Debug-iphonesimulator/vino_iPhone.build/Objects-normal/arm64/vino_iPhone_const_extract_protocols.json -enable-experimental-feature DebugDescriptionMacro -enable-experimental-feature OpaqueTypeErasure -enable-bare-slash-regex -empty-abi-descriptor -validate-clang-modules-once -clang-build-session-file /Users/cengcheng/Documents/GitHub/vino/docs/1.0.0/qa/evidence/derived-data-unthinned/ModuleCache.noindex/Session.modulevalidation -Xcc -working-directory -Xcc /Users/cengcheng/Documents/GitHub/vino/vino_iPhone -resource-dir /Applications/Xcode.app/Contents/Developer/Toolchains/XcodeDefault.xctoolchain/usr/lib/swift -enable-anonymous-context-mangled-names -file-compilation-dir /Users/cengcheng/Documents/GitHub/vino/vino_iPhone -Xcc -D_LIBCPP_HARDENING_MODE\=_LIBCPP_HARDENING_MODE_DEBUG -Xcc -ivfsstatcache -Xcc /Users/cengcheng/Documents/GitHub/vino/docs/1.0.0/qa/evidence/derived-data-unthinned/SDKStatCaches.noindex/iphonesimulator18.2-22C146-07b28473f605e47e75261259d3ef3b5a.sdkstatcache -Xcc -I/Users/cengcheng/Documents/GitHub/vino/docs/1.0.0/qa/evidence/derived-data-unthinned/Build/Intermediates.noindex/vino_iPhone.build/Debug-iphonesimulator/vino_iPhone.build/swift-overrides.hmap -Xcc -iquote -Xcc /Users/cengcheng/Documents/GitHub/vino/docs/1.0.0/qa/evidence/derived-data-unthinned/Build/Intermediates.noindex/vino_iPhone.build/Debug-iphonesimulator/vino_iPhone.build/灵眼GX-generated-files.hmap -Xcc -I/Users/cengcheng/Documents/GitHub/vino/docs/1.0.0/qa/evidence/derived-data-unthinned/Build/Intermediates.noindex/vino_iPhone.build/Debug-iphonesimulator/vino_iPhone.build/灵眼GX-own-target-headers.hmap -Xcc -I/Users/cengcheng/Documents/GitHub/vino/docs/1.0.0/qa/evidence/derived-data-unthinned/Build/Intermediates.noindex/vino_iPhone.build/Debug-iphonesimulator/vino_iPhone.build/灵眼GX-all-target-headers.hmap -Xcc -iquote -Xcc /Users/cengcheng/Documents/GitHub/vino/docs/1.0.0/qa/evidence/derived-data-unthinned/Build/Intermediates.noindex/vino_iPhone.build/Debug-iphonesimulator/vino_iPhone.build/灵眼GX-project-headers.hmap -Xcc -I/Users/cengcheng/Documents/GitHub/vino/docs/1.0.0/qa/evidence/derived-data-unthinned/Build/Products/Debug-iphonesimulator/include -Xcc -I/Users/cengcheng/Documents/GitHub/vino/docs/1.0.0/qa/evidence/derived-data-unthinned/Build/Intermediates.noindex/vino_iPhone.build/Debug-iphonesimulator/vino_iPhone.build/DerivedSources-normal/arm64 -Xcc -I/Users/cengcheng/Documents/GitHub/vino/docs/1.0.0/qa/evidence/derived-data-unthinned/Build/Intermediates.noindex/vino_iPhone.build/Debug-iphonesimulator/vino_iPhone.build/DerivedSources/arm64 -Xcc -I/Users/cengcheng/Documents/GitHub/vino/docs/1.0.0/qa/evidence/derived-data-unthinned/Build/Intermediates.noindex/vino_iPhone.build/Debug-iphonesimulator/vino_iPhone.build/DerivedSources -Xcc -DDEBUG\=1 -module-name vino_iPhone -frontend-parseable-output -disable-clang-spi -target-sdk-version 18.2 -target-sdk-name iphonesimulator18.2 -external-plugin-path /Applications/Xcode.app/Contents/Developer/Platforms/iPhoneOS.platform/Developer/usr/lib/swift/host/plugins\#/Applications/Xcode.app/Contents/Developer/Platforms/iPhoneOS.platform/Developer/usr/bin/swift-plugin-server -external-plugin-path /Applications/Xcode.app/Contents/Developer/Platforms/iPhoneOS.platform/Developer/usr/local/lib/swift/host/plugins\#/Applications/Xcode.app/Contents/Developer/Platforms/iPhoneOS.platform/Developer/usr/bin/swift-plugin-server -plugin-path /Applications/Xcode.app/Contents/Developer/Toolchains/XcodeDefault.xctoolchain/usr/lib/swift/host/plugins -plugin-path /Applications/Xcode.app/Contents/Developer/Toolchains/XcodeDefault.xctoolchain/usr/local/lib/swift/host/plugins -o /Users/cengcheng/Documents/GitHub/vino/docs/1.0.0/qa/evidence/derived-data-unthinned/Build/Intermediates.noindex/vino_iPhone.build/Debug-iphonesimulator/vino_iPhone.build/Objects-normal/arm64/AuthService.o -o /Users/cengcheng/Documents/GitHub/vino/docs/1.0.0/qa/evidence/derived-data-unthinned/Build/Intermediates.noindex/vino_iPhone.build/Debug-iphonesimulator/vino_iPhone.build/Objects-normal/arm64/CloudModelCatalog.o -index-unit-output-path /vino_iPhone.build/Debug-iphonesimulator/vino_iPhone.build/Objects-normal/arm64/AuthService.o -index-unit-output-path /vino_iPhone.build/Debug-iphonesimulator/vino_iPhone.build/Objects-normal/arm64/CloudModelCatalog.o -index-store-path /Users/cengcheng/Documents/GitHub/vino/docs/1.0.0/qa/evidence/derived-data-unthinned/Index.noindex/DataStore -index-system-modules
SwiftCompile normal arm64 /Users/cengcheng/Documents/GitHub/vino/vino_iPhone/Sources/Auth/AuthService.swift (in target 'vino_iPhone' from project 'vino_iPhone')
    cd /Users/cengcheng/Documents/GitHub/vino/vino_iPhone
    /Applications/Xcode.app/Contents/Developer/Toolchains/XcodeDefault.xctoolchain/usr/bin/swift-frontend -c /Users/cengcheng/Documents/GitHub/vino/vino_iPhone/AppHost/VinoPhoneApp.swift /Users/cengcheng/Documents/GitHub/vino/vino_iPhone/Sources/App/VinoPhoneShellView.swift /Users/cengcheng/Documents/GitHub/vino/vino_iPhone/Sources/Camera/CameraPreviewView.swift /Users/cengcheng/Documents/GitHub/vino/vino_iPhone/Sources/Camera/CameraSessionController.swift /Users/cengcheng/Documents/GitHub/vino/vino_iPhone/Sources/Inference/InferenceRuntime.swift /Users/cengcheng/Documents/GitHub/vino/vino_iPhone/Sources/Models/CoreMLCatalog.swift /Users/cengcheng/Documents/GitHub/vino/vino_iPhone/Sources/Models/InferenceModels.swift /Users/cengcheng/Documents/GitHub/vino/vino_iPhone/Sources/Models/ModelFileStore.swift /Users/cengcheng/Documents/GitHub/vino/vino_iPhone/Sources/Models/VinoAppState.swift /Users/cengcheng/Documents/GitHub/vino/vino_iPhone/Sources/Models/VinoTheme.swift /Users/cengcheng/Documents/GitHub/vino/vino_iPhone/Sources/Networking/ControlPlaneCoordinator.swift /Users/cengcheng/Documents/GitHub/vino/vino_iPhone/Sources/Networking/IPAddressMonitor.swift /Users/cengcheng/Documents/GitHub/vino/vino_iPhone/Sources/Networking/VinoProtocol.swift /Users/cengcheng/Documents/GitHub/vino/vino_iPhone/Sources/Overlay/CameraOverlayView.swift /Users/cengcheng/Documents/GitHub/vino/vino_iPhone/Sources/Overlay/InferenceResultsOverlayView.swift /Users/cengcheng/Documents/GitHub/vino/vino_iPhone/Sources/Auth/AuthModels.swift /Users/cengcheng/Documents/GitHub/vino/vino_iPhone/Sources/Auth/KeychainStore.swift /Users/cengcheng/Documents/GitHub/vino/vino_iPhone/Sources/Auth/AuthSessionStore.swift -primary-file /Users/cengcheng/Documents/GitHub/vino/vino_iPhone/Sources/Auth/AuthService.swift -primary-file /Users/cengcheng/Documents/GitHub/vino/vino_iPhone/Sources/Models/CloudModelCatalog.swift /Users/cengcheng/Documents/GitHub/vino/vino_iPhone/Sources/Models/ModelLicenseVerifier.swift /Users/cengcheng/Documents/GitHub/vino/vino_iPhone/Sources/Networking/AssetUploadService.swift /Users/cengcheng/Documents/GitHub/vino/vino_iPhone/Sources/Networking/CloudControlCoordinator.swift /Users/cengcheng/Documents/GitHub/vino/docs/1.0.0/qa/evidence/derived-data-unthinned/Build/Intermediates.noindex/vino_iPhone.build/Debug-iphonesimulator/vino_iPhone.build/DerivedSources/GeneratedAssetSymbols.swift -emit-dependencies-path /Users/cengcheng/Documents/GitHub/vino/docs/1.0.0/qa/evidence/derived-data-unthinned/Build/Intermediates.noindex/vino_iPhone.build/Debug-iphonesimulator/vino_iPhone.build/Objects-normal/arm64/AuthService.d -emit-const-values-path /Users/cengcheng/Documents/GitHub/vino/docs/1.0.0/qa/evidence/derived-data-unthinned/Build/Intermediates.noindex/vino_iPhone.build/Debug-iphonesimulator/vino_iPhone.build/Objects-normal/arm64/AuthService.swiftconstvalues -emit-reference-dependencies-path /Users/cengcheng/Documents/GitHub/vino/docs/1.0.0/qa/evidence/derived-data-unthinned/Build/Intermediates.noindex/vino_iPhone.build/Debug-iphonesimulator/vino_iPhone.build/Objects-normal/arm64/AuthService.swiftdeps -serialize-diagnostics-path /Users/cengcheng/Documents/GitHub/vino/docs/1.0.0/qa/evidence/derived-data-unthinned/Build/Intermediates.noindex/vino_iPhone.build/Debug-iphonesimulator/vino_iPhone.build/Objects-normal/arm64/AuthService.dia -emit-dependencies-path /Users/cengcheng/Documents/GitHub/vino/docs/1.0.0/qa/evidence/derived-data-unthinned/Build/Intermediates.noindex/vino_iPhone.build/Debug-iphonesimulator/vino_iPhone.build/Objects-normal/arm64/CloudModelCatalog.d -emit-const-values-path /Users/cengcheng/Documents/GitHub/vino/docs/1.0.0/qa/evidence/derived-data-unthinned/Build/Intermediates.noindex/vino_iPhone.build/Debug-iphonesimulator/vino_iPhone.build/Objects-normal/arm64/CloudModelCatalog.swiftconstvalues -emit-reference-dependencies-path /Users/cengcheng/Documents/GitHub/vino/docs/1.0.0/qa/evidence/derived-data-unthinned/Build/Intermediates.noindex/vino_iPhone.build/Debug-iphonesimulator/vino_iPhone.build/Objects-normal/arm64/CloudModelCatalog.swiftdeps -serialize-diagnostics-path /Users/cengcheng/Documents/GitHub/vino/docs/1.0.0/qa/evidence/derived-data-unthinned/Build/Intermediates.noindex/vino_iPhone.build/Debug-iphonesimulator/vino_iPhone.build/Objects-normal/arm64/CloudModelCatalog.dia -emit-localized-strings -emit-localized-strings-path /Users/cengcheng/Documents/GitHub/vino/docs/1.0.0/qa/evidence/derived-data-unthinned/Build/Intermediates.noindex/vino_iPhone.build/Debug-iphonesimulator/vino_iPhone.build/Objects-normal/arm64 -target arm64-apple-ios17.6-simulator -Xllvm -aarch64-use-tbi -enable-objc-interop -sdk /Applications/Xcode.app/Contents/Developer/Platforms/iPhoneSimulator.platform/Developer/SDKs/iPhoneSimulator18.2.sdk -I /Users/cengcheng/Documents/GitHub/vino/docs/1.0.0/qa/evidence/derived-data-unthinned/Build/Products/Debug-iphonesimulator -F /Users/cengcheng/Documents/GitHub/vino/docs/1.0.0/qa/evidence/derived-data-unthinned/Build/Products/Debug-iphonesimulator -no-color-diagnostics -enable-testing -g -debug-info-format\=dwarf -dwarf-version\=4 -module-cache-path /Users/cengcheng/Documents/GitHub/vino/docs/1.0.0/qa/evidence/derived-data-unthinned/ModuleCache.noindex -swift-version 5 -enforce-exclusivity\=checked -Onone -D DEBUG -serialize-debugging-options -const-gather-protocols-file /Users/cengcheng/Documents/GitHub/vino/docs/1.0.0/qa/evidence/derived-data-unthinned/Build/Intermediates.noindex/vino_iPhone.build/Debug-iphonesimulator/vino_iPhone.build/Objects-normal/arm64/vino_iPhone_const_extract_protocols.json -enable-experimental-feature DebugDescriptionMacro -enable-experimental-feature OpaqueTypeErasure -enable-bare-slash-regex -empty-abi-descriptor -validate-clang-modules-once -clang-build-session-file /Users/cengcheng/Documents/GitHub/vino/docs/1.0.0/qa/evidence/derived-data-unthinned/ModuleCache.noindex/Session.modulevalidation -Xcc -working-directory -Xcc /Users/cengcheng/Documents/GitHub/vino/vino_iPhone -resource-dir /Applications/Xcode.app/Contents/Developer/Toolchains/XcodeDefault.xctoolchain/usr/lib/swift -enable-anonymous-context-mangled-names -file-compilation-dir /Users/cengcheng/Documents/GitHub/vino/vino_iPhone -Xcc -D_LIBCPP_HARDENING_MODE\=_LIBCPP_HARDENING_MODE_DEBUG -Xcc -ivfsstatcache -Xcc /Users/cengcheng/Documents/GitHub/vino/docs/1.0.0/qa/evidence/derived-data-unthinned/SDKStatCaches.noindex/iphonesimulator18.2-22C146-07b28473f605e47e75261259d3ef3b5a.sdkstatcache -Xcc -I/Users/cengcheng/Documents/GitHub/vino/docs/1.0.0/qa/evidence/derived-data-unthinned/Build/Intermediates.noindex/vino_iPhone.build/Debug-iphonesimulator/vino_iPhone.build/swift-overrides.hmap -Xcc -iquote -Xcc /Users/cengcheng/Documents/GitHub/vino/docs/1.0.0/qa/evidence/derived-data-unthinned/Build/Intermediates.noindex/vino_iPhone.build/Debug-iphonesimulator/vino_iPhone.build/灵眼GX-generated-files.hmap -Xcc -I/Users/cengcheng/Documents/GitHub/vino/docs/1.0.0/qa/evidence/derived-data-unthinned/Build/Intermediates.noindex/vino_iPhone.build/Debug-iphonesimulator/vino_iPhone.build/灵眼GX-own-target-headers.hmap -Xcc -I/Users/cengcheng/Documents/GitHub/vino/docs/1.0.0/qa/evidence/derived-data-unthinned/Build/Intermediates.noindex/vino_iPhone.build/Debug-iphonesimulator/vino_iPhone.build/灵眼GX-all-target-headers.hmap -Xcc -iquote -Xcc /Users/cengcheng/Documents/GitHub/vino/docs/1.0.0/qa/evidence/derived-data-unthinned/Build/Intermediates.noindex/vino_iPhone.build/Debug-iphonesimulator/vino_iPhone.build/灵眼GX-project-headers.hmap -Xcc -I/Users/cengcheng/Documents/GitHub/vino/docs/1.0.0/qa/evidence/derived-data-unthinned/Build/Products/Debug-iphonesimulator/include -Xcc -I/Users/cengcheng/Documents/GitHub/vino/docs/1.0.0/qa/evidence/derived-data-unthinned/Build/Intermediates.noindex/vino_iPhone.build/Debug-iphonesimulator/vino_iPhone.build/DerivedSources-normal/arm64 -Xcc -I/Users/cengcheng/Documents/GitHub/vino/docs/1.0.0/qa/evidence/derived-data-unthinned/Build/Intermediates.noindex/vino_iPhone.build/Debug-iphonesimulator/vino_iPhone.build/DerivedSources/arm64 -Xcc -I/Users/cengcheng/Documents/GitHub/vino/docs/1.0.0/qa/evidence/derived-data-unthinned/Build/Intermediates.noindex/vino_iPhone.build/Debug-iphonesimulator/vino_iPhone.build/DerivedSources -Xcc -DDEBUG\=1 -module-name vino_iPhone -frontend-parseable-output -disable-clang-spi -target-sdk-version 18.2 -target-sdk-name iphonesimulator18.2 -external-plugin-path /Applications/Xcode.app/Contents/Developer/Platforms/iPhoneOS.platform/Developer/usr/lib/swift/host/plugins\#/Applications/Xcode.app/Contents/Developer/Platforms/iPhoneOS.platform/Developer/usr/bin/swift-plugin-server -external-plugin-path /Applications/Xcode.app/Contents/Developer/Platforms/iPhoneOS.platform/Developer/usr/local/lib/swift/host/plugins\#/Applications/Xcode.app/Contents/Developer/Platforms/iPhoneOS.platform/Developer/usr/bin/swift-plugin-server -plugin-path /Applications/Xcode.app/Contents/Developer/Toolchains/XcodeDefault.xctoolchain/usr/lib/swift/host/plugins -plugin-path /Applications/Xcode.app/Contents/Developer/Toolchains/XcodeDefault.xctoolchain/usr/local/lib/swift/host/plugins -o /Users/cengcheng/Documents/GitHub/vino/docs/1.0.0/qa/evidence/derived-data-unthinned/Build/Intermediates.noindex/vino_iPhone.build/Debug-iphonesimulator/vino_iPhone.build/Objects-normal/arm64/AuthService.o -o /Users/cengcheng/Documents/GitHub/vino/docs/1.0.0/qa/evidence/derived-data-unthinned/Build/Intermediates.noindex/vino_iPhone.build/Debug-iphonesimulator/vino_iPhone.build/Objects-normal/arm64/CloudModelCatalog.o -index-unit-output-path /vino_iPhone.build/Debug-iphonesimulator/vino_iPhone.build/Objects-normal/arm64/AuthService.o -index-unit-output-path /vino_iPhone.build/Debug-iphonesimulator/vino_iPhone.build/Objects-normal/arm64/CloudModelCatalog.o -index-store-path /Users/cengcheng/Documents/GitHub/vino/docs/1.0.0/qa/evidence/derived-data-unthinned/Index.noindex/DataStore -index-system-modules
/Users/cengcheng/Documents/GitHub/vino/vino_iPhone/Sources/Auth/AuthService.swift:36:35: warning: expression is 'async' but is not marked with 'await'; this is an error in the Swift 6 language mode
        let body: [String: Any] = [
                                  ^
                                  await 
/Users/cengcheng/Documents/GitHub/vino/vino_iPhone/Sources/Auth/AuthService.swift:40:27: note: property access is 'async'
            "deviceName": UIDevice.current.name,
                          ^
/Users/cengcheng/Documents/GitHub/vino/vino_iPhone/Sources/Auth/AuthService.swift:40:27: note: property access is 'async'
            "deviceName": UIDevice.current.name,
                          ^

SwiftCompile normal arm64 /Users/cengcheng/Documents/GitHub/vino/vino_iPhone/Sources/Models/CloudModelCatalog.swift (in target 'vino_iPhone' from project 'vino_iPhone')
    cd /Users/cengcheng/Documents/GitHub/vino/vino_iPhone
    /Applications/Xcode.app/Contents/Developer/Toolchains/XcodeDefault.xctoolchain/usr/bin/swift-frontend -c /Users/cengcheng/Documents/GitHub/vino/vino_iPhone/AppHost/VinoPhoneApp.swift /Users/cengcheng/Documents/GitHub/vino/vino_iPhone/Sources/App/VinoPhoneShellView.swift /Users/cengcheng/Documents/GitHub/vino/vino_iPhone/Sources/Camera/CameraPreviewView.swift /Users/cengcheng/Documents/GitHub/vino/vino_iPhone/Sources/Camera/CameraSessionController.swift /Users/cengcheng/Documents/GitHub/vino/vino_iPhone/Sources/Inference/InferenceRuntime.swift /Users/cengcheng/Documents/GitHub/vino/vino_iPhone/Sources/Models/CoreMLCatalog.swift /Users/cengcheng/Documents/GitHub/vino/vino_iPhone/Sources/Models/InferenceModels.swift /Users/cengcheng/Documents/GitHub/vino/vino_iPhone/Sources/Models/ModelFileStore.swift /Users/cengcheng/Documents/GitHub/vino/vino_iPhone/Sources/Models/VinoAppState.swift /Users/cengcheng/Documents/GitHub/vino/vino_iPhone/Sources/Models/VinoTheme.swift /Users/cengcheng/Documents/GitHub/vino/vino_iPhone/Sources/Networking/ControlPlaneCoordinator.swift /Users/cengcheng/Documents/GitHub/vino/vino_iPhone/Sources/Networking/IPAddressMonitor.swift /Users/cengcheng/Documents/GitHub/vino/vino_iPhone/Sources/Networking/VinoProtocol.swift /Users/cengcheng/Documents/GitHub/vino/vino_iPhone/Sources/Overlay/CameraOverlayView.swift /Users/cengcheng/Documents/GitHub/vino/vino_iPhone/Sources/Overlay/InferenceResultsOverlayView.swift /Users/cengcheng/Documents/GitHub/vino/vino_iPhone/Sources/Auth/AuthModels.swift /Users/cengcheng/Documents/GitHub/vino/vino_iPhone/Sources/Auth/KeychainStore.swift /Users/cengcheng/Documents/GitHub/vino/vino_iPhone/Sources/Auth/AuthSessionStore.swift -primary-file /Users/cengcheng/Documents/GitHub/vino/vino_iPhone/Sources/Auth/AuthService.swift -primary-file /Users/cengcheng/Documents/GitHub/vino/vino_iPhone/Sources/Models/CloudModelCatalog.swift /Users/cengcheng/Documents/GitHub/vino/vino_iPhone/Sources/Models/ModelLicenseVerifier.swift /Users/cengcheng/Documents/GitHub/vino/vino_iPhone/Sources/Networking/AssetUploadService.swift /Users/cengcheng/Documents/GitHub/vino/vino_iPhone/Sources/Networking/CloudControlCoordinator.swift /Users/cengcheng/Documents/GitHub/vino/docs/1.0.0/qa/evidence/derived-data-unthinned/Build/Intermediates.noindex/vino_iPhone.build/Debug-iphonesimulator/vino_iPhone.build/DerivedSources/GeneratedAssetSymbols.swift -emit-dependencies-path /Users/cengcheng/Documents/GitHub/vino/docs/1.0.0/qa/evidence/derived-data-unthinned/Build/Intermediates.noindex/vino_iPhone.build/Debug-iphonesimulator/vino_iPhone.build/Objects-normal/arm64/AuthService.d -emit-const-values-path /Users/cengcheng/Documents/GitHub/vino/docs/1.0.0/qa/evidence/derived-data-unthinned/Build/Intermediates.noindex/vino_iPhone.build/Debug-iphonesimulator/vino_iPhone.build/Objects-normal/arm64/AuthService.swiftconstvalues -emit-reference-dependencies-path /Users/cengcheng/Documents/GitHub/vino/docs/1.0.0/qa/evidence/derived-data-unthinned/Build/Intermediates.noindex/vino_iPhone.build/Debug-iphonesimulator/vino_iPhone.build/Objects-normal/arm64/AuthService.swiftdeps -serialize-diagnostics-path /Users/cengcheng/Documents/GitHub/vino/docs/1.0.0/qa/evidence/derived-data-unthinned/Build/Intermediates.noindex/vino_iPhone.build/Debug-iphonesimulator/vino_iPhone.build/Objects-normal/arm64/AuthService.dia -emit-dependencies-path /Users/cengcheng/Documents/GitHub/vino/docs/1.0.0/qa/evidence/derived-data-unthinned/Build/Intermediates.noindex/vino_iPhone.build/Debug-iphonesimulator/vino_iPhone.build/Objects-normal/arm64/CloudModelCatalog.d -emit-const-values-path /Users/cengcheng/Documents/GitHub/vino/docs/1.0.0/qa/evidence/derived-data-unthinned/Build/Intermediates.noindex/vino_iPhone.build/Debug-iphonesimulator/vino_iPhone.build/Objects-normal/arm64/CloudModelCatalog.swiftconstvalues -emit-reference-dependencies-path /Users/cengcheng/Documents/GitHub/vino/docs/1.0.0/qa/evidence/derived-data-unthinned/Build/Intermediates.noindex/vino_iPhone.build/Debug-iphonesimulator/vino_iPhone.build/Objects-normal/arm64/CloudModelCatalog.swiftdeps -serialize-diagnostics-path /Users/cengcheng/Documents/GitHub/vino/docs/1.0.0/qa/evidence/derived-data-unthinned/Build/Intermediates.noindex/vino_iPhone.build/Debug-iphonesimulator/vino_iPhone.build/Objects-normal/arm64/CloudModelCatalog.dia -emit-localized-strings -emit-localized-strings-path /Users/cengcheng/Documents/GitHub/vino/docs/1.0.0/qa/evidence/derived-data-unthinned/Build/Intermediates.noindex/vino_iPhone.build/Debug-iphonesimulator/vino_iPhone.build/Objects-normal/arm64 -target arm64-apple-ios17.6-simulator -Xllvm -aarch64-use-tbi -enable-objc-interop -sdk /Applications/Xcode.app/Contents/Developer/Platforms/iPhoneSimulator.platform/Developer/SDKs/iPhoneSimulator18.2.sdk -I /Users/cengcheng/Documents/GitHub/vino/docs/1.0.0/qa/evidence/derived-data-unthinned/Build/Products/Debug-iphonesimulator -F /Users/cengcheng/Documents/GitHub/vino/docs/1.0.0/qa/evidence/derived-data-unthinned/Build/Products/Debug-iphonesimulator -no-color-diagnostics -enable-testing -g -debug-info-format\=dwarf -dwarf-version\=4 -module-cache-path /Users/cengcheng/Documents/GitHub/vino/docs/1.0.0/qa/evidence/derived-data-unthinned/ModuleCache.noindex -swift-version 5 -enforce-exclusivity\=checked -Onone -D DEBUG -serialize-debugging-options -const-gather-protocols-file /Users/cengcheng/Documents/GitHub/vino/docs/1.0.0/qa/evidence/derived-data-unthinned/Build/Intermediates.noindex/vino_iPhone.build/Debug-iphonesimulator/vino_iPhone.build/Objects-normal/arm64/vino_iPhone_const_extract_protocols.json -enable-experimental-feature DebugDescriptionMacro -enable-experimental-feature OpaqueTypeErasure -enable-bare-slash-regex -empty-abi-descriptor -validate-clang-modules-once -clang-build-session-file /Users/cengcheng/Documents/GitHub/vino/docs/1.0.0/qa/evidence/derived-data-unthinned/ModuleCache.noindex/Session.modulevalidation -Xcc -working-directory -Xcc /Users/cengcheng/Documents/GitHub/vino/vino_iPhone -resource-dir /Applications/Xcode.app/Contents/Developer/Toolchains/XcodeDefault.xctoolchain/usr/lib/swift -enable-anonymous-context-mangled-names -file-compilation-dir /Users/cengcheng/Documents/GitHub/vino/vino_iPhone -Xcc -D_LIBCPP_HARDENING_MODE\=_LIBCPP_HARDENING_MODE_DEBUG -Xcc -ivfsstatcache -Xcc /Users/cengcheng/Documents/GitHub/vino/docs/1.0.0/qa/evidence/derived-data-unthinned/SDKStatCaches.noindex/iphonesimulator18.2-22C146-07b28473f605e47e75261259d3ef3b5a.sdkstatcache -Xcc -I/Users/cengcheng/Documents/GitHub/vino/docs/1.0.0/qa/evidence/derived-data-unthinned/Build/Intermediates.noindex/vino_iPhone.build/Debug-iphonesimulator/vino_iPhone.build/swift-overrides.hmap -Xcc -iquote -Xcc /Users/cengcheng/Documents/GitHub/vino/docs/1.0.0/qa/evidence/derived-data-unthinned/Build/Intermediates.noindex/vino_iPhone.build/Debug-iphonesimulator/vino_iPhone.build/灵眼GX-generated-files.hmap -Xcc -I/Users/cengcheng/Documents/GitHub/vino/docs/1.0.0/qa/evidence/derived-data-unthinned/Build/Intermediates.noindex/vino_iPhone.build/Debug-iphonesimulator/vino_iPhone.build/灵眼GX-own-target-headers.hmap -Xcc -I/Users/cengcheng/Documents/GitHub/vino/docs/1.0.0/qa/evidence/derived-data-unthinned/Build/Intermediates.noindex/vino_iPhone.build/Debug-iphonesimulator/vino_iPhone.build/灵眼GX-all-target-headers.hmap -Xcc -iquote -Xcc /Users/cengcheng/Documents/GitHub/vino/docs/1.0.0/qa/evidence/derived-data-unthinned/Build/Intermediates.noindex/vino_iPhone.build/Debug-iphonesimulator/vino_iPhone.build/灵眼GX-project-headers.hmap -Xcc -I/Users/cengcheng/Documents/GitHub/vino/docs/1.0.0/qa/evidence/derived-data-unthinned/Build/Products/Debug-iphonesimulator/include -Xcc -I/Users/cengcheng/Documents/GitHub/vino/docs/1.0.0/qa/evidence/derived-data-unthinned/Build/Intermediates.noindex/vino_iPhone.build/Debug-iphonesimulator/vino_iPhone.build/DerivedSources-normal/arm64 -Xcc -I/Users/cengcheng/Documents/GitHub/vino/docs/1.0.0/qa/evidence/derived-data-unthinned/Build/Intermediates.noindex/vino_iPhone.build/Debug-iphonesimulator/vino_iPhone.build/DerivedSources/arm64 -Xcc -I/Users/cengcheng/Documents/GitHub/vino/docs/1.0.0/qa/evidence/derived-data-unthinned/Build/Intermediates.noindex/vino_iPhone.build/Debug-iphonesimulator/vino_iPhone.build/DerivedSources -Xcc -DDEBUG\=1 -module-name vino_iPhone -frontend-parseable-output -disable-clang-spi -target-sdk-version 18.2 -target-sdk-name iphonesimulator18.2 -external-plugin-path /Applications/Xcode.app/Contents/Developer/Platforms/iPhoneOS.platform/Developer/usr/lib/swift/host/plugins\#/Applications/Xcode.app/Contents/Developer/Platforms/iPhoneOS.platform/Developer/usr/bin/swift-plugin-server -external-plugin-path /Applications/Xcode.app/Contents/Developer/Platforms/iPhoneOS.platform/Developer/usr/local/lib/swift/host/plugins\#/Applications/Xcode.app/Contents/Developer/Platforms/iPhoneOS.platform/Developer/usr/bin/swift-plugin-server -plugin-path /Applications/Xcode.app/Contents/Developer/Toolchains/XcodeDefault.xctoolchain/usr/lib/swift/host/plugins -plugin-path /Applications/Xcode.app/Contents/Developer/Toolchains/XcodeDefault.xctoolchain/usr/local/lib/swift/host/plugins -o /Users/cengcheng/Documents/GitHub/vino/docs/1.0.0/qa/evidence/derived-data-unthinned/Build/Intermediates.noindex/vino_iPhone.build/Debug-iphonesimulator/vino_iPhone.build/Objects-normal/arm64/AuthService.o -o /Users/cengcheng/Documents/GitHub/vino/docs/1.0.0/qa/evidence/derived-data-unthinned/Build/Intermediates.noindex/vino_iPhone.build/Debug-iphonesimulator/vino_iPhone.build/Objects-normal/arm64/CloudModelCatalog.o -index-unit-output-path /vino_iPhone.build/Debug-iphonesimulator/vino_iPhone.build/Objects-normal/arm64/AuthService.o -index-unit-output-path /vino_iPhone.build/Debug-iphonesimulator/vino_iPhone.build/Objects-normal/arm64/CloudModelCatalog.o -index-store-path /Users/cengcheng/Documents/GitHub/vino/docs/1.0.0/qa/evidence/derived-data-unthinned/Index.noindex/DataStore -index-system-modules

SwiftCompile normal arm64 Compiling\ InferenceResultsOverlayView.swift,\ AuthModels.swift /Users/cengcheng/Documents/GitHub/vino/vino_iPhone/Sources/Overlay/InferenceResultsOverlayView.swift /Users/cengcheng/Documents/GitHub/vino/vino_iPhone/Sources/Auth/AuthModels.swift (in target 'vino_iPhone' from project 'vino_iPhone')
    cd /Users/cengcheng/Documents/GitHub/vino/vino_iPhone
    builtin-swiftTaskExecution -- /Applications/Xcode.app/Contents/Developer/Toolchains/XcodeDefault.xctoolchain/usr/bin/swift-frontend -frontend -c /Users/cengcheng/Documents/GitHub/vino/vino_iPhone/AppHost/VinoPhoneApp.swift /Users/cengcheng/Documents/GitHub/vino/vino_iPhone/Sources/App/VinoPhoneShellView.swift /Users/cengcheng/Documents/GitHub/vino/vino_iPhone/Sources/Camera/CameraPreviewView.swift /Users/cengcheng/Documents/GitHub/vino/vino_iPhone/Sources/Camera/CameraSessionController.swift /Users/cengcheng/Documents/GitHub/vino/vino_iPhone/Sources/Inference/InferenceRuntime.swift /Users/cengcheng/Documents/GitHub/vino/vino_iPhone/Sources/Models/CoreMLCatalog.swift /Users/cengcheng/Documents/GitHub/vino/vino_iPhone/Sources/Models/InferenceModels.swift /Users/cengcheng/Documents/GitHub/vino/vino_iPhone/Sources/Models/ModelFileStore.swift /Users/cengcheng/Documents/GitHub/vino/vino_iPhone/Sources/Models/VinoAppState.swift /Users/cengcheng/Documents/GitHub/vino/vino_iPhone/Sources/Models/VinoTheme.swift /Users/cengcheng/Documents/GitHub/vino/vino_iPhone/Sources/Networking/ControlPlaneCoordinator.swift /Users/cengcheng/Documents/GitHub/vino/vino_iPhone/Sources/Networking/IPAddressMonitor.swift /Users/cengcheng/Documents/GitHub/vino/vino_iPhone/Sources/Networking/VinoProtocol.swift /Users/cengcheng/Documents/GitHub/vino/vino_iPhone/Sources/Overlay/CameraOverlayView.swift -primary-file /Users/cengcheng/Documents/GitHub/vino/vino_iPhone/Sources/Overlay/InferenceResultsOverlayView.swift -primary-file /Users/cengcheng/Documents/GitHub/vino/vino_iPhone/Sources/Auth/AuthModels.swift /Users/cengcheng/Documents/GitHub/vino/vino_iPhone/Sources/Auth/KeychainStore.swift /Users/cengcheng/Documents/GitHub/vino/vino_iPhone/Sources/Auth/AuthSessionStore.swift /Users/cengcheng/Documents/GitHub/vino/vino_iPhone/Sources/Auth/AuthService.swift /Users/cengcheng/Documents/GitHub/vino/vino_iPhone/Sources/Models/CloudModelCatalog.swift /Users/cengcheng/Documents/GitHub/vino/vino_iPhone/Sources/Models/ModelLicenseVerifier.swift /Users/cengcheng/Documents/GitHub/vino/vino_iPhone/Sources/Networking/AssetUploadService.swift /Users/cengcheng/Documents/GitHub/vino/vino_iPhone/Sources/Networking/CloudControlCoordinator.swift /Users/cengcheng/Documents/GitHub/vino/docs/1.0.0/qa/evidence/derived-data-unthinned/Build/Intermediates.noindex/vino_iPhone.build/Debug-iphonesimulator/vino_iPhone.build/DerivedSources/GeneratedAssetSymbols.swift -emit-dependencies-path /Users/cengcheng/Documents/GitHub/vino/docs/1.0.0/qa/evidence/derived-data-unthinned/Build/Intermediates.noindex/vino_iPhone.build/Debug-iphonesimulator/vino_iPhone.build/Objects-normal/arm64/InferenceResultsOverlayView.d -emit-const-values-path /Users/cengcheng/Documents/GitHub/vino/docs/1.0.0/qa/evidence/derived-data-unthinned/Build/Intermediates.noindex/vino_iPhone.build/Debug-iphonesimulator/vino_iPhone.build/Objects-normal/arm64/InferenceResultsOverlayView.swiftconstvalues -emit-reference-dependencies-path /Users/cengcheng/Documents/GitHub/vino/docs/1.0.0/qa/evidence/derived-data-unthinned/Build/Intermediates.noindex/vino_iPhone.build/Debug-iphonesimulator/vino_iPhone.build/Objects-normal/arm64/InferenceResultsOverlayView.swiftdeps -serialize-diagnostics-path /Users/cengcheng/Documents/GitHub/vino/docs/1.0.0/qa/evidence/derived-data-unthinned/Build/Intermediates.noindex/vino_iPhone.build/Debug-iphonesimulator/vino_iPhone.build/Objects-normal/arm64/InferenceResultsOverlayView.dia -emit-dependencies-path /Users/cengcheng/Documents/GitHub/vino/docs/1.0.0/qa/evidence/derived-data-unthinned/Build/Intermediates.noindex/vino_iPhone.build/Debug-iphonesimulator/vino_iPhone.build/Objects-normal/arm64/AuthModels.d -emit-const-values-path /Users/cengcheng/Documents/GitHub/vino/docs/1.0.0/qa/evidence/derived-data-unthinned/Build/Intermediates.noindex/vino_iPhone.build/Debug-iphonesimulator/vino_iPhone.build/Objects-normal/arm64/AuthModels.swiftconstvalues -emit-reference-dependencies-path /Users/cengcheng/Documents/GitHub/vino/docs/1.0.0/qa/evidence/derived-data-unthinned/Build/Intermediates.noindex/vino_iPhone.build/Debug-iphonesimulator/vino_iPhone.build/Objects-normal/arm64/AuthModels.swiftdeps -serialize-diagnostics-path /Users/cengcheng/Documents/GitHub/vino/docs/1.0.0/qa/evidence/derived-data-unthinned/Build/Intermediates.noindex/vino_iPhone.build/Debug-iphonesimulator/vino_iPhone.build/Objects-normal/arm64/AuthModels.dia -emit-localized-strings -emit-localized-strings-path /Users/cengcheng/Documents/GitHub/vino/docs/1.0.0/qa/evidence/derived-data-unthinned/Build/Intermediates.noindex/vino_iPhone.build/Debug-iphonesimulator/vino_iPhone.build/Objects-normal/arm64 -target arm64-apple-ios17.6-simulator -Xllvm -aarch64-use-tbi -enable-objc-interop -sdk /Applications/Xcode.app/Contents/Developer/Platforms/iPhoneSimulator.platform/Developer/SDKs/iPhoneSimulator18.2.sdk -I /Users/cengcheng/Documents/GitHub/vino/docs/1.0.0/qa/evidence/derived-data-unthinned/Build/Products/Debug-iphonesimulator -F /Users/cengcheng/Documents/GitHub/vino/docs/1.0.0/qa/evidence/derived-data-unthinned/Build/Products/Debug-iphonesimulator -no-color-diagnostics -enable-testing -g -debug-info-format\=dwarf -dwarf-version\=4 -module-cache-path /Users/cengcheng/Documents/GitHub/vino/docs/1.0.0/qa/evidence/derived-data-unthinned/ModuleCache.noindex -swift-version 5 -enforce-exclusivity\=checked -Onone -D DEBUG -serialize-debugging-options -const-gather-protocols-file /Users/cengcheng/Documents/GitHub/vino/docs/1.0.0/qa/evidence/derived-data-unthinned/Build/Intermediates.noindex/vino_iPhone.build/Debug-iphonesimulator/vino_iPhone.build/Objects-normal/arm64/vino_iPhone_const_extract_protocols.json -enable-experimental-feature DebugDescriptionMacro -enable-experimental-feature OpaqueTypeErasure -enable-bare-slash-regex -empty-abi-descriptor -validate-clang-modules-once -clang-build-session-file /Users/cengcheng/Documents/GitHub/vino/docs/1.0.0/qa/evidence/derived-data-unthinned/ModuleCache.noindex/Session.modulevalidation -Xcc -working-directory -Xcc /Users/cengcheng/Documents/GitHub/vino/vino_iPhone -resource-dir /Applications/Xcode.app/Contents/Developer/Toolchains/XcodeDefault.xctoolchain/usr/lib/swift -enable-anonymous-context-mangled-names -file-compilation-dir /Users/cengcheng/Documents/GitHub/vino/vino_iPhone -Xcc -D_LIBCPP_HARDENING_MODE\=_LIBCPP_HARDENING_MODE_DEBUG -Xcc -ivfsstatcache -Xcc /Users/cengcheng/Documents/GitHub/vino/docs/1.0.0/qa/evidence/derived-data-unthinned/SDKStatCaches.noindex/iphonesimulator18.2-22C146-07b28473f605e47e75261259d3ef3b5a.sdkstatcache -Xcc -I/Users/cengcheng/Documents/GitHub/vino/docs/1.0.0/qa/evidence/derived-data-unthinned/Build/Intermediates.noindex/vino_iPhone.build/Debug-iphonesimulator/vino_iPhone.build/swift-overrides.hmap -Xcc -iquote -Xcc /Users/cengcheng/Documents/GitHub/vino/docs/1.0.0/qa/evidence/derived-data-unthinned/Build/Intermediates.noindex/vino_iPhone.build/Debug-iphonesimulator/vino_iPhone.build/灵眼GX-generated-files.hmap -Xcc -I/Users/cengcheng/Documents/GitHub/vino/docs/1.0.0/qa/evidence/derived-data-unthinned/Build/Intermediates.noindex/vino_iPhone.build/Debug-iphonesimulator/vino_iPhone.build/灵眼GX-own-target-headers.hmap -Xcc -I/Users/cengcheng/Documents/GitHub/vino/docs/1.0.0/qa/evidence/derived-data-unthinned/Build/Intermediates.noindex/vino_iPhone.build/Debug-iphonesimulator/vino_iPhone.build/灵眼GX-all-target-headers.hmap -Xcc -iquote -Xcc /Users/cengcheng/Documents/GitHub/vino/docs/1.0.0/qa/evidence/derived-data-unthinned/Build/Intermediates.noindex/vino_iPhone.build/Debug-iphonesimulator/vino_iPhone.build/灵眼GX-project-headers.hmap -Xcc -I/Users/cengcheng/Documents/GitHub/vino/docs/1.0.0/qa/evidence/derived-data-unthinned/Build/Products/Debug-iphonesimulator/include -Xcc -I/Users/cengcheng/Documents/GitHub/vino/docs/1.0.0/qa/evidence/derived-data-unthinned/Build/Intermediates.noindex/vino_iPhone.build/Debug-iphonesimulator/vino_iPhone.build/DerivedSources-normal/arm64 -Xcc -I/Users/cengcheng/Documents/GitHub/vino/docs/1.0.0/qa/evidence/derived-data-unthinned/Build/Intermediates.noindex/vino_iPhone.build/Debug-iphonesimulator/vino_iPhone.build/DerivedSources/arm64 -Xcc -I/Users/cengcheng/Documents/GitHub/vino/docs/1.0.0/qa/evidence/derived-data-unthinned/Build/Intermediates.noindex/vino_iPhone.build/Debug-iphonesimulator/vino_iPhone.build/DerivedSources -Xcc -DDEBUG\=1 -module-name vino_iPhone -frontend-parseable-output -disable-clang-spi -target-sdk-version 18.2 -target-sdk-name iphonesimulator18.2 -external-plugin-path /Applications/Xcode.app/Contents/Developer/Platforms/iPhoneOS.platform/Developer/usr/lib/swift/host/plugins\#/Applications/Xcode.app/Contents/Developer/Platforms/iPhoneOS.platform/Developer/usr/bin/swift-plugin-server -external-plugin-path /Applications/Xcode.app/Contents/Developer/Platforms/iPhoneOS.platform/Developer/usr/local/lib/swift/host/plugins\#/Applications/Xcode.app/Contents/Developer/Platforms/iPhoneOS.platform/Developer/usr/bin/swift-plugin-server -plugin-path /Applications/Xcode.app/Contents/Developer/Toolchains/XcodeDefault.xctoolchain/usr/lib/swift/host/plugins -plugin-path /Applications/Xcode.app/Contents/Developer/Toolchains/XcodeDefault.xctoolchain/usr/local/lib/swift/host/plugins -o /Users/cengcheng/Documents/GitHub/vino/docs/1.0.0/qa/evidence/derived-data-unthinned/Build/Intermediates.noindex/vino_iPhone.build/Debug-iphonesimulator/vino_iPhone.build/Objects-normal/arm64/InferenceResultsOverlayView.o -o /Users/cengcheng/Documents/GitHub/vino/docs/1.0.0/qa/evidence/derived-data-unthinned/Build/Intermediates.noindex/vino_iPhone.build/Debug-iphonesimulator/vino_iPhone.build/Objects-normal/arm64/AuthModels.o -index-unit-output-path /vino_iPhone.build/Debug-iphonesimulator/vino_iPhone.build/Objects-normal/arm64/InferenceResultsOverlayView.o -index-unit-output-path /vino_iPhone.build/Debug-iphonesimulator/vino_iPhone.build/Objects-normal/arm64/AuthModels.o -index-store-path /Users/cengcheng/Documents/GitHub/vino/docs/1.0.0/qa/evidence/derived-data-unthinned/Index.noindex/DataStore -index-system-modules
SwiftCompile normal arm64 /Users/cengcheng/Documents/GitHub/vino/vino_iPhone/Sources/Overlay/InferenceResultsOverlayView.swift (in target 'vino_iPhone' from project 'vino_iPhone')
    cd /Users/cengcheng/Documents/GitHub/vino/vino_iPhone
    /Applications/Xcode.app/Contents/Developer/Toolchains/XcodeDefault.xctoolchain/usr/bin/swift-frontend -c /Users/cengcheng/Documents/GitHub/vino/vino_iPhone/AppHost/VinoPhoneApp.swift /Users/cengcheng/Documents/GitHub/vino/vino_iPhone/Sources/App/VinoPhoneShellView.swift /Users/cengcheng/Documents/GitHub/vino/vino_iPhone/Sources/Camera/CameraPreviewView.swift /Users/cengcheng/Documents/GitHub/vino/vino_iPhone/Sources/Camera/CameraSessionController.swift /Users/cengcheng/Documents/GitHub/vino/vino_iPhone/Sources/Inference/InferenceRuntime.swift /Users/cengcheng/Documents/GitHub/vino/vino_iPhone/Sources/Models/CoreMLCatalog.swift /Users/cengcheng/Documents/GitHub/vino/vino_iPhone/Sources/Models/InferenceModels.swift /Users/cengcheng/Documents/GitHub/vino/vino_iPhone/Sources/Models/ModelFileStore.swift /Users/cengcheng/Documents/GitHub/vino/vino_iPhone/Sources/Models/VinoAppState.swift /Users/cengcheng/Documents/GitHub/vino/vino_iPhone/Sources/Models/VinoTheme.swift /Users/cengcheng/Documents/GitHub/vino/vino_iPhone/Sources/Networking/ControlPlaneCoordinator.swift /Users/cengcheng/Documents/GitHub/vino/vino_iPhone/Sources/Networking/IPAddressMonitor.swift /Users/cengcheng/Documents/GitHub/vino/vino_iPhone/Sources/Networking/VinoProtocol.swift /Users/cengcheng/Documents/GitHub/vino/vino_iPhone/Sources/Overlay/CameraOverlayView.swift -primary-file /Users/cengcheng/Documents/GitHub/vino/vino_iPhone/Sources/Overlay/InferenceResultsOverlayView.swift -primary-file /Users/cengcheng/Documents/GitHub/vino/vino_iPhone/Sources/Auth/AuthModels.swift /Users/cengcheng/Documents/GitHub/vino/vino_iPhone/Sources/Auth/KeychainStore.swift /Users/cengcheng/Documents/GitHub/vino/vino_iPhone/Sources/Auth/AuthSessionStore.swift /Users/cengcheng/Documents/GitHub/vino/vino_iPhone/Sources/Auth/AuthService.swift /Users/cengcheng/Documents/GitHub/vino/vino_iPhone/Sources/Models/CloudModelCatalog.swift /Users/cengcheng/Documents/GitHub/vino/vino_iPhone/Sources/Models/ModelLicenseVerifier.swift /Users/cengcheng/Documents/GitHub/vino/vino_iPhone/Sources/Networking/AssetUploadService.swift /Users/cengcheng/Documents/GitHub/vino/vino_iPhone/Sources/Networking/CloudControlCoordinator.swift /Users/cengcheng/Documents/GitHub/vino/docs/1.0.0/qa/evidence/derived-data-unthinned/Build/Intermediates.noindex/vino_iPhone.build/Debug-iphonesimulator/vino_iPhone.build/DerivedSources/GeneratedAssetSymbols.swift -emit-dependencies-path /Users/cengcheng/Documents/GitHub/vino/docs/1.0.0/qa/evidence/derived-data-unthinned/Build/Intermediates.noindex/vino_iPhone.build/Debug-iphonesimulator/vino_iPhone.build/Objects-normal/arm64/InferenceResultsOverlayView.d -emit-const-values-path /Users/cengcheng/Documents/GitHub/vino/docs/1.0.0/qa/evidence/derived-data-unthinned/Build/Intermediates.noindex/vino_iPhone.build/Debug-iphonesimulator/vino_iPhone.build/Objects-normal/arm64/InferenceResultsOverlayView.swiftconstvalues -emit-reference-dependencies-path /Users/cengcheng/Documents/GitHub/vino/docs/1.0.0/qa/evidence/derived-data-unthinned/Build/Intermediates.noindex/vino_iPhone.build/Debug-iphonesimulator/vino_iPhone.build/Objects-normal/arm64/InferenceResultsOverlayView.swiftdeps -serialize-diagnostics-path /Users/cengcheng/Documents/GitHub/vino/docs/1.0.0/qa/evidence/derived-data-unthinned/Build/Intermediates.noindex/vino_iPhone.build/Debug-iphonesimulator/vino_iPhone.build/Objects-normal/arm64/InferenceResultsOverlayView.dia -emit-dependencies-path /Users/cengcheng/Documents/GitHub/vino/docs/1.0.0/qa/evidence/derived-data-unthinned/Build/Intermediates.noindex/vino_iPhone.build/Debug-iphonesimulator/vino_iPhone.build/Objects-normal/arm64/AuthModels.d -emit-const-values-path /Users/cengcheng/Documents/GitHub/vino/docs/1.0.0/qa/evidence/derived-data-unthinned/Build/Intermediates.noindex/vino_iPhone.build/Debug-iphonesimulator/vino_iPhone.build/Objects-normal/arm64/AuthModels.swiftconstvalues -emit-reference-dependencies-path /Users/cengcheng/Documents/GitHub/vino/docs/1.0.0/qa/evidence/derived-data-unthinned/Build/Intermediates.noindex/vino_iPhone.build/Debug-iphonesimulator/vino_iPhone.build/Objects-normal/arm64/AuthModels.swiftdeps -serialize-diagnostics-path /Users/cengcheng/Documents/GitHub/vino/docs/1.0.0/qa/evidence/derived-data-unthinned/Build/Intermediates.noindex/vino_iPhone.build/Debug-iphonesimulator/vino_iPhone.build/Objects-normal/arm64/AuthModels.dia -emit-localized-strings -emit-localized-strings-path /Users/cengcheng/Documents/GitHub/vino/docs/1.0.0/qa/evidence/derived-data-unthinned/Build/Intermediates.noindex/vino_iPhone.build/Debug-iphonesimulator/vino_iPhone.build/Objects-normal/arm64 -target arm64-apple-ios17.6-simulator -Xllvm -aarch64-use-tbi -enable-objc-interop -sdk /Applications/Xcode.app/Contents/Developer/Platforms/iPhoneSimulator.platform/Developer/SDKs/iPhoneSimulator18.2.sdk -I /Users/cengcheng/Documents/GitHub/vino/docs/1.0.0/qa/evidence/derived-data-unthinned/Build/Products/Debug-iphonesimulator -F /Users/cengcheng/Documents/GitHub/vino/docs/1.0.0/qa/evidence/derived-data-unthinned/Build/Products/Debug-iphonesimulator -no-color-diagnostics -enable-testing -g -debug-info-format\=dwarf -dwarf-version\=4 -module-cache-path /Users/cengcheng/Documents/GitHub/vino/docs/1.0.0/qa/evidence/derived-data-unthinned/ModuleCache.noindex -swift-version 5 -enforce-exclusivity\=checked -Onone -D DEBUG -serialize-debugging-options -const-gather-protocols-file /Users/cengcheng/Documents/GitHub/vino/docs/1.0.0/qa/evidence/derived-data-unthinned/Build/Intermediates.noindex/vino_iPhone.build/Debug-iphonesimulator/vino_iPhone.build/Objects-normal/arm64/vino_iPhone_const_extract_protocols.json -enable-experimental-feature DebugDescriptionMacro -enable-experimental-feature OpaqueTypeErasure -enable-bare-slash-regex -empty-abi-descriptor -validate-clang-modules-once -clang-build-session-file /Users/cengcheng/Documents/GitHub/vino/docs/1.0.0/qa/evidence/derived-data-unthinned/ModuleCache.noindex/Session.modulevalidation -Xcc -working-directory -Xcc /Users/cengcheng/Documents/GitHub/vino/vino_iPhone -resource-dir /Applications/Xcode.app/Contents/Developer/Toolchains/XcodeDefault.xctoolchain/usr/lib/swift -enable-anonymous-context-mangled-names -file-compilation-dir /Users/cengcheng/Documents/GitHub/vino/vino_iPhone -Xcc -D_LIBCPP_HARDENING_MODE\=_LIBCPP_HARDENING_MODE_DEBUG -Xcc -ivfsstatcache -Xcc /Users/cengcheng/Documents/GitHub/vino/docs/1.0.0/qa/evidence/derived-data-unthinned/SDKStatCaches.noindex/iphonesimulator18.2-22C146-07b28473f605e47e75261259d3ef3b5a.sdkstatcache -Xcc -I/Users/cengcheng/Documents/GitHub/vino/docs/1.0.0/qa/evidence/derived-data-unthinned/Build/Intermediates.noindex/vino_iPhone.build/Debug-iphonesimulator/vino_iPhone.build/swift-overrides.hmap -Xcc -iquote -Xcc /Users/cengcheng/Documents/GitHub/vino/docs/1.0.0/qa/evidence/derived-data-unthinned/Build/Intermediates.noindex/vino_iPhone.build/Debug-iphonesimulator/vino_iPhone.build/灵眼GX-generated-files.hmap -Xcc -I/Users/cengcheng/Documents/GitHub/vino/docs/1.0.0/qa/evidence/derived-data-unthinned/Build/Intermediates.noindex/vino_iPhone.build/Debug-iphonesimulator/vino_iPhone.build/灵眼GX-own-target-headers.hmap -Xcc -I/Users/cengcheng/Documents/GitHub/vino/docs/1.0.0/qa/evidence/derived-data-unthinned/Build/Intermediates.noindex/vino_iPhone.build/Debug-iphonesimulator/vino_iPhone.build/灵眼GX-all-target-headers.hmap -Xcc -iquote -Xcc /Users/cengcheng/Documents/GitHub/vino/docs/1.0.0/qa/evidence/derived-data-unthinned/Build/Intermediates.noindex/vino_iPhone.build/Debug-iphonesimulator/vino_iPhone.build/灵眼GX-project-headers.hmap -Xcc -I/Users/cengcheng/Documents/GitHub/vino/docs/1.0.0/qa/evidence/derived-data-unthinned/Build/Products/Debug-iphonesimulator/include -Xcc -I/Users/cengcheng/Documents/GitHub/vino/docs/1.0.0/qa/evidence/derived-data-unthinned/Build/Intermediates.noindex/vino_iPhone.build/Debug-iphonesimulator/vino_iPhone.build/DerivedSources-normal/arm64 -Xcc -I/Users/cengcheng/Documents/GitHub/vino/docs/1.0.0/qa/evidence/derived-data-unthinned/Build/Intermediates.noindex/vino_iPhone.build/Debug-iphonesimulator/vino_iPhone.build/DerivedSources/arm64 -Xcc -I/Users/cengcheng/Documents/GitHub/vino/docs/1.0.0/qa/evidence/derived-data-unthinned/Build/Intermediates.noindex/vino_iPhone.build/Debug-iphonesimulator/vino_iPhone.build/DerivedSources -Xcc -DDEBUG\=1 -module-name vino_iPhone -frontend-parseable-output -disable-clang-spi -target-sdk-version 18.2 -target-sdk-name iphonesimulator18.2 -external-plugin-path /Applications/Xcode.app/Contents/Developer/Platforms/iPhoneOS.platform/Developer/usr/lib/swift/host/plugins\#/Applications/Xcode.app/Contents/Developer/Platforms/iPhoneOS.platform/Developer/usr/bin/swift-plugin-server -external-plugin-path /Applications/Xcode.app/Contents/Developer/Platforms/iPhoneOS.platform/Developer/usr/local/lib/swift/host/plugins\#/Applications/Xcode.app/Contents/Developer/Platforms/iPhoneOS.platform/Developer/usr/bin/swift-plugin-server -plugin-path /Applications/Xcode.app/Contents/Developer/Toolchains/XcodeDefault.xctoolchain/usr/lib/swift/host/plugins -plugin-path /Applications/Xcode.app/Contents/Developer/Toolchains/XcodeDefault.xctoolchain/usr/local/lib/swift/host/plugins -o /Users/cengcheng/Documents/GitHub/vino/docs/1.0.0/qa/evidence/derived-data-unthinned/Build/Intermediates.noindex/vino_iPhone.build/Debug-iphonesimulator/vino_iPhone.build/Objects-normal/arm64/InferenceResultsOverlayView.o -o /Users/cengcheng/Documents/GitHub/vino/docs/1.0.0/qa/evidence/derived-data-unthinned/Build/Intermediates.noindex/vino_iPhone.build/Debug-iphonesimulator/vino_iPhone.build/Objects-normal/arm64/AuthModels.o -index-unit-output-path /vino_iPhone.build/Debug-iphonesimulator/vino_iPhone.build/Objects-normal/arm64/InferenceResultsOverlayView.o -index-unit-output-path /vino_iPhone.build/Debug-iphonesimulator/vino_iPhone.build/Objects-normal/arm64/AuthModels.o -index-store-path /Users/cengcheng/Documents/GitHub/vino/docs/1.0.0/qa/evidence/derived-data-unthinned/Index.noindex/DataStore -index-system-modules

SwiftCompile normal arm64 /Users/cengcheng/Documents/GitHub/vino/vino_iPhone/Sources/Auth/AuthModels.swift (in target 'vino_iPhone' from project 'vino_iPhone')
    cd /Users/cengcheng/Documents/GitHub/vino/vino_iPhone
    /Applications/Xcode.app/Contents/Developer/Toolchains/XcodeDefault.xctoolchain/usr/bin/swift-frontend -c /Users/cengcheng/Documents/GitHub/vino/vino_iPhone/AppHost/VinoPhoneApp.swift /Users/cengcheng/Documents/GitHub/vino/vino_iPhone/Sources/App/VinoPhoneShellView.swift /Users/cengcheng/Documents/GitHub/vino/vino_iPhone/Sources/Camera/CameraPreviewView.swift /Users/cengcheng/Documents/GitHub/vino/vino_iPhone/Sources/Camera/CameraSessionController.swift /Users/cengcheng/Documents/GitHub/vino/vino_iPhone/Sources/Inference/InferenceRuntime.swift /Users/cengcheng/Documents/GitHub/vino/vino_iPhone/Sources/Models/CoreMLCatalog.swift /Users/cengcheng/Documents/GitHub/vino/vino_iPhone/Sources/Models/InferenceModels.swift /Users/cengcheng/Documents/GitHub/vino/vino_iPhone/Sources/Models/ModelFileStore.swift /Users/cengcheng/Documents/GitHub/vino/vino_iPhone/Sources/Models/VinoAppState.swift /Users/cengcheng/Documents/GitHub/vino/vino_iPhone/Sources/Models/VinoTheme.swift /Users/cengcheng/Documents/GitHub/vino/vino_iPhone/Sources/Networking/ControlPlaneCoordinator.swift /Users/cengcheng/Documents/GitHub/vino/vino_iPhone/Sources/Networking/IPAddressMonitor.swift /Users/cengcheng/Documents/GitHub/vino/vino_iPhone/Sources/Networking/VinoProtocol.swift /Users/cengcheng/Documents/GitHub/vino/vino_iPhone/Sources/Overlay/CameraOverlayView.swift -primary-file /Users/cengcheng/Documents/GitHub/vino/vino_iPhone/Sources/Overlay/InferenceResultsOverlayView.swift -primary-file /Users/cengcheng/Documents/GitHub/vino/vino_iPhone/Sources/Auth/AuthModels.swift /Users/cengcheng/Documents/GitHub/vino/vino_iPhone/Sources/Auth/KeychainStore.swift /Users/cengcheng/Documents/GitHub/vino/vino_iPhone/Sources/Auth/AuthSessionStore.swift /Users/cengcheng/Documents/GitHub/vino/vino_iPhone/Sources/Auth/AuthService.swift /Users/cengcheng/Documents/GitHub/vino/vino_iPhone/Sources/Models/CloudModelCatalog.swift /Users/cengcheng/Documents/GitHub/vino/vino_iPhone/Sources/Models/ModelLicenseVerifier.swift /Users/cengcheng/Documents/GitHub/vino/vino_iPhone/Sources/Networking/AssetUploadService.swift /Users/cengcheng/Documents/GitHub/vino/vino_iPhone/Sources/Networking/CloudControlCoordinator.swift /Users/cengcheng/Documents/GitHub/vino/docs/1.0.0/qa/evidence/derived-data-unthinned/Build/Intermediates.noindex/vino_iPhone.build/Debug-iphonesimulator/vino_iPhone.build/DerivedSources/GeneratedAssetSymbols.swift -emit-dependencies-path /Users/cengcheng/Documents/GitHub/vino/docs/1.0.0/qa/evidence/derived-data-unthinned/Build/Intermediates.noindex/vino_iPhone.build/Debug-iphonesimulator/vino_iPhone.build/Objects-normal/arm64/InferenceResultsOverlayView.d -emit-const-values-path /Users/cengcheng/Documents/GitHub/vino/docs/1.0.0/qa/evidence/derived-data-unthinned/Build/Intermediates.noindex/vino_iPhone.build/Debug-iphonesimulator/vino_iPhone.build/Objects-normal/arm64/InferenceResultsOverlayView.swiftconstvalues -emit-reference-dependencies-path /Users/cengcheng/Documents/GitHub/vino/docs/1.0.0/qa/evidence/derived-data-unthinned/Build/Intermediates.noindex/vino_iPhone.build/Debug-iphonesimulator/vino_iPhone.build/Objects-normal/arm64/InferenceResultsOverlayView.swiftdeps -serialize-diagnostics-path /Users/cengcheng/Documents/GitHub/vino/docs/1.0.0/qa/evidence/derived-data-unthinned/Build/Intermediates.noindex/vino_iPhone.build/Debug-iphonesimulator/vino_iPhone.build/Objects-normal/arm64/InferenceResultsOverlayView.dia -emit-dependencies-path /Users/cengcheng/Documents/GitHub/vino/docs/1.0.0/qa/evidence/derived-data-unthinned/Build/Intermediates.noindex/vino_iPhone.build/Debug-iphonesimulator/vino_iPhone.build/Objects-normal/arm64/AuthModels.d -emit-const-values-path /Users/cengcheng/Documents/GitHub/vino/docs/1.0.0/qa/evidence/derived-data-unthinned/Build/Intermediates.noindex/vino_iPhone.build/Debug-iphonesimulator/vino_iPhone.build/Objects-normal/arm64/AuthModels.swiftconstvalues -emit-reference-dependencies-path /Users/cengcheng/Documents/GitHub/vino/docs/1.0.0/qa/evidence/derived-data-unthinned/Build/Intermediates.noindex/vino_iPhone.build/Debug-iphonesimulator/vino_iPhone.build/Objects-normal/arm64/AuthModels.swiftdeps -serialize-diagnostics-path /Users/cengcheng/Documents/GitHub/vino/docs/1.0.0/qa/evidence/derived-data-unthinned/Build/Intermediates.noindex/vino_iPhone.build/Debug-iphonesimulator/vino_iPhone.build/Objects-normal/arm64/AuthModels.dia -emit-localized-strings -emit-localized-strings-path /Users/cengcheng/Documents/GitHub/vino/docs/1.0.0/qa/evidence/derived-data-unthinned/Build/Intermediates.noindex/vino_iPhone.build/Debug-iphonesimulator/vino_iPhone.build/Objects-normal/arm64 -target arm64-apple-ios17.6-simulator -Xllvm -aarch64-use-tbi -enable-objc-interop -sdk /Applications/Xcode.app/Contents/Developer/Platforms/iPhoneSimulator.platform/Developer/SDKs/iPhoneSimulator18.2.sdk -I /Users/cengcheng/Documents/GitHub/vino/docs/1.0.0/qa/evidence/derived-data-unthinned/Build/Products/Debug-iphonesimulator -F /Users/cengcheng/Documents/GitHub/vino/docs/1.0.0/qa/evidence/derived-data-unthinned/Build/Products/Debug-iphonesimulator -no-color-diagnostics -enable-testing -g -debug-info-format\=dwarf -dwarf-version\=4 -module-cache-path /Users/cengcheng/Documents/GitHub/vino/docs/1.0.0/qa/evidence/derived-data-unthinned/ModuleCache.noindex -swift-version 5 -enforce-exclusivity\=checked -Onone -D DEBUG -serialize-debugging-options -const-gather-protocols-file /Users/cengcheng/Documents/GitHub/vino/docs/1.0.0/qa/evidence/derived-data-unthinned/Build/Intermediates.noindex/vino_iPhone.build/Debug-iphonesimulator/vino_iPhone.build/Objects-normal/arm64/vino_iPhone_const_extract_protocols.json -enable-experimental-feature DebugDescriptionMacro -enable-experimental-feature OpaqueTypeErasure -enable-bare-slash-regex -empty-abi-descriptor -validate-clang-modules-once -clang-build-session-file /Users/cengcheng/Documents/GitHub/vino/docs/1.0.0/qa/evidence/derived-data-unthinned/ModuleCache.noindex/Session.modulevalidation -Xcc -working-directory -Xcc /Users/cengcheng/Documents/GitHub/vino/vino_iPhone -resource-dir /Applications/Xcode.app/Contents/Developer/Toolchains/XcodeDefault.xctoolchain/usr/lib/swift -enable-anonymous-context-mangled-names -file-compilation-dir /Users/cengcheng/Documents/GitHub/vino/vino_iPhone -Xcc -D_LIBCPP_HARDENING_MODE\=_LIBCPP_HARDENING_MODE_DEBUG -Xcc -ivfsstatcache -Xcc /Users/cengcheng/Documents/GitHub/vino/docs/1.0.0/qa/evidence/derived-data-unthinned/SDKStatCaches.noindex/iphonesimulator18.2-22C146-07b28473f605e47e75261259d3ef3b5a.sdkstatcache -Xcc -I/Users/cengcheng/Documents/GitHub/vino/docs/1.0.0/qa/evidence/derived-data-unthinned/Build/Intermediates.noindex/vino_iPhone.build/Debug-iphonesimulator/vino_iPhone.build/swift-overrides.hmap -Xcc -iquote -Xcc /Users/cengcheng/Documents/GitHub/vino/docs/1.0.0/qa/evidence/derived-data-unthinned/Build/Intermediates.noindex/vino_iPhone.build/Debug-iphonesimulator/vino_iPhone.build/灵眼GX-generated-files.hmap -Xcc -I/Users/cengcheng/Documents/GitHub/vino/docs/1.0.0/qa/evidence/derived-data-unthinned/Build/Intermediates.noindex/vino_iPhone.build/Debug-iphonesimulator/vino_iPhone.build/灵眼GX-own-target-headers.hmap -Xcc -I/Users/cengcheng/Documents/GitHub/vino/docs/1.0.0/qa/evidence/derived-data-unthinned/Build/Intermediates.noindex/vino_iPhone.build/Debug-iphonesimulator/vino_iPhone.build/灵眼GX-all-target-headers.hmap -Xcc -iquote -Xcc /Users/cengcheng/Documents/GitHub/vino/docs/1.0.0/qa/evidence/derived-data-unthinned/Build/Intermediates.noindex/vino_iPhone.build/Debug-iphonesimulator/vino_iPhone.build/灵眼GX-project-headers.hmap -Xcc -I/Users/cengcheng/Documents/GitHub/vino/docs/1.0.0/qa/evidence/derived-data-unthinned/Build/Products/Debug-iphonesimulator/include -Xcc -I/Users/cengcheng/Documents/GitHub/vino/docs/1.0.0/qa/evidence/derived-data-unthinned/Build/Intermediates.noindex/vino_iPhone.build/Debug-iphonesimulator/vino_iPhone.build/DerivedSources-normal/arm64 -Xcc -I/Users/cengcheng/Documents/GitHub/vino/docs/1.0.0/qa/evidence/derived-data-unthinned/Build/Intermediates.noindex/vino_iPhone.build/Debug-iphonesimulator/vino_iPhone.build/DerivedSources/arm64 -Xcc -I/Users/cengcheng/Documents/GitHub/vino/docs/1.0.0/qa/evidence/derived-data-unthinned/Build/Intermediates.noindex/vino_iPhone.build/Debug-iphonesimulator/vino_iPhone.build/DerivedSources -Xcc -DDEBUG\=1 -module-name vino_iPhone -frontend-parseable-output -disable-clang-spi -target-sdk-version 18.2 -target-sdk-name iphonesimulator18.2 -external-plugin-path /Applications/Xcode.app/Contents/Developer/Platforms/iPhoneOS.platform/Developer/usr/lib/swift/host/plugins\#/Applications/Xcode.app/Contents/Developer/Platforms/iPhoneOS.platform/Developer/usr/bin/swift-plugin-server -external-plugin-path /Applications/Xcode.app/Contents/Developer/Platforms/iPhoneOS.platform/Developer/usr/local/lib/swift/host/plugins\#/Applications/Xcode.app/Contents/Developer/Platforms/iPhoneOS.platform/Developer/usr/bin/swift-plugin-server -plugin-path /Applications/Xcode.app/Contents/Developer/Toolchains/XcodeDefault.xctoolchain/usr/lib/swift/host/plugins -plugin-path /Applications/Xcode.app/Contents/Developer/Toolchains/XcodeDefault.xctoolchain/usr/local/lib/swift/host/plugins -o /Users/cengcheng/Documents/GitHub/vino/docs/1.0.0/qa/evidence/derived-data-unthinned/Build/Intermediates.noindex/vino_iPhone.build/Debug-iphonesimulator/vino_iPhone.build/Objects-normal/arm64/InferenceResultsOverlayView.o -o /Users/cengcheng/Documents/GitHub/vino/docs/1.0.0/qa/evidence/derived-data-unthinned/Build/Intermediates.noindex/vino_iPhone.build/Debug-iphonesimulator/vino_iPhone.build/Objects-normal/arm64/AuthModels.o -index-unit-output-path /vino_iPhone.build/Debug-iphonesimulator/vino_iPhone.build/Objects-normal/arm64/InferenceResultsOverlayView.o -index-unit-output-path /vino_iPhone.build/Debug-iphonesimulator/vino_iPhone.build/Objects-normal/arm64/AuthModels.o -index-store-path /Users/cengcheng/Documents/GitHub/vino/docs/1.0.0/qa/evidence/derived-data-unthinned/Index.noindex/DataStore -index-system-modules

SwiftCompile normal arm64 Compiling\ VinoTheme.swift,\ ControlPlaneCoordinator.swift,\ IPAddressMonitor.swift /Users/cengcheng/Documents/GitHub/vino/vino_iPhone/Sources/Models/VinoTheme.swift /Users/cengcheng/Documents/GitHub/vino/vino_iPhone/Sources/Networking/ControlPlaneCoordinator.swift /Users/cengcheng/Documents/GitHub/vino/vino_iPhone/Sources/Networking/IPAddressMonitor.swift (in target 'vino_iPhone' from project 'vino_iPhone')
    cd /Users/cengcheng/Documents/GitHub/vino/vino_iPhone
    builtin-swiftTaskExecution -- /Applications/Xcode.app/Contents/Developer/Toolchains/XcodeDefault.xctoolchain/usr/bin/swift-frontend -frontend -c /Users/cengcheng/Documents/GitHub/vino/vino_iPhone/AppHost/VinoPhoneApp.swift /Users/cengcheng/Documents/GitHub/vino/vino_iPhone/Sources/App/VinoPhoneShellView.swift /Users/cengcheng/Documents/GitHub/vino/vino_iPhone/Sources/Camera/CameraPreviewView.swift /Users/cengcheng/Documents/GitHub/vino/vino_iPhone/Sources/Camera/CameraSessionController.swift /Users/cengcheng/Documents/GitHub/vino/vino_iPhone/Sources/Inference/InferenceRuntime.swift /Users/cengcheng/Documents/GitHub/vino/vino_iPhone/Sources/Models/CoreMLCatalog.swift /Users/cengcheng/Documents/GitHub/vino/vino_iPhone/Sources/Models/InferenceModels.swift /Users/cengcheng/Documents/GitHub/vino/vino_iPhone/Sources/Models/ModelFileStore.swift /Users/cengcheng/Documents/GitHub/vino/vino_iPhone/Sources/Models/VinoAppState.swift -primary-file /Users/cengcheng/Documents/GitHub/vino/vino_iPhone/Sources/Models/VinoTheme.swift -primary-file /Users/cengcheng/Documents/GitHub/vino/vino_iPhone/Sources/Networking/ControlPlaneCoordinator.swift -primary-file /Users/cengcheng/Documents/GitHub/vino/vino_iPhone/Sources/Networking/IPAddressMonitor.swift /Users/cengcheng/Documents/GitHub/vino/vino_iPhone/Sources/Networking/VinoProtocol.swift /Users/cengcheng/Documents/GitHub/vino/vino_iPhone/Sources/Overlay/CameraOverlayView.swift /Users/cengcheng/Documents/GitHub/vino/vino_iPhone/Sources/Overlay/InferenceResultsOverlayView.swift /Users/cengcheng/Documents/GitHub/vino/vino_iPhone/Sources/Auth/AuthModels.swift /Users/cengcheng/Documents/GitHub/vino/vino_iPhone/Sources/Auth/KeychainStore.swift /Users/cengcheng/Documents/GitHub/vino/vino_iPhone/Sources/Auth/AuthSessionStore.swift /Users/cengcheng/Documents/GitHub/vino/vino_iPhone/Sources/Auth/AuthService.swift /Users/cengcheng/Documents/GitHub/vino/vino_iPhone/Sources/Models/CloudModelCatalog.swift /Users/cengcheng/Documents/GitHub/vino/vino_iPhone/Sources/Models/ModelLicenseVerifier.swift /Users/cengcheng/Documents/GitHub/vino/vino_iPhone/Sources/Networking/AssetUploadService.swift /Users/cengcheng/Documents/GitHub/vino/vino_iPhone/Sources/Networking/CloudControlCoordinator.swift /Users/cengcheng/Documents/GitHub/vino/docs/1.0.0/qa/evidence/derived-data-unthinned/Build/Intermediates.noindex/vino_iPhone.build/Debug-iphonesimulator/vino_iPhone.build/DerivedSources/GeneratedAssetSymbols.swift -supplementary-output-file-map /Users/cengcheng/Documents/GitHub/vino/docs/1.0.0/qa/evidence/derived-data-unthinned/Build/Intermediates.noindex/vino_iPhone.build/Debug-iphonesimulator/vino_iPhone.build/Objects-normal/arm64/supplementaryOutputs-8 -emit-localized-strings -emit-localized-strings-path /Users/cengcheng/Documents/GitHub/vino/docs/1.0.0/qa/evidence/derived-data-unthinned/Build/Intermediates.noindex/vino_iPhone.build/Debug-iphonesimulator/vino_iPhone.build/Objects-normal/arm64 -target arm64-apple-ios17.6-simulator -Xllvm -aarch64-use-tbi -enable-objc-interop -sdk /Applications/Xcode.app/Contents/Developer/Platforms/iPhoneSimulator.platform/Developer/SDKs/iPhoneSimulator18.2.sdk -I /Users/cengcheng/Documents/GitHub/vino/docs/1.0.0/qa/evidence/derived-data-unthinned/Build/Products/Debug-iphonesimulator -F /Users/cengcheng/Documents/GitHub/vino/docs/1.0.0/qa/evidence/derived-data-unthinned/Build/Products/Debug-iphonesimulator -no-color-diagnostics -enable-testing -g -debug-info-format\=dwarf -dwarf-version\=4 -module-cache-path /Users/cengcheng/Documents/GitHub/vino/docs/1.0.0/qa/evidence/derived-data-unthinned/ModuleCache.noindex -swift-version 5 -enforce-exclusivity\=checked -Onone -D DEBUG -serialize-debugging-options -const-gather-protocols-file /Users/cengcheng/Documents/GitHub/vino/docs/1.0.0/qa/evidence/derived-data-unthinned/Build/Intermediates.noindex/vino_iPhone.build/Debug-iphonesimulator/vino_iPhone.build/Objects-normal/arm64/vino_iPhone_const_extract_protocols.json -enable-experimental-feature DebugDescriptionMacro -enable-experimental-feature OpaqueTypeErasure -enable-bare-slash-regex -empty-abi-descriptor -validate-clang-modules-once -clang-build-session-file /Users/cengcheng/Documents/GitHub/vino/docs/1.0.0/qa/evidence/derived-data-unthinned/ModuleCache.noindex/Session.modulevalidation -Xcc -working-directory -Xcc /Users/cengcheng/Documents/GitHub/vino/vino_iPhone -resource-dir /Applications/Xcode.app/Contents/Developer/Toolchains/XcodeDefault.xctoolchain/usr/lib/swift -enable-anonymous-context-mangled-names -file-compilation-dir /Users/cengcheng/Documents/GitHub/vino/vino_iPhone -Xcc -D_LIBCPP_HARDENING_MODE\=_LIBCPP_HARDENING_MODE_DEBUG -Xcc -ivfsstatcache -Xcc /Users/cengcheng/Documents/GitHub/vino/docs/1.0.0/qa/evidence/derived-data-unthinned/SDKStatCaches.noindex/iphonesimulator18.2-22C146-07b28473f605e47e75261259d3ef3b5a.sdkstatcache -Xcc -I/Users/cengcheng/Documents/GitHub/vino/docs/1.0.0/qa/evidence/derived-data-unthinned/Build/Intermediates.noindex/vino_iPhone.build/Debug-iphonesimulator/vino_iPhone.build/swift-overrides.hmap -Xcc -iquote -Xcc /Users/cengcheng/Documents/GitHub/vino/docs/1.0.0/qa/evidence/derived-data-unthinned/Build/Intermediates.noindex/vino_iPhone.build/Debug-iphonesimulator/vino_iPhone.build/灵眼GX-generated-files.hmap -Xcc -I/Users/cengcheng/Documents/GitHub/vino/docs/1.0.0/qa/evidence/derived-data-unthinned/Build/Intermediates.noindex/vino_iPhone.build/Debug-iphonesimulator/vino_iPhone.build/灵眼GX-own-target-headers.hmap -Xcc -I/Users/cengcheng/Documents/GitHub/vino/docs/1.0.0/qa/evidence/derived-data-unthinned/Build/Intermediates.noindex/vino_iPhone.build/Debug-iphonesimulator/vino_iPhone.build/灵眼GX-all-target-headers.hmap -Xcc -iquote -Xcc /Users/cengcheng/Documents/GitHub/vino/docs/1.0.0/qa/evidence/derived-data-unthinned/Build/Intermediates.noindex/vino_iPhone.build/Debug-iphonesimulator/vino_iPhone.build/灵眼GX-project-headers.hmap -Xcc -I/Users/cengcheng/Documents/GitHub/vino/docs/1.0.0/qa/evidence/derived-data-unthinned/Build/Products/Debug-iphonesimulator/include -Xcc -I/Users/cengcheng/Documents/GitHub/vino/docs/1.0.0/qa/evidence/derived-data-unthinned/Build/Intermediates.noindex/vino_iPhone.build/Debug-iphonesimulator/vino_iPhone.build/DerivedSources-normal/arm64 -Xcc -I/Users/cengcheng/Documents/GitHub/vino/docs/1.0.0/qa/evidence/derived-data-unthinned/Build/Intermediates.noindex/vino_iPhone.build/Debug-iphonesimulator/vino_iPhone.build/DerivedSources/arm64 -Xcc -I/Users/cengcheng/Documents/GitHub/vino/docs/1.0.0/qa/evidence/derived-data-unthinned/Build/Intermediates.noindex/vino_iPhone.build/Debug-iphonesimulator/vino_iPhone.build/DerivedSources -Xcc -DDEBUG\=1 -module-name vino_iPhone -frontend-parseable-output -disable-clang-spi -target-sdk-version 18.2 -target-sdk-name iphonesimulator18.2 -external-plugin-path /Applications/Xcode.app/Contents/Developer/Platforms/iPhoneOS.platform/Developer/usr/lib/swift/host/plugins\#/Applications/Xcode.app/Contents/Developer/Platforms/iPhoneOS.platform/Developer/usr/bin/swift-plugin-server -external-plugin-path /Applications/Xcode.app/Contents/Developer/Platforms/iPhoneOS.platform/Developer/usr/local/lib/swift/host/plugins\#/Applications/Xcode.app/Contents/Developer/Platforms/iPhoneOS.platform/Developer/usr/bin/swift-plugin-server -plugin-path /Applications/Xcode.app/Contents/Developer/Toolchains/XcodeDefault.xctoolchain/usr/lib/swift/host/plugins -plugin-path /Applications/Xcode.app/Contents/Developer/Toolchains/XcodeDefault.xctoolchain/usr/local/lib/swift/host/plugins -o /Users/cengcheng/Documents/GitHub/vino/docs/1.0.0/qa/evidence/derived-data-unthinned/Build/Intermediates.noindex/vino_iPhone.build/Debug-iphonesimulator/vino_iPhone.build/Objects-normal/arm64/VinoTheme.o -o /Users/cengcheng/Documents/GitHub/vino/docs/1.0.0/qa/evidence/derived-data-unthinned/Build/Intermediates.noindex/vino_iPhone.build/Debug-iphonesimulator/vino_iPhone.build/Objects-normal/arm64/ControlPlaneCoordinator.o -o /Users/cengcheng/Documents/GitHub/vino/docs/1.0.0/qa/evidence/derived-data-unthinned/Build/Intermediates.noindex/vino_iPhone.build/Debug-iphonesimulator/vino_iPhone.build/Objects-normal/arm64/IPAddressMonitor.o -index-unit-output-path /vino_iPhone.build/Debug-iphonesimulator/vino_iPhone.build/Objects-normal/arm64/VinoTheme.o -index-unit-output-path /vino_iPhone.build/Debug-iphonesimulator/vino_iPhone.build/Objects-normal/arm64/ControlPlaneCoordinator.o -index-unit-output-path /vino_iPhone.build/Debug-iphonesimulator/vino_iPhone.build/Objects-normal/arm64/IPAddressMonitor.o -index-store-path /Users/cengcheng/Documents/GitHub/vino/docs/1.0.0/qa/evidence/derived-data-unthinned/Index.noindex/DataStore -index-system-modules

SwiftCompile normal arm64 /Users/cengcheng/Documents/GitHub/vino/vino_iPhone/Sources/Models/VinoTheme.swift (in target 'vino_iPhone' from project 'vino_iPhone')
    cd /Users/cengcheng/Documents/GitHub/vino/vino_iPhone
    /Applications/Xcode.app/Contents/Developer/Toolchains/XcodeDefault.xctoolchain/usr/bin/swift-frontend -c /Users/cengcheng/Documents/GitHub/vino/vino_iPhone/AppHost/VinoPhoneApp.swift /Users/cengcheng/Documents/GitHub/vino/vino_iPhone/Sources/App/VinoPhoneShellView.swift /Users/cengcheng/Documents/GitHub/vino/vino_iPhone/Sources/Camera/CameraPreviewView.swift /Users/cengcheng/Documents/GitHub/vino/vino_iPhone/Sources/Camera/CameraSessionController.swift /Users/cengcheng/Documents/GitHub/vino/vino_iPhone/Sources/Inference/InferenceRuntime.swift /Users/cengcheng/Documents/GitHub/vino/vino_iPhone/Sources/Models/CoreMLCatalog.swift /Users/cengcheng/Documents/GitHub/vino/vino_iPhone/Sources/Models/InferenceModels.swift /Users/cengcheng/Documents/GitHub/vino/vino_iPhone/Sources/Models/ModelFileStore.swift /Users/cengcheng/Documents/GitHub/vino/vino_iPhone/Sources/Models/VinoAppState.swift -primary-file /Users/cengcheng/Documents/GitHub/vino/vino_iPhone/Sources/Models/VinoTheme.swift -primary-file /Users/cengcheng/Documents/GitHub/vino/vino_iPhone/Sources/Networking/ControlPlaneCoordinator.swift -primary-file /Users/cengcheng/Documents/GitHub/vino/vino_iPhone/Sources/Networking/IPAddressMonitor.swift /Users/cengcheng/Documents/GitHub/vino/vino_iPhone/Sources/Networking/VinoProtocol.swift /Users/cengcheng/Documents/GitHub/vino/vino_iPhone/Sources/Overlay/CameraOverlayView.swift /Users/cengcheng/Documents/GitHub/vino/vino_iPhone/Sources/Overlay/InferenceResultsOverlayView.swift /Users/cengcheng/Documents/GitHub/vino/vino_iPhone/Sources/Auth/AuthModels.swift /Users/cengcheng/Documents/GitHub/vino/vino_iPhone/Sources/Auth/KeychainStore.swift /Users/cengcheng/Documents/GitHub/vino/vino_iPhone/Sources/Auth/AuthSessionStore.swift /Users/cengcheng/Documents/GitHub/vino/vino_iPhone/Sources/Auth/AuthService.swift /Users/cengcheng/Documents/GitHub/vino/vino_iPhone/Sources/Models/CloudModelCatalog.swift /Users/cengcheng/Documents/GitHub/vino/vino_iPhone/Sources/Models/ModelLicenseVerifier.swift /Users/cengcheng/Documents/GitHub/vino/vino_iPhone/Sources/Networking/AssetUploadService.swift /Users/cengcheng/Documents/GitHub/vino/vino_iPhone/Sources/Networking/CloudControlCoordinator.swift /Users/cengcheng/Documents/GitHub/vino/docs/1.0.0/qa/evidence/derived-data-unthinned/Build/Intermediates.noindex/vino_iPhone.build/Debug-iphonesimulator/vino_iPhone.build/DerivedSources/GeneratedAssetSymbols.swift -supplementary-output-file-map /Users/cengcheng/Documents/GitHub/vino/docs/1.0.0/qa/evidence/derived-data-unthinned/Build/Intermediates.noindex/vino_iPhone.build/Debug-iphonesimulator/vino_iPhone.build/Objects-normal/arm64/supplementaryOutputs-8 -emit-localized-strings -emit-localized-strings-path /Users/cengcheng/Documents/GitHub/vino/docs/1.0.0/qa/evidence/derived-data-unthinned/Build/Intermediates.noindex/vino_iPhone.build/Debug-iphonesimulator/vino_iPhone.build/Objects-normal/arm64 -target arm64-apple-ios17.6-simulator -Xllvm -aarch64-use-tbi -enable-objc-interop -sdk /Applications/Xcode.app/Contents/Developer/Platforms/iPhoneSimulator.platform/Developer/SDKs/iPhoneSimulator18.2.sdk -I /Users/cengcheng/Documents/GitHub/vino/docs/1.0.0/qa/evidence/derived-data-unthinned/Build/Products/Debug-iphonesimulator -F /Users/cengcheng/Documents/GitHub/vino/docs/1.0.0/qa/evidence/derived-data-unthinned/Build/Products/Debug-iphonesimulator -no-color-diagnostics -enable-testing -g -debug-info-format\=dwarf -dwarf-version\=4 -module-cache-path /Users/cengcheng/Documents/GitHub/vino/docs/1.0.0/qa/evidence/derived-data-unthinned/ModuleCache.noindex -swift-version 5 -enforce-exclusivity\=checked -Onone -D DEBUG -serialize-debugging-options -const-gather-protocols-file /Users/cengcheng/Documents/GitHub/vino/docs/1.0.0/qa/evidence/derived-data-unthinned/Build/Intermediates.noindex/vino_iPhone.build/Debug-iphonesimulator/vino_iPhone.build/Objects-normal/arm64/vino_iPhone_const_extract_protocols.json -enable-experimental-feature DebugDescriptionMacro -enable-experimental-feature OpaqueTypeErasure -enable-bare-slash-regex -empty-abi-descriptor -validate-clang-modules-once -clang-build-session-file /Users/cengcheng/Documents/GitHub/vino/docs/1.0.0/qa/evidence/derived-data-unthinned/ModuleCache.noindex/Session.modulevalidation -Xcc -working-directory -Xcc /Users/cengcheng/Documents/GitHub/vino/vino_iPhone -resource-dir /Applications/Xcode.app/Contents/Developer/Toolchains/XcodeDefault.xctoolchain/usr/lib/swift -enable-anonymous-context-mangled-names -file-compilation-dir /Users/cengcheng/Documents/GitHub/vino/vino_iPhone -Xcc -D_LIBCPP_HARDENING_MODE\=_LIBCPP_HARDENING_MODE_DEBUG -Xcc -ivfsstatcache -Xcc /Users/cengcheng/Documents/GitHub/vino/docs/1.0.0/qa/evidence/derived-data-unthinned/SDKStatCaches.noindex/iphonesimulator18.2-22C146-07b28473f605e47e75261259d3ef3b5a.sdkstatcache -Xcc -I/Users/cengcheng/Documents/GitHub/vino/docs/1.0.0/qa/evidence/derived-data-unthinned/Build/Intermediates.noindex/vino_iPhone.build/Debug-iphonesimulator/vino_iPhone.build/swift-overrides.hmap -Xcc -iquote -Xcc /Users/cengcheng/Documents/GitHub/vino/docs/1.0.0/qa/evidence/derived-data-unthinned/Build/Intermediates.noindex/vino_iPhone.build/Debug-iphonesimulator/vino_iPhone.build/灵眼GX-generated-files.hmap -Xcc -I/Users/cengcheng/Documents/GitHub/vino/docs/1.0.0/qa/evidence/derived-data-unthinned/Build/Intermediates.noindex/vino_iPhone.build/Debug-iphonesimulator/vino_iPhone.build/灵眼GX-own-target-headers.hmap -Xcc -I/Users/cengcheng/Documents/GitHub/vino/docs/1.0.0/qa/evidence/derived-data-unthinned/Build/Intermediates.noindex/vino_iPhone.build/Debug-iphonesimulator/vino_iPhone.build/灵眼GX-all-target-headers.hmap -Xcc -iquote -Xcc /Users/cengcheng/Documents/GitHub/vino/docs/1.0.0/qa/evidence/derived-data-unthinned/Build/Intermediates.noindex/vino_iPhone.build/Debug-iphonesimulator/vino_iPhone.build/灵眼GX-project-headers.hmap -Xcc -I/Users/cengcheng/Documents/GitHub/vino/docs/1.0.0/qa/evidence/derived-data-unthinned/Build/Products/Debug-iphonesimulator/include -Xcc -I/Users/cengcheng/Documents/GitHub/vino/docs/1.0.0/qa/evidence/derived-data-unthinned/Build/Intermediates.noindex/vino_iPhone.build/Debug-iphonesimulator/vino_iPhone.build/DerivedSources-normal/arm64 -Xcc -I/Users/cengcheng/Documents/GitHub/vino/docs/1.0.0/qa/evidence/derived-data-unthinned/Build/Intermediates.noindex/vino_iPhone.build/Debug-iphonesimulator/vino_iPhone.build/DerivedSources/arm64 -Xcc -I/Users/cengcheng/Documents/GitHub/vino/docs/1.0.0/qa/evidence/derived-data-unthinned/Build/Intermediates.noindex/vino_iPhone.build/Debug-iphonesimulator/vino_iPhone.build/DerivedSources -Xcc -DDEBUG\=1 -module-name vino_iPhone -frontend-parseable-output -disable-clang-spi -target-sdk-version 18.2 -target-sdk-name iphonesimulator18.2 -external-plugin-path /Applications/Xcode.app/Contents/Developer/Platforms/iPhoneOS.platform/Developer/usr/lib/swift/host/plugins\#/Applications/Xcode.app/Contents/Developer/Platforms/iPhoneOS.platform/Developer/usr/bin/swift-plugin-server -external-plugin-path /Applications/Xcode.app/Contents/Developer/Platforms/iPhoneOS.platform/Developer/usr/local/lib/swift/host/plugins\#/Applications/Xcode.app/Contents/Developer/Platforms/iPhoneOS.platform/Developer/usr/bin/swift-plugin-server -plugin-path /Applications/Xcode.app/Contents/Developer/Toolchains/XcodeDefault.xctoolchain/usr/lib/swift/host/plugins -plugin-path /Applications/Xcode.app/Contents/Developer/Toolchains/XcodeDefault.xctoolchain/usr/local/lib/swift/host/plugins -o /Users/cengcheng/Documents/GitHub/vino/docs/1.0.0/qa/evidence/derived-data-unthinned/Build/Intermediates.noindex/vino_iPhone.build/Debug-iphonesimulator/vino_iPhone.build/Objects-normal/arm64/VinoTheme.o -o /Users/cengcheng/Documents/GitHub/vino/docs/1.0.0/qa/evidence/derived-data-unthinned/Build/Intermediates.noindex/vino_iPhone.build/Debug-iphonesimulator/vino_iPhone.build/Objects-normal/arm64/ControlPlaneCoordinator.o -o /Users/cengcheng/Documents/GitHub/vino/docs/1.0.0/qa/evidence/derived-data-unthinned/Build/Intermediates.noindex/vino_iPhone.build/Debug-iphonesimulator/vino_iPhone.build/Objects-normal/arm64/IPAddressMonitor.o -index-unit-output-path /vino_iPhone.build/Debug-iphonesimulator/vino_iPhone.build/Objects-normal/arm64/VinoTheme.o -index-unit-output-path /vino_iPhone.build/Debug-iphonesimulator/vino_iPhone.build/Objects-normal/arm64/ControlPlaneCoordinator.o -index-unit-output-path /vino_iPhone.build/Debug-iphonesimulator/vino_iPhone.build/Objects-normal/arm64/IPAddressMonitor.o -index-store-path /Users/cengcheng/Documents/GitHub/vino/docs/1.0.0/qa/evidence/derived-data-unthinned/Index.noindex/DataStore -index-system-modules

SwiftCompile normal arm64 /Users/cengcheng/Documents/GitHub/vino/vino_iPhone/Sources/Networking/ControlPlaneCoordinator.swift (in target 'vino_iPhone' from project 'vino_iPhone')
    cd /Users/cengcheng/Documents/GitHub/vino/vino_iPhone
    /Applications/Xcode.app/Contents/Developer/Toolchains/XcodeDefault.xctoolchain/usr/bin/swift-frontend -c /Users/cengcheng/Documents/GitHub/vino/vino_iPhone/AppHost/VinoPhoneApp.swift /Users/cengcheng/Documents/GitHub/vino/vino_iPhone/Sources/App/VinoPhoneShellView.swift /Users/cengcheng/Documents/GitHub/vino/vino_iPhone/Sources/Camera/CameraPreviewView.swift /Users/cengcheng/Documents/GitHub/vino/vino_iPhone/Sources/Camera/CameraSessionController.swift /Users/cengcheng/Documents/GitHub/vino/vino_iPhone/Sources/Inference/InferenceRuntime.swift /Users/cengcheng/Documents/GitHub/vino/vino_iPhone/Sources/Models/CoreMLCatalog.swift /Users/cengcheng/Documents/GitHub/vino/vino_iPhone/Sources/Models/InferenceModels.swift /Users/cengcheng/Documents/GitHub/vino/vino_iPhone/Sources/Models/ModelFileStore.swift /Users/cengcheng/Documents/GitHub/vino/vino_iPhone/Sources/Models/VinoAppState.swift -primary-file /Users/cengcheng/Documents/GitHub/vino/vino_iPhone/Sources/Models/VinoTheme.swift -primary-file /Users/cengcheng/Documents/GitHub/vino/vino_iPhone/Sources/Networking/ControlPlaneCoordinator.swift -primary-file /Users/cengcheng/Documents/GitHub/vino/vino_iPhone/Sources/Networking/IPAddressMonitor.swift /Users/cengcheng/Documents/GitHub/vino/vino_iPhone/Sources/Networking/VinoProtocol.swift /Users/cengcheng/Documents/GitHub/vino/vino_iPhone/Sources/Overlay/CameraOverlayView.swift /Users/cengcheng/Documents/GitHub/vino/vino_iPhone/Sources/Overlay/InferenceResultsOverlayView.swift /Users/cengcheng/Documents/GitHub/vino/vino_iPhone/Sources/Auth/AuthModels.swift /Users/cengcheng/Documents/GitHub/vino/vino_iPhone/Sources/Auth/KeychainStore.swift /Users/cengcheng/Documents/GitHub/vino/vino_iPhone/Sources/Auth/AuthSessionStore.swift /Users/cengcheng/Documents/GitHub/vino/vino_iPhone/Sources/Auth/AuthService.swift /Users/cengcheng/Documents/GitHub/vino/vino_iPhone/Sources/Models/CloudModelCatalog.swift /Users/cengcheng/Documents/GitHub/vino/vino_iPhone/Sources/Models/ModelLicenseVerifier.swift /Users/cengcheng/Documents/GitHub/vino/vino_iPhone/Sources/Networking/AssetUploadService.swift /Users/cengcheng/Documents/GitHub/vino/vino_iPhone/Sources/Networking/CloudControlCoordinator.swift /Users/cengcheng/Documents/GitHub/vino/docs/1.0.0/qa/evidence/derived-data-unthinned/Build/Intermediates.noindex/vino_iPhone.build/Debug-iphonesimulator/vino_iPhone.build/DerivedSources/GeneratedAssetSymbols.swift -supplementary-output-file-map /Users/cengcheng/Documents/GitHub/vino/docs/1.0.0/qa/evidence/derived-data-unthinned/Build/Intermediates.noindex/vino_iPhone.build/Debug-iphonesimulator/vino_iPhone.build/Objects-normal/arm64/supplementaryOutputs-8 -emit-localized-strings -emit-localized-strings-path /Users/cengcheng/Documents/GitHub/vino/docs/1.0.0/qa/evidence/derived-data-unthinned/Build/Intermediates.noindex/vino_iPhone.build/Debug-iphonesimulator/vino_iPhone.build/Objects-normal/arm64 -target arm64-apple-ios17.6-simulator -Xllvm -aarch64-use-tbi -enable-objc-interop -sdk /Applications/Xcode.app/Contents/Developer/Platforms/iPhoneSimulator.platform/Developer/SDKs/iPhoneSimulator18.2.sdk -I /Users/cengcheng/Documents/GitHub/vino/docs/1.0.0/qa/evidence/derived-data-unthinned/Build/Products/Debug-iphonesimulator -F /Users/cengcheng/Documents/GitHub/vino/docs/1.0.0/qa/evidence/derived-data-unthinned/Build/Products/Debug-iphonesimulator -no-color-diagnostics -enable-testing -g -debug-info-format\=dwarf -dwarf-version\=4 -module-cache-path /Users/cengcheng/Documents/GitHub/vino/docs/1.0.0/qa/evidence/derived-data-unthinned/ModuleCache.noindex -swift-version 5 -enforce-exclusivity\=checked -Onone -D DEBUG -serialize-debugging-options -const-gather-protocols-file /Users/cengcheng/Documents/GitHub/vino/docs/1.0.0/qa/evidence/derived-data-unthinned/Build/Intermediates.noindex/vino_iPhone.build/Debug-iphonesimulator/vino_iPhone.build/Objects-normal/arm64/vino_iPhone_const_extract_protocols.json -enable-experimental-feature DebugDescriptionMacro -enable-experimental-feature OpaqueTypeErasure -enable-bare-slash-regex -empty-abi-descriptor -validate-clang-modules-once -clang-build-session-file /Users/cengcheng/Documents/GitHub/vino/docs/1.0.0/qa/evidence/derived-data-unthinned/ModuleCache.noindex/Session.modulevalidation -Xcc -working-directory -Xcc /Users/cengcheng/Documents/GitHub/vino/vino_iPhone -resource-dir /Applications/Xcode.app/Contents/Developer/Toolchains/XcodeDefault.xctoolchain/usr/lib/swift -enable-anonymous-context-mangled-names -file-compilation-dir /Users/cengcheng/Documents/GitHub/vino/vino_iPhone -Xcc -D_LIBCPP_HARDENING_MODE\=_LIBCPP_HARDENING_MODE_DEBUG -Xcc -ivfsstatcache -Xcc /Users/cengcheng/Documents/GitHub/vino/docs/1.0.0/qa/evidence/derived-data-unthinned/SDKStatCaches.noindex/iphonesimulator18.2-22C146-07b28473f605e47e75261259d3ef3b5a.sdkstatcache -Xcc -I/Users/cengcheng/Documents/GitHub/vino/docs/1.0.0/qa/evidence/derived-data-unthinned/Build/Intermediates.noindex/vino_iPhone.build/Debug-iphonesimulator/vino_iPhone.build/swift-overrides.hmap -Xcc -iquote -Xcc /Users/cengcheng/Documents/GitHub/vino/docs/1.0.0/qa/evidence/derived-data-unthinned/Build/Intermediates.noindex/vino_iPhone.build/Debug-iphonesimulator/vino_iPhone.build/灵眼GX-generated-files.hmap -Xcc -I/Users/cengcheng/Documents/GitHub/vino/docs/1.0.0/qa/evidence/derived-data-unthinned/Build/Intermediates.noindex/vino_iPhone.build/Debug-iphonesimulator/vino_iPhone.build/灵眼GX-own-target-headers.hmap -Xcc -I/Users/cengcheng/Documents/GitHub/vino/docs/1.0.0/qa/evidence/derived-data-unthinned/Build/Intermediates.noindex/vino_iPhone.build/Debug-iphonesimulator/vino_iPhone.build/灵眼GX-all-target-headers.hmap -Xcc -iquote -Xcc /Users/cengcheng/Documents/GitHub/vino/docs/1.0.0/qa/evidence/derived-data-unthinned/Build/Intermediates.noindex/vino_iPhone.build/Debug-iphonesimulator/vino_iPhone.build/灵眼GX-project-headers.hmap -Xcc -I/Users/cengcheng/Documents/GitHub/vino/docs/1.0.0/qa/evidence/derived-data-unthinned/Build/Products/Debug-iphonesimulator/include -Xcc -I/Users/cengcheng/Documents/GitHub/vino/docs/1.0.0/qa/evidence/derived-data-unthinned/Build/Intermediates.noindex/vino_iPhone.build/Debug-iphonesimulator/vino_iPhone.build/DerivedSources-normal/arm64 -Xcc -I/Users/cengcheng/Documents/GitHub/vino/docs/1.0.0/qa/evidence/derived-data-unthinned/Build/Intermediates.noindex/vino_iPhone.build/Debug-iphonesimulator/vino_iPhone.build/DerivedSources/arm64 -Xcc -I/Users/cengcheng/Documents/GitHub/vino/docs/1.0.0/qa/evidence/derived-data-unthinned/Build/Intermediates.noindex/vino_iPhone.build/Debug-iphonesimulator/vino_iPhone.build/DerivedSources -Xcc -DDEBUG\=1 -module-name vino_iPhone -frontend-parseable-output -disable-clang-spi -target-sdk-version 18.2 -target-sdk-name iphonesimulator18.2 -external-plugin-path /Applications/Xcode.app/Contents/Developer/Platforms/iPhoneOS.platform/Developer/usr/lib/swift/host/plugins\#/Applications/Xcode.app/Contents/Developer/Platforms/iPhoneOS.platform/Developer/usr/bin/swift-plugin-server -external-plugin-path /Applications/Xcode.app/Contents/Developer/Platforms/iPhoneOS.platform/Developer/usr/local/lib/swift/host/plugins\#/Applications/Xcode.app/Contents/Developer/Platforms/iPhoneOS.platform/Developer/usr/bin/swift-plugin-server -plugin-path /Applications/Xcode.app/Contents/Developer/Toolchains/XcodeDefault.xctoolchain/usr/lib/swift/host/plugins -plugin-path /Applications/Xcode.app/Contents/Developer/Toolchains/XcodeDefault.xctoolchain/usr/local/lib/swift/host/plugins -o /Users/cengcheng/Documents/GitHub/vino/docs/1.0.0/qa/evidence/derived-data-unthinned/Build/Intermediates.noindex/vino_iPhone.build/Debug-iphonesimulator/vino_iPhone.build/Objects-normal/arm64/VinoTheme.o -o /Users/cengcheng/Documents/GitHub/vino/docs/1.0.0/qa/evidence/derived-data-unthinned/Build/Intermediates.noindex/vino_iPhone.build/Debug-iphonesimulator/vino_iPhone.build/Objects-normal/arm64/ControlPlaneCoordinator.o -o /Users/cengcheng/Documents/GitHub/vino/docs/1.0.0/qa/evidence/derived-data-unthinned/Build/Intermediates.noindex/vino_iPhone.build/Debug-iphonesimulator/vino_iPhone.build/Objects-normal/arm64/IPAddressMonitor.o -index-unit-output-path /vino_iPhone.build/Debug-iphonesimulator/vino_iPhone.build/Objects-normal/arm64/VinoTheme.o -index-unit-output-path /vino_iPhone.build/Debug-iphonesimulator/vino_iPhone.build/Objects-normal/arm64/ControlPlaneCoordinator.o -index-unit-output-path /vino_iPhone.build/Debug-iphonesimulator/vino_iPhone.build/Objects-normal/arm64/IPAddressMonitor.o -index-store-path /Users/cengcheng/Documents/GitHub/vino/docs/1.0.0/qa/evidence/derived-data-unthinned/Index.noindex/DataStore -index-system-modules

SwiftCompile normal arm64 /Users/cengcheng/Documents/GitHub/vino/vino_iPhone/Sources/Networking/IPAddressMonitor.swift (in target 'vino_iPhone' from project 'vino_iPhone')
    cd /Users/cengcheng/Documents/GitHub/vino/vino_iPhone
    /Applications/Xcode.app/Contents/Developer/Toolchains/XcodeDefault.xctoolchain/usr/bin/swift-frontend -c /Users/cengcheng/Documents/GitHub/vino/vino_iPhone/AppHost/VinoPhoneApp.swift /Users/cengcheng/Documents/GitHub/vino/vino_iPhone/Sources/App/VinoPhoneShellView.swift /Users/cengcheng/Documents/GitHub/vino/vino_iPhone/Sources/Camera/CameraPreviewView.swift /Users/cengcheng/Documents/GitHub/vino/vino_iPhone/Sources/Camera/CameraSessionController.swift /Users/cengcheng/Documents/GitHub/vino/vino_iPhone/Sources/Inference/InferenceRuntime.swift /Users/cengcheng/Documents/GitHub/vino/vino_iPhone/Sources/Models/CoreMLCatalog.swift /Users/cengcheng/Documents/GitHub/vino/vino_iPhone/Sources/Models/InferenceModels.swift /Users/cengcheng/Documents/GitHub/vino/vino_iPhone/Sources/Models/ModelFileStore.swift /Users/cengcheng/Documents/GitHub/vino/vino_iPhone/Sources/Models/VinoAppState.swift -primary-file /Users/cengcheng/Documents/GitHub/vino/vino_iPhone/Sources/Models/VinoTheme.swift -primary-file /Users/cengcheng/Documents/GitHub/vino/vino_iPhone/Sources/Networking/ControlPlaneCoordinator.swift -primary-file /Users/cengcheng/Documents/GitHub/vino/vino_iPhone/Sources/Networking/IPAddressMonitor.swift /Users/cengcheng/Documents/GitHub/vino/vino_iPhone/Sources/Networking/VinoProtocol.swift /Users/cengcheng/Documents/GitHub/vino/vino_iPhone/Sources/Overlay/CameraOverlayView.swift /Users/cengcheng/Documents/GitHub/vino/vino_iPhone/Sources/Overlay/InferenceResultsOverlayView.swift /Users/cengcheng/Documents/GitHub/vino/vino_iPhone/Sources/Auth/AuthModels.swift /Users/cengcheng/Documents/GitHub/vino/vino_iPhone/Sources/Auth/KeychainStore.swift /Users/cengcheng/Documents/GitHub/vino/vino_iPhone/Sources/Auth/AuthSessionStore.swift /Users/cengcheng/Documents/GitHub/vino/vino_iPhone/Sources/Auth/AuthService.swift /Users/cengcheng/Documents/GitHub/vino/vino_iPhone/Sources/Models/CloudModelCatalog.swift /Users/cengcheng/Documents/GitHub/vino/vino_iPhone/Sources/Models/ModelLicenseVerifier.swift /Users/cengcheng/Documents/GitHub/vino/vino_iPhone/Sources/Networking/AssetUploadService.swift /Users/cengcheng/Documents/GitHub/vino/vino_iPhone/Sources/Networking/CloudControlCoordinator.swift /Users/cengcheng/Documents/GitHub/vino/docs/1.0.0/qa/evidence/derived-data-unthinned/Build/Intermediates.noindex/vino_iPhone.build/Debug-iphonesimulator/vino_iPhone.build/DerivedSources/GeneratedAssetSymbols.swift -supplementary-output-file-map /Users/cengcheng/Documents/GitHub/vino/docs/1.0.0/qa/evidence/derived-data-unthinned/Build/Intermediates.noindex/vino_iPhone.build/Debug-iphonesimulator/vino_iPhone.build/Objects-normal/arm64/supplementaryOutputs-8 -emit-localized-strings -emit-localized-strings-path /Users/cengcheng/Documents/GitHub/vino/docs/1.0.0/qa/evidence/derived-data-unthinned/Build/Intermediates.noindex/vino_iPhone.build/Debug-iphonesimulator/vino_iPhone.build/Objects-normal/arm64 -target arm64-apple-ios17.6-simulator -Xllvm -aarch64-use-tbi -enable-objc-interop -sdk /Applications/Xcode.app/Contents/Developer/Platforms/iPhoneSimulator.platform/Developer/SDKs/iPhoneSimulator18.2.sdk -I /Users/cengcheng/Documents/GitHub/vino/docs/1.0.0/qa/evidence/derived-data-unthinned/Build/Products/Debug-iphonesimulator -F /Users/cengcheng/Documents/GitHub/vino/docs/1.0.0/qa/evidence/derived-data-unthinned/Build/Products/Debug-iphonesimulator -no-color-diagnostics -enable-testing -g -debug-info-format\=dwarf -dwarf-version\=4 -module-cache-path /Users/cengcheng/Documents/GitHub/vino/docs/1.0.0/qa/evidence/derived-data-unthinned/ModuleCache.noindex -swift-version 5 -enforce-exclusivity\=checked -Onone -D DEBUG -serialize-debugging-options -const-gather-protocols-file /Users/cengcheng/Documents/GitHub/vino/docs/1.0.0/qa/evidence/derived-data-unthinned/Build/Intermediates.noindex/vino_iPhone.build/Debug-iphonesimulator/vino_iPhone.build/Objects-normal/arm64/vino_iPhone_const_extract_protocols.json -enable-experimental-feature DebugDescriptionMacro -enable-experimental-feature OpaqueTypeErasure -enable-bare-slash-regex -empty-abi-descriptor -validate-clang-modules-once -clang-build-session-file /Users/cengcheng/Documents/GitHub/vino/docs/1.0.0/qa/evidence/derived-data-unthinned/ModuleCache.noindex/Session.modulevalidation -Xcc -working-directory -Xcc /Users/cengcheng/Documents/GitHub/vino/vino_iPhone -resource-dir /Applications/Xcode.app/Contents/Developer/Toolchains/XcodeDefault.xctoolchain/usr/lib/swift -enable-anonymous-context-mangled-names -file-compilation-dir /Users/cengcheng/Documents/GitHub/vino/vino_iPhone -Xcc -D_LIBCPP_HARDENING_MODE\=_LIBCPP_HARDENING_MODE_DEBUG -Xcc -ivfsstatcache -Xcc /Users/cengcheng/Documents/GitHub/vino/docs/1.0.0/qa/evidence/derived-data-unthinned/SDKStatCaches.noindex/iphonesimulator18.2-22C146-07b28473f605e47e75261259d3ef3b5a.sdkstatcache -Xcc -I/Users/cengcheng/Documents/GitHub/vino/docs/1.0.0/qa/evidence/derived-data-unthinned/Build/Intermediates.noindex/vino_iPhone.build/Debug-iphonesimulator/vino_iPhone.build/swift-overrides.hmap -Xcc -iquote -Xcc /Users/cengcheng/Documents/GitHub/vino/docs/1.0.0/qa/evidence/derived-data-unthinned/Build/Intermediates.noindex/vino_iPhone.build/Debug-iphonesimulator/vino_iPhone.build/灵眼GX-generated-files.hmap -Xcc -I/Users/cengcheng/Documents/GitHub/vino/docs/1.0.0/qa/evidence/derived-data-unthinned/Build/Intermediates.noindex/vino_iPhone.build/Debug-iphonesimulator/vino_iPhone.build/灵眼GX-own-target-headers.hmap -Xcc -I/Users/cengcheng/Documents/GitHub/vino/docs/1.0.0/qa/evidence/derived-data-unthinned/Build/Intermediates.noindex/vino_iPhone.build/Debug-iphonesimulator/vino_iPhone.build/灵眼GX-all-target-headers.hmap -Xcc -iquote -Xcc /Users/cengcheng/Documents/GitHub/vino/docs/1.0.0/qa/evidence/derived-data-unthinned/Build/Intermediates.noindex/vino_iPhone.build/Debug-iphonesimulator/vino_iPhone.build/灵眼GX-project-headers.hmap -Xcc -I/Users/cengcheng/Documents/GitHub/vino/docs/1.0.0/qa/evidence/derived-data-unthinned/Build/Products/Debug-iphonesimulator/include -Xcc -I/Users/cengcheng/Documents/GitHub/vino/docs/1.0.0/qa/evidence/derived-data-unthinned/Build/Intermediates.noindex/vino_iPhone.build/Debug-iphonesimulator/vino_iPhone.build/DerivedSources-normal/arm64 -Xcc -I/Users/cengcheng/Documents/GitHub/vino/docs/1.0.0/qa/evidence/derived-data-unthinned/Build/Intermediates.noindex/vino_iPhone.build/Debug-iphonesimulator/vino_iPhone.build/DerivedSources/arm64 -Xcc -I/Users/cengcheng/Documents/GitHub/vino/docs/1.0.0/qa/evidence/derived-data-unthinned/Build/Intermediates.noindex/vino_iPhone.build/Debug-iphonesimulator/vino_iPhone.build/DerivedSources -Xcc -DDEBUG\=1 -module-name vino_iPhone -frontend-parseable-output -disable-clang-spi -target-sdk-version 18.2 -target-sdk-name iphonesimulator18.2 -external-plugin-path /Applications/Xcode.app/Contents/Developer/Platforms/iPhoneOS.platform/Developer/usr/lib/swift/host/plugins\#/Applications/Xcode.app/Contents/Developer/Platforms/iPhoneOS.platform/Developer/usr/bin/swift-plugin-server -external-plugin-path /Applications/Xcode.app/Contents/Developer/Platforms/iPhoneOS.platform/Developer/usr/local/lib/swift/host/plugins\#/Applications/Xcode.app/Contents/Developer/Platforms/iPhoneOS.platform/Developer/usr/bin/swift-plugin-server -plugin-path /Applications/Xcode.app/Contents/Developer/Toolchains/XcodeDefault.xctoolchain/usr/lib/swift/host/plugins -plugin-path /Applications/Xcode.app/Contents/Developer/Toolchains/XcodeDefault.xctoolchain/usr/local/lib/swift/host/plugins -o /Users/cengcheng/Documents/GitHub/vino/docs/1.0.0/qa/evidence/derived-data-unthinned/Build/Intermediates.noindex/vino_iPhone.build/Debug-iphonesimulator/vino_iPhone.build/Objects-normal/arm64/VinoTheme.o -o /Users/cengcheng/Documents/GitHub/vino/docs/1.0.0/qa/evidence/derived-data-unthinned/Build/Intermediates.noindex/vino_iPhone.build/Debug-iphonesimulator/vino_iPhone.build/Objects-normal/arm64/ControlPlaneCoordinator.o -o /Users/cengcheng/Documents/GitHub/vino/docs/1.0.0/qa/evidence/derived-data-unthinned/Build/Intermediates.noindex/vino_iPhone.build/Debug-iphonesimulator/vino_iPhone.build/Objects-normal/arm64/IPAddressMonitor.o -index-unit-output-path /vino_iPhone.build/Debug-iphonesimulator/vino_iPhone.build/Objects-normal/arm64/VinoTheme.o -index-unit-output-path /vino_iPhone.build/Debug-iphonesimulator/vino_iPhone.build/Objects-normal/arm64/ControlPlaneCoordinator.o -index-unit-output-path /vino_iPhone.build/Debug-iphonesimulator/vino_iPhone.build/Objects-normal/arm64/IPAddressMonitor.o -index-store-path /Users/cengcheng/Documents/GitHub/vino/docs/1.0.0/qa/evidence/derived-data-unthinned/Index.noindex/DataStore -index-system-modules

SwiftCompile normal arm64 Compiling\ KeychainStore.swift,\ AuthSessionStore.swift /Users/cengcheng/Documents/GitHub/vino/vino_iPhone/Sources/Auth/KeychainStore.swift /Users/cengcheng/Documents/GitHub/vino/vino_iPhone/Sources/Auth/AuthSessionStore.swift (in target 'vino_iPhone' from project 'vino_iPhone')
    cd /Users/cengcheng/Documents/GitHub/vino/vino_iPhone
    builtin-swiftTaskExecution -- /Applications/Xcode.app/Contents/Developer/Toolchains/XcodeDefault.xctoolchain/usr/bin/swift-frontend -frontend -c /Users/cengcheng/Documents/GitHub/vino/vino_iPhone/AppHost/VinoPhoneApp.swift /Users/cengcheng/Documents/GitHub/vino/vino_iPhone/Sources/App/VinoPhoneShellView.swift /Users/cengcheng/Documents/GitHub/vino/vino_iPhone/Sources/Camera/CameraPreviewView.swift /Users/cengcheng/Documents/GitHub/vino/vino_iPhone/Sources/Camera/CameraSessionController.swift /Users/cengcheng/Documents/GitHub/vino/vino_iPhone/Sources/Inference/InferenceRuntime.swift /Users/cengcheng/Documents/GitHub/vino/vino_iPhone/Sources/Models/CoreMLCatalog.swift /Users/cengcheng/Documents/GitHub/vino/vino_iPhone/Sources/Models/InferenceModels.swift /Users/cengcheng/Documents/GitHub/vino/vino_iPhone/Sources/Models/ModelFileStore.swift /Users/cengcheng/Documents/GitHub/vino/vino_iPhone/Sources/Models/VinoAppState.swift /Users/cengcheng/Documents/GitHub/vino/vino_iPhone/Sources/Models/VinoTheme.swift /Users/cengcheng/Documents/GitHub/vino/vino_iPhone/Sources/Networking/ControlPlaneCoordinator.swift /Users/cengcheng/Documents/GitHub/vino/vino_iPhone/Sources/Networking/IPAddressMonitor.swift /Users/cengcheng/Documents/GitHub/vino/vino_iPhone/Sources/Networking/VinoProtocol.swift /Users/cengcheng/Documents/GitHub/vino/vino_iPhone/Sources/Overlay/CameraOverlayView.swift /Users/cengcheng/Documents/GitHub/vino/vino_iPhone/Sources/Overlay/InferenceResultsOverlayView.swift /Users/cengcheng/Documents/GitHub/vino/vino_iPhone/Sources/Auth/AuthModels.swift -primary-file /Users/cengcheng/Documents/GitHub/vino/vino_iPhone/Sources/Auth/KeychainStore.swift -primary-file /Users/cengcheng/Documents/GitHub/vino/vino_iPhone/Sources/Auth/AuthSessionStore.swift /Users/cengcheng/Documents/GitHub/vino/vino_iPhone/Sources/Auth/AuthService.swift /Users/cengcheng/Documents/GitHub/vino/vino_iPhone/Sources/Models/CloudModelCatalog.swift /Users/cengcheng/Documents/GitHub/vino/vino_iPhone/Sources/Models/ModelLicenseVerifier.swift /Users/cengcheng/Documents/GitHub/vino/vino_iPhone/Sources/Networking/AssetUploadService.swift /Users/cengcheng/Documents/GitHub/vino/vino_iPhone/Sources/Networking/CloudControlCoordinator.swift /Users/cengcheng/Documents/GitHub/vino/docs/1.0.0/qa/evidence/derived-data-unthinned/Build/Intermediates.noindex/vino_iPhone.build/Debug-iphonesimulator/vino_iPhone.build/DerivedSources/GeneratedAssetSymbols.swift -emit-dependencies-path /Users/cengcheng/Documents/GitHub/vino/docs/1.0.0/qa/evidence/derived-data-unthinned/Build/Intermediates.noindex/vino_iPhone.build/Debug-iphonesimulator/vino_iPhone.build/Objects-normal/arm64/KeychainStore.d -emit-const-values-path /Users/cengcheng/Documents/GitHub/vino/docs/1.0.0/qa/evidence/derived-data-unthinned/Build/Intermediates.noindex/vino_iPhone.build/Debug-iphonesimulator/vino_iPhone.build/Objects-normal/arm64/KeychainStore.swiftconstvalues -emit-reference-dependencies-path /Users/cengcheng/Documents/GitHub/vino/docs/1.0.0/qa/evidence/derived-data-unthinned/Build/Intermediates.noindex/vino_iPhone.build/Debug-iphonesimulator/vino_iPhone.build/Objects-normal/arm64/KeychainStore.swiftdeps -serialize-diagnostics-path /Users/cengcheng/Documents/GitHub/vino/docs/1.0.0/qa/evidence/derived-data-unthinned/Build/Intermediates.noindex/vino_iPhone.build/Debug-iphonesimulator/vino_iPhone.build/Objects-normal/arm64/KeychainStore.dia -emit-dependencies-path /Users/cengcheng/Documents/GitHub/vino/docs/1.0.0/qa/evidence/derived-data-unthinned/Build/Intermediates.noindex/vino_iPhone.build/Debug-iphonesimulator/vino_iPhone.build/Objects-normal/arm64/AuthSessionStore.d -emit-const-values-path /Users/cengcheng/Documents/GitHub/vino/docs/1.0.0/qa/evidence/derived-data-unthinned/Build/Intermediates.noindex/vino_iPhone.build/Debug-iphonesimulator/vino_iPhone.build/Objects-normal/arm64/AuthSessionStore.swiftconstvalues -emit-reference-dependencies-path /Users/cengcheng/Documents/GitHub/vino/docs/1.0.0/qa/evidence/derived-data-unthinned/Build/Intermediates.noindex/vino_iPhone.build/Debug-iphonesimulator/vino_iPhone.build/Objects-normal/arm64/AuthSessionStore.swiftdeps -serialize-diagnostics-path /Users/cengcheng/Documents/GitHub/vino/docs/1.0.0/qa/evidence/derived-data-unthinned/Build/Intermediates.noindex/vino_iPhone.build/Debug-iphonesimulator/vino_iPhone.build/Objects-normal/arm64/AuthSessionStore.dia -emit-localized-strings -emit-localized-strings-path /Users/cengcheng/Documents/GitHub/vino/docs/1.0.0/qa/evidence/derived-data-unthinned/Build/Intermediates.noindex/vino_iPhone.build/Debug-iphonesimulator/vino_iPhone.build/Objects-normal/arm64 -target arm64-apple-ios17.6-simulator -Xllvm -aarch64-use-tbi -enable-objc-interop -sdk /Applications/Xcode.app/Contents/Developer/Platforms/iPhoneSimulator.platform/Developer/SDKs/iPhoneSimulator18.2.sdk -I /Users/cengcheng/Documents/GitHub/vino/docs/1.0.0/qa/evidence/derived-data-unthinned/Build/Products/Debug-iphonesimulator -F /Users/cengcheng/Documents/GitHub/vino/docs/1.0.0/qa/evidence/derived-data-unthinned/Build/Products/Debug-iphonesimulator -no-color-diagnostics -enable-testing -g -debug-info-format\=dwarf -dwarf-version\=4 -module-cache-path /Users/cengcheng/Documents/GitHub/vino/docs/1.0.0/qa/evidence/derived-data-unthinned/ModuleCache.noindex -swift-version 5 -enforce-exclusivity\=checked -Onone -D DEBUG -serialize-debugging-options -const-gather-protocols-file /Users/cengcheng/Documents/GitHub/vino/docs/1.0.0/qa/evidence/derived-data-unthinned/Build/Intermediates.noindex/vino_iPhone.build/Debug-iphonesimulator/vino_iPhone.build/Objects-normal/arm64/vino_iPhone_const_extract_protocols.json -enable-experimental-feature DebugDescriptionMacro -enable-experimental-feature OpaqueTypeErasure -enable-bare-slash-regex -empty-abi-descriptor -validate-clang-modules-once -clang-build-session-file /Users/cengcheng/Documents/GitHub/vino/docs/1.0.0/qa/evidence/derived-data-unthinned/ModuleCache.noindex/Session.modulevalidation -Xcc -working-directory -Xcc /Users/cengcheng/Documents/GitHub/vino/vino_iPhone -resource-dir /Applications/Xcode.app/Contents/Developer/Toolchains/XcodeDefault.xctoolchain/usr/lib/swift -enable-anonymous-context-mangled-names -file-compilation-dir /Users/cengcheng/Documents/GitHub/vino/vino_iPhone -Xcc -D_LIBCPP_HARDENING_MODE\=_LIBCPP_HARDENING_MODE_DEBUG -Xcc -ivfsstatcache -Xcc /Users/cengcheng/Documents/GitHub/vino/docs/1.0.0/qa/evidence/derived-data-unthinned/SDKStatCaches.noindex/iphonesimulator18.2-22C146-07b28473f605e47e75261259d3ef3b5a.sdkstatcache -Xcc -I/Users/cengcheng/Documents/GitHub/vino/docs/1.0.0/qa/evidence/derived-data-unthinned/Build/Intermediates.noindex/vino_iPhone.build/Debug-iphonesimulator/vino_iPhone.build/swift-overrides.hmap -Xcc -iquote -Xcc /Users/cengcheng/Documents/GitHub/vino/docs/1.0.0/qa/evidence/derived-data-unthinned/Build/Intermediates.noindex/vino_iPhone.build/Debug-iphonesimulator/vino_iPhone.build/灵眼GX-generated-files.hmap -Xcc -I/Users/cengcheng/Documents/GitHub/vino/docs/1.0.0/qa/evidence/derived-data-unthinned/Build/Intermediates.noindex/vino_iPhone.build/Debug-iphonesimulator/vino_iPhone.build/灵眼GX-own-target-headers.hmap -Xcc -I/Users/cengcheng/Documents/GitHub/vino/docs/1.0.0/qa/evidence/derived-data-unthinned/Build/Intermediates.noindex/vino_iPhone.build/Debug-iphonesimulator/vino_iPhone.build/灵眼GX-all-target-headers.hmap -Xcc -iquote -Xcc /Users/cengcheng/Documents/GitHub/vino/docs/1.0.0/qa/evidence/derived-data-unthinned/Build/Intermediates.noindex/vino_iPhone.build/Debug-iphonesimulator/vino_iPhone.build/灵眼GX-project-headers.hmap -Xcc -I/Users/cengcheng/Documents/GitHub/vino/docs/1.0.0/qa/evidence/derived-data-unthinned/Build/Products/Debug-iphonesimulator/include -Xcc -I/Users/cengcheng/Documents/GitHub/vino/docs/1.0.0/qa/evidence/derived-data-unthinned/Build/Intermediates.noindex/vino_iPhone.build/Debug-iphonesimulator/vino_iPhone.build/DerivedSources-normal/arm64 -Xcc -I/Users/cengcheng/Documents/GitHub/vino/docs/1.0.0/qa/evidence/derived-data-unthinned/Build/Intermediates.noindex/vino_iPhone.build/Debug-iphonesimulator/vino_iPhone.build/DerivedSources/arm64 -Xcc -I/Users/cengcheng/Documents/GitHub/vino/docs/1.0.0/qa/evidence/derived-data-unthinned/Build/Intermediates.noindex/vino_iPhone.build/Debug-iphonesimulator/vino_iPhone.build/DerivedSources -Xcc -DDEBUG\=1 -module-name vino_iPhone -frontend-parseable-output -disable-clang-spi -target-sdk-version 18.2 -target-sdk-name iphonesimulator18.2 -external-plugin-path /Applications/Xcode.app/Contents/Developer/Platforms/iPhoneOS.platform/Developer/usr/lib/swift/host/plugins\#/Applications/Xcode.app/Contents/Developer/Platforms/iPhoneOS.platform/Developer/usr/bin/swift-plugin-server -external-plugin-path /Applications/Xcode.app/Contents/Developer/Platforms/iPhoneOS.platform/Developer/usr/local/lib/swift/host/plugins\#/Applications/Xcode.app/Contents/Developer/Platforms/iPhoneOS.platform/Developer/usr/bin/swift-plugin-server -plugin-path /Applications/Xcode.app/Contents/Developer/Toolchains/XcodeDefault.xctoolchain/usr/lib/swift/host/plugins -plugin-path /Applications/Xcode.app/Contents/Developer/Toolchains/XcodeDefault.xctoolchain/usr/local/lib/swift/host/plugins -o /Users/cengcheng/Documents/GitHub/vino/docs/1.0.0/qa/evidence/derived-data-unthinned/Build/Intermediates.noindex/vino_iPhone.build/Debug-iphonesimulator/vino_iPhone.build/Objects-normal/arm64/KeychainStore.o -o /Users/cengcheng/Documents/GitHub/vino/docs/1.0.0/qa/evidence/derived-data-unthinned/Build/Intermediates.noindex/vino_iPhone.build/Debug-iphonesimulator/vino_iPhone.build/Objects-normal/arm64/AuthSessionStore.o -index-unit-output-path /vino_iPhone.build/Debug-iphonesimulator/vino_iPhone.build/Objects-normal/arm64/KeychainStore.o -index-unit-output-path /vino_iPhone.build/Debug-iphonesimulator/vino_iPhone.build/Objects-normal/arm64/AuthSessionStore.o -index-store-path /Users/cengcheng/Documents/GitHub/vino/docs/1.0.0/qa/evidence/derived-data-unthinned/Index.noindex/DataStore -index-system-modules

SwiftCompile normal arm64 /Users/cengcheng/Documents/GitHub/vino/vino_iPhone/Sources/Auth/KeychainStore.swift (in target 'vino_iPhone' from project 'vino_iPhone')
    cd /Users/cengcheng/Documents/GitHub/vino/vino_iPhone
    /Applications/Xcode.app/Contents/Developer/Toolchains/XcodeDefault.xctoolchain/usr/bin/swift-frontend -c /Users/cengcheng/Documents/GitHub/vino/vino_iPhone/AppHost/VinoPhoneApp.swift /Users/cengcheng/Documents/GitHub/vino/vino_iPhone/Sources/App/VinoPhoneShellView.swift /Users/cengcheng/Documents/GitHub/vino/vino_iPhone/Sources/Camera/CameraPreviewView.swift /Users/cengcheng/Documents/GitHub/vino/vino_iPhone/Sources/Camera/CameraSessionController.swift /Users/cengcheng/Documents/GitHub/vino/vino_iPhone/Sources/Inference/InferenceRuntime.swift /Users/cengcheng/Documents/GitHub/vino/vino_iPhone/Sources/Models/CoreMLCatalog.swift /Users/cengcheng/Documents/GitHub/vino/vino_iPhone/Sources/Models/InferenceModels.swift /Users/cengcheng/Documents/GitHub/vino/vino_iPhone/Sources/Models/ModelFileStore.swift /Users/cengcheng/Documents/GitHub/vino/vino_iPhone/Sources/Models/VinoAppState.swift /Users/cengcheng/Documents/GitHub/vino/vino_iPhone/Sources/Models/VinoTheme.swift /Users/cengcheng/Documents/GitHub/vino/vino_iPhone/Sources/Networking/ControlPlaneCoordinator.swift /Users/cengcheng/Documents/GitHub/vino/vino_iPhone/Sources/Networking/IPAddressMonitor.swift /Users/cengcheng/Documents/GitHub/vino/vino_iPhone/Sources/Networking/VinoProtocol.swift /Users/cengcheng/Documents/GitHub/vino/vino_iPhone/Sources/Overlay/CameraOverlayView.swift /Users/cengcheng/Documents/GitHub/vino/vino_iPhone/Sources/Overlay/InferenceResultsOverlayView.swift /Users/cengcheng/Documents/GitHub/vino/vino_iPhone/Sources/Auth/AuthModels.swift -primary-file /Users/cengcheng/Documents/GitHub/vino/vino_iPhone/Sources/Auth/KeychainStore.swift -primary-file /Users/cengcheng/Documents/GitHub/vino/vino_iPhone/Sources/Auth/AuthSessionStore.swift /Users/cengcheng/Documents/GitHub/vino/vino_iPhone/Sources/Auth/AuthService.swift /Users/cengcheng/Documents/GitHub/vino/vino_iPhone/Sources/Models/CloudModelCatalog.swift /Users/cengcheng/Documents/GitHub/vino/vino_iPhone/Sources/Models/ModelLicenseVerifier.swift /Users/cengcheng/Documents/GitHub/vino/vino_iPhone/Sources/Networking/AssetUploadService.swift /Users/cengcheng/Documents/GitHub/vino/vino_iPhone/Sources/Networking/CloudControlCoordinator.swift /Users/cengcheng/Documents/GitHub/vino/docs/1.0.0/qa/evidence/derived-data-unthinned/Build/Intermediates.noindex/vino_iPhone.build/Debug-iphonesimulator/vino_iPhone.build/DerivedSources/GeneratedAssetSymbols.swift -emit-dependencies-path /Users/cengcheng/Documents/GitHub/vino/docs/1.0.0/qa/evidence/derived-data-unthinned/Build/Intermediates.noindex/vino_iPhone.build/Debug-iphonesimulator/vino_iPhone.build/Objects-normal/arm64/KeychainStore.d -emit-const-values-path /Users/cengcheng/Documents/GitHub/vino/docs/1.0.0/qa/evidence/derived-data-unthinned/Build/Intermediates.noindex/vino_iPhone.build/Debug-iphonesimulator/vino_iPhone.build/Objects-normal/arm64/KeychainStore.swiftconstvalues -emit-reference-dependencies-path /Users/cengcheng/Documents/GitHub/vino/docs/1.0.0/qa/evidence/derived-data-unthinned/Build/Intermediates.noindex/vino_iPhone.build/Debug-iphonesimulator/vino_iPhone.build/Objects-normal/arm64/KeychainStore.swiftdeps -serialize-diagnostics-path /Users/cengcheng/Documents/GitHub/vino/docs/1.0.0/qa/evidence/derived-data-unthinned/Build/Intermediates.noindex/vino_iPhone.build/Debug-iphonesimulator/vino_iPhone.build/Objects-normal/arm64/KeychainStore.dia -emit-dependencies-path /Users/cengcheng/Documents/GitHub/vino/docs/1.0.0/qa/evidence/derived-data-unthinned/Build/Intermediates.noindex/vino_iPhone.build/Debug-iphonesimulator/vino_iPhone.build/Objects-normal/arm64/AuthSessionStore.d -emit-const-values-path /Users/cengcheng/Documents/GitHub/vino/docs/1.0.0/qa/evidence/derived-data-unthinned/Build/Intermediates.noindex/vino_iPhone.build/Debug-iphonesimulator/vino_iPhone.build/Objects-normal/arm64/AuthSessionStore.swiftconstvalues -emit-reference-dependencies-path /Users/cengcheng/Documents/GitHub/vino/docs/1.0.0/qa/evidence/derived-data-unthinned/Build/Intermediates.noindex/vino_iPhone.build/Debug-iphonesimulator/vino_iPhone.build/Objects-normal/arm64/AuthSessionStore.swiftdeps -serialize-diagnostics-path /Users/cengcheng/Documents/GitHub/vino/docs/1.0.0/qa/evidence/derived-data-unthinned/Build/Intermediates.noindex/vino_iPhone.build/Debug-iphonesimulator/vino_iPhone.build/Objects-normal/arm64/AuthSessionStore.dia -emit-localized-strings -emit-localized-strings-path /Users/cengcheng/Documents/GitHub/vino/docs/1.0.0/qa/evidence/derived-data-unthinned/Build/Intermediates.noindex/vino_iPhone.build/Debug-iphonesimulator/vino_iPhone.build/Objects-normal/arm64 -target arm64-apple-ios17.6-simulator -Xllvm -aarch64-use-tbi -enable-objc-interop -sdk /Applications/Xcode.app/Contents/Developer/Platforms/iPhoneSimulator.platform/Developer/SDKs/iPhoneSimulator18.2.sdk -I /Users/cengcheng/Documents/GitHub/vino/docs/1.0.0/qa/evidence/derived-data-unthinned/Build/Products/Debug-iphonesimulator -F /Users/cengcheng/Documents/GitHub/vino/docs/1.0.0/qa/evidence/derived-data-unthinned/Build/Products/Debug-iphonesimulator -no-color-diagnostics -enable-testing -g -debug-info-format\=dwarf -dwarf-version\=4 -module-cache-path /Users/cengcheng/Documents/GitHub/vino/docs/1.0.0/qa/evidence/derived-data-unthinned/ModuleCache.noindex -swift-version 5 -enforce-exclusivity\=checked -Onone -D DEBUG -serialize-debugging-options -const-gather-protocols-file /Users/cengcheng/Documents/GitHub/vino/docs/1.0.0/qa/evidence/derived-data-unthinned/Build/Intermediates.noindex/vino_iPhone.build/Debug-iphonesimulator/vino_iPhone.build/Objects-normal/arm64/vino_iPhone_const_extract_protocols.json -enable-experimental-feature DebugDescriptionMacro -enable-experimental-feature OpaqueTypeErasure -enable-bare-slash-regex -empty-abi-descriptor -validate-clang-modules-once -clang-build-session-file /Users/cengcheng/Documents/GitHub/vino/docs/1.0.0/qa/evidence/derived-data-unthinned/ModuleCache.noindex/Session.modulevalidation -Xcc -working-directory -Xcc /Users/cengcheng/Documents/GitHub/vino/vino_iPhone -resource-dir /Applications/Xcode.app/Contents/Developer/Toolchains/XcodeDefault.xctoolchain/usr/lib/swift -enable-anonymous-context-mangled-names -file-compilation-dir /Users/cengcheng/Documents/GitHub/vino/vino_iPhone -Xcc -D_LIBCPP_HARDENING_MODE\=_LIBCPP_HARDENING_MODE_DEBUG -Xcc -ivfsstatcache -Xcc /Users/cengcheng/Documents/GitHub/vino/docs/1.0.0/qa/evidence/derived-data-unthinned/SDKStatCaches.noindex/iphonesimulator18.2-22C146-07b28473f605e47e75261259d3ef3b5a.sdkstatcache -Xcc -I/Users/cengcheng/Documents/GitHub/vino/docs/1.0.0/qa/evidence/derived-data-unthinned/Build/Intermediates.noindex/vino_iPhone.build/Debug-iphonesimulator/vino_iPhone.build/swift-overrides.hmap -Xcc -iquote -Xcc /Users/cengcheng/Documents/GitHub/vino/docs/1.0.0/qa/evidence/derived-data-unthinned/Build/Intermediates.noindex/vino_iPhone.build/Debug-iphonesimulator/vino_iPhone.build/灵眼GX-generated-files.hmap -Xcc -I/Users/cengcheng/Documents/GitHub/vino/docs/1.0.0/qa/evidence/derived-data-unthinned/Build/Intermediates.noindex/vino_iPhone.build/Debug-iphonesimulator/vino_iPhone.build/灵眼GX-own-target-headers.hmap -Xcc -I/Users/cengcheng/Documents/GitHub/vino/docs/1.0.0/qa/evidence/derived-data-unthinned/Build/Intermediates.noindex/vino_iPhone.build/Debug-iphonesimulator/vino_iPhone.build/灵眼GX-all-target-headers.hmap -Xcc -iquote -Xcc /Users/cengcheng/Documents/GitHub/vino/docs/1.0.0/qa/evidence/derived-data-unthinned/Build/Intermediates.noindex/vino_iPhone.build/Debug-iphonesimulator/vino_iPhone.build/灵眼GX-project-headers.hmap -Xcc -I/Users/cengcheng/Documents/GitHub/vino/docs/1.0.0/qa/evidence/derived-data-unthinned/Build/Products/Debug-iphonesimulator/include -Xcc -I/Users/cengcheng/Documents/GitHub/vino/docs/1.0.0/qa/evidence/derived-data-unthinned/Build/Intermediates.noindex/vino_iPhone.build/Debug-iphonesimulator/vino_iPhone.build/DerivedSources-normal/arm64 -Xcc -I/Users/cengcheng/Documents/GitHub/vino/docs/1.0.0/qa/evidence/derived-data-unthinned/Build/Intermediates.noindex/vino_iPhone.build/Debug-iphonesimulator/vino_iPhone.build/DerivedSources/arm64 -Xcc -I/Users/cengcheng/Documents/GitHub/vino/docs/1.0.0/qa/evidence/derived-data-unthinned/Build/Intermediates.noindex/vino_iPhone.build/Debug-iphonesimulator/vino_iPhone.build/DerivedSources -Xcc -DDEBUG\=1 -module-name vino_iPhone -frontend-parseable-output -disable-clang-spi -target-sdk-version 18.2 -target-sdk-name iphonesimulator18.2 -external-plugin-path /Applications/Xcode.app/Contents/Developer/Platforms/iPhoneOS.platform/Developer/usr/lib/swift/host/plugins\#/Applications/Xcode.app/Contents/Developer/Platforms/iPhoneOS.platform/Developer/usr/bin/swift-plugin-server -external-plugin-path /Applications/Xcode.app/Contents/Developer/Platforms/iPhoneOS.platform/Developer/usr/local/lib/swift/host/plugins\#/Applications/Xcode.app/Contents/Developer/Platforms/iPhoneOS.platform/Developer/usr/bin/swift-plugin-server -plugin-path /Applications/Xcode.app/Contents/Developer/Toolchains/XcodeDefault.xctoolchain/usr/lib/swift/host/plugins -plugin-path /Applications/Xcode.app/Contents/Developer/Toolchains/XcodeDefault.xctoolchain/usr/local/lib/swift/host/plugins -o /Users/cengcheng/Documents/GitHub/vino/docs/1.0.0/qa/evidence/derived-data-unthinned/Build/Intermediates.noindex/vino_iPhone.build/Debug-iphonesimulator/vino_iPhone.build/Objects-normal/arm64/KeychainStore.o -o /Users/cengcheng/Documents/GitHub/vino/docs/1.0.0/qa/evidence/derived-data-unthinned/Build/Intermediates.noindex/vino_iPhone.build/Debug-iphonesimulator/vino_iPhone.build/Objects-normal/arm64/AuthSessionStore.o -index-unit-output-path /vino_iPhone.build/Debug-iphonesimulator/vino_iPhone.build/Objects-normal/arm64/KeychainStore.o -index-unit-output-path /vino_iPhone.build/Debug-iphonesimulator/vino_iPhone.build/Objects-normal/arm64/AuthSessionStore.o -index-store-path /Users/cengcheng/Documents/GitHub/vino/docs/1.0.0/qa/evidence/derived-data-unthinned/Index.noindex/DataStore -index-system-modules

SwiftCompile normal arm64 /Users/cengcheng/Documents/GitHub/vino/vino_iPhone/Sources/Auth/AuthSessionStore.swift (in target 'vino_iPhone' from project 'vino_iPhone')
    cd /Users/cengcheng/Documents/GitHub/vino/vino_iPhone
    /Applications/Xcode.app/Contents/Developer/Toolchains/XcodeDefault.xctoolchain/usr/bin/swift-frontend -c /Users/cengcheng/Documents/GitHub/vino/vino_iPhone/AppHost/VinoPhoneApp.swift /Users/cengcheng/Documents/GitHub/vino/vino_iPhone/Sources/App/VinoPhoneShellView.swift /Users/cengcheng/Documents/GitHub/vino/vino_iPhone/Sources/Camera/CameraPreviewView.swift /Users/cengcheng/Documents/GitHub/vino/vino_iPhone/Sources/Camera/CameraSessionController.swift /Users/cengcheng/Documents/GitHub/vino/vino_iPhone/Sources/Inference/InferenceRuntime.swift /Users/cengcheng/Documents/GitHub/vino/vino_iPhone/Sources/Models/CoreMLCatalog.swift /Users/cengcheng/Documents/GitHub/vino/vino_iPhone/Sources/Models/InferenceModels.swift /Users/cengcheng/Documents/GitHub/vino/vino_iPhone/Sources/Models/ModelFileStore.swift /Users/cengcheng/Documents/GitHub/vino/vino_iPhone/Sources/Models/VinoAppState.swift /Users/cengcheng/Documents/GitHub/vino/vino_iPhone/Sources/Models/VinoTheme.swift /Users/cengcheng/Documents/GitHub/vino/vino_iPhone/Sources/Networking/ControlPlaneCoordinator.swift /Users/cengcheng/Documents/GitHub/vino/vino_iPhone/Sources/Networking/IPAddressMonitor.swift /Users/cengcheng/Documents/GitHub/vino/vino_iPhone/Sources/Networking/VinoProtocol.swift /Users/cengcheng/Documents/GitHub/vino/vino_iPhone/Sources/Overlay/CameraOverlayView.swift /Users/cengcheng/Documents/GitHub/vino/vino_iPhone/Sources/Overlay/InferenceResultsOverlayView.swift /Users/cengcheng/Documents/GitHub/vino/vino_iPhone/Sources/Auth/AuthModels.swift -primary-file /Users/cengcheng/Documents/GitHub/vino/vino_iPhone/Sources/Auth/KeychainStore.swift -primary-file /Users/cengcheng/Documents/GitHub/vino/vino_iPhone/Sources/Auth/AuthSessionStore.swift /Users/cengcheng/Documents/GitHub/vino/vino_iPhone/Sources/Auth/AuthService.swift /Users/cengcheng/Documents/GitHub/vino/vino_iPhone/Sources/Models/CloudModelCatalog.swift /Users/cengcheng/Documents/GitHub/vino/vino_iPhone/Sources/Models/ModelLicenseVerifier.swift /Users/cengcheng/Documents/GitHub/vino/vino_iPhone/Sources/Networking/AssetUploadService.swift /Users/cengcheng/Documents/GitHub/vino/vino_iPhone/Sources/Networking/CloudControlCoordinator.swift /Users/cengcheng/Documents/GitHub/vino/docs/1.0.0/qa/evidence/derived-data-unthinned/Build/Intermediates.noindex/vino_iPhone.build/Debug-iphonesimulator/vino_iPhone.build/DerivedSources/GeneratedAssetSymbols.swift -emit-dependencies-path /Users/cengcheng/Documents/GitHub/vino/docs/1.0.0/qa/evidence/derived-data-unthinned/Build/Intermediates.noindex/vino_iPhone.build/Debug-iphonesimulator/vino_iPhone.build/Objects-normal/arm64/KeychainStore.d -emit-const-values-path /Users/cengcheng/Documents/GitHub/vino/docs/1.0.0/qa/evidence/derived-data-unthinned/Build/Intermediates.noindex/vino_iPhone.build/Debug-iphonesimulator/vino_iPhone.build/Objects-normal/arm64/KeychainStore.swiftconstvalues -emit-reference-dependencies-path /Users/cengcheng/Documents/GitHub/vino/docs/1.0.0/qa/evidence/derived-data-unthinned/Build/Intermediates.noindex/vino_iPhone.build/Debug-iphonesimulator/vino_iPhone.build/Objects-normal/arm64/KeychainStore.swiftdeps -serialize-diagnostics-path /Users/cengcheng/Documents/GitHub/vino/docs/1.0.0/qa/evidence/derived-data-unthinned/Build/Intermediates.noindex/vino_iPhone.build/Debug-iphonesimulator/vino_iPhone.build/Objects-normal/arm64/KeychainStore.dia -emit-dependencies-path /Users/cengcheng/Documents/GitHub/vino/docs/1.0.0/qa/evidence/derived-data-unthinned/Build/Intermediates.noindex/vino_iPhone.build/Debug-iphonesimulator/vino_iPhone.build/Objects-normal/arm64/AuthSessionStore.d -emit-const-values-path /Users/cengcheng/Documents/GitHub/vino/docs/1.0.0/qa/evidence/derived-data-unthinned/Build/Intermediates.noindex/vino_iPhone.build/Debug-iphonesimulator/vino_iPhone.build/Objects-normal/arm64/AuthSessionStore.swiftconstvalues -emit-reference-dependencies-path /Users/cengcheng/Documents/GitHub/vino/docs/1.0.0/qa/evidence/derived-data-unthinned/Build/Intermediates.noindex/vino_iPhone.build/Debug-iphonesimulator/vino_iPhone.build/Objects-normal/arm64/AuthSessionStore.swiftdeps -serialize-diagnostics-path /Users/cengcheng/Documents/GitHub/vino/docs/1.0.0/qa/evidence/derived-data-unthinned/Build/Intermediates.noindex/vino_iPhone.build/Debug-iphonesimulator/vino_iPhone.build/Objects-normal/arm64/AuthSessionStore.dia -emit-localized-strings -emit-localized-strings-path /Users/cengcheng/Documents/GitHub/vino/docs/1.0.0/qa/evidence/derived-data-unthinned/Build/Intermediates.noindex/vino_iPhone.build/Debug-iphonesimulator/vino_iPhone.build/Objects-normal/arm64 -target arm64-apple-ios17.6-simulator -Xllvm -aarch64-use-tbi -enable-objc-interop -sdk /Applications/Xcode.app/Contents/Developer/Platforms/iPhoneSimulator.platform/Developer/SDKs/iPhoneSimulator18.2.sdk -I /Users/cengcheng/Documents/GitHub/vino/docs/1.0.0/qa/evidence/derived-data-unthinned/Build/Products/Debug-iphonesimulator -F /Users/cengcheng/Documents/GitHub/vino/docs/1.0.0/qa/evidence/derived-data-unthinned/Build/Products/Debug-iphonesimulator -no-color-diagnostics -enable-testing -g -debug-info-format\=dwarf -dwarf-version\=4 -module-cache-path /Users/cengcheng/Documents/GitHub/vino/docs/1.0.0/qa/evidence/derived-data-unthinned/ModuleCache.noindex -swift-version 5 -enforce-exclusivity\=checked -Onone -D DEBUG -serialize-debugging-options -const-gather-protocols-file /Users/cengcheng/Documents/GitHub/vino/docs/1.0.0/qa/evidence/derived-data-unthinned/Build/Intermediates.noindex/vino_iPhone.build/Debug-iphonesimulator/vino_iPhone.build/Objects-normal/arm64/vino_iPhone_const_extract_protocols.json -enable-experimental-feature DebugDescriptionMacro -enable-experimental-feature OpaqueTypeErasure -enable-bare-slash-regex -empty-abi-descriptor -validate-clang-modules-once -clang-build-session-file /Users/cengcheng/Documents/GitHub/vino/docs/1.0.0/qa/evidence/derived-data-unthinned/ModuleCache.noindex/Session.modulevalidation -Xcc -working-directory -Xcc /Users/cengcheng/Documents/GitHub/vino/vino_iPhone -resource-dir /Applications/Xcode.app/Contents/Developer/Toolchains/XcodeDefault.xctoolchain/usr/lib/swift -enable-anonymous-context-mangled-names -file-compilation-dir /Users/cengcheng/Documents/GitHub/vino/vino_iPhone -Xcc -D_LIBCPP_HARDENING_MODE\=_LIBCPP_HARDENING_MODE_DEBUG -Xcc -ivfsstatcache -Xcc /Users/cengcheng/Documents/GitHub/vino/docs/1.0.0/qa/evidence/derived-data-unthinned/SDKStatCaches.noindex/iphonesimulator18.2-22C146-07b28473f605e47e75261259d3ef3b5a.sdkstatcache -Xcc -I/Users/cengcheng/Documents/GitHub/vino/docs/1.0.0/qa/evidence/derived-data-unthinned/Build/Intermediates.noindex/vino_iPhone.build/Debug-iphonesimulator/vino_iPhone.build/swift-overrides.hmap -Xcc -iquote -Xcc /Users/cengcheng/Documents/GitHub/vino/docs/1.0.0/qa/evidence/derived-data-unthinned/Build/Intermediates.noindex/vino_iPhone.build/Debug-iphonesimulator/vino_iPhone.build/灵眼GX-generated-files.hmap -Xcc -I/Users/cengcheng/Documents/GitHub/vino/docs/1.0.0/qa/evidence/derived-data-unthinned/Build/Intermediates.noindex/vino_iPhone.build/Debug-iphonesimulator/vino_iPhone.build/灵眼GX-own-target-headers.hmap -Xcc -I/Users/cengcheng/Documents/GitHub/vino/docs/1.0.0/qa/evidence/derived-data-unthinned/Build/Intermediates.noindex/vino_iPhone.build/Debug-iphonesimulator/vino_iPhone.build/灵眼GX-all-target-headers.hmap -Xcc -iquote -Xcc /Users/cengcheng/Documents/GitHub/vino/docs/1.0.0/qa/evidence/derived-data-unthinned/Build/Intermediates.noindex/vino_iPhone.build/Debug-iphonesimulator/vino_iPhone.build/灵眼GX-project-headers.hmap -Xcc -I/Users/cengcheng/Documents/GitHub/vino/docs/1.0.0/qa/evidence/derived-data-unthinned/Build/Products/Debug-iphonesimulator/include -Xcc -I/Users/cengcheng/Documents/GitHub/vino/docs/1.0.0/qa/evidence/derived-data-unthinned/Build/Intermediates.noindex/vino_iPhone.build/Debug-iphonesimulator/vino_iPhone.build/DerivedSources-normal/arm64 -Xcc -I/Users/cengcheng/Documents/GitHub/vino/docs/1.0.0/qa/evidence/derived-data-unthinned/Build/Intermediates.noindex/vino_iPhone.build/Debug-iphonesimulator/vino_iPhone.build/DerivedSources/arm64 -Xcc -I/Users/cengcheng/Documents/GitHub/vino/docs/1.0.0/qa/evidence/derived-data-unthinned/Build/Intermediates.noindex/vino_iPhone.build/Debug-iphonesimulator/vino_iPhone.build/DerivedSources -Xcc -DDEBUG\=1 -module-name vino_iPhone -frontend-parseable-output -disable-clang-spi -target-sdk-version 18.2 -target-sdk-name iphonesimulator18.2 -external-plugin-path /Applications/Xcode.app/Contents/Developer/Platforms/iPhoneOS.platform/Developer/usr/lib/swift/host/plugins\#/Applications/Xcode.app/Contents/Developer/Platforms/iPhoneOS.platform/Developer/usr/bin/swift-plugin-server -external-plugin-path /Applications/Xcode.app/Contents/Developer/Platforms/iPhoneOS.platform/Developer/usr/local/lib/swift/host/plugins\#/Applications/Xcode.app/Contents/Developer/Platforms/iPhoneOS.platform/Developer/usr/bin/swift-plugin-server -plugin-path /Applications/Xcode.app/Contents/Developer/Toolchains/XcodeDefault.xctoolchain/usr/lib/swift/host/plugins -plugin-path /Applications/Xcode.app/Contents/Developer/Toolchains/XcodeDefault.xctoolchain/usr/local/lib/swift/host/plugins -o /Users/cengcheng/Documents/GitHub/vino/docs/1.0.0/qa/evidence/derived-data-unthinned/Build/Intermediates.noindex/vino_iPhone.build/Debug-iphonesimulator/vino_iPhone.build/Objects-normal/arm64/KeychainStore.o -o /Users/cengcheng/Documents/GitHub/vino/docs/1.0.0/qa/evidence/derived-data-unthinned/Build/Intermediates.noindex/vino_iPhone.build/Debug-iphonesimulator/vino_iPhone.build/Objects-normal/arm64/AuthSessionStore.o -index-unit-output-path /vino_iPhone.build/Debug-iphonesimulator/vino_iPhone.build/Objects-normal/arm64/KeychainStore.o -index-unit-output-path /vino_iPhone.build/Debug-iphonesimulator/vino_iPhone.build/Objects-normal/arm64/AuthSessionStore.o -index-store-path /Users/cengcheng/Documents/GitHub/vino/docs/1.0.0/qa/evidence/derived-data-unthinned/Index.noindex/DataStore -index-system-modules

SwiftCompile normal arm64 Compiling\ VinoProtocol.swift,\ CameraOverlayView.swift /Users/cengcheng/Documents/GitHub/vino/vino_iPhone/Sources/Networking/VinoProtocol.swift /Users/cengcheng/Documents/GitHub/vino/vino_iPhone/Sources/Overlay/CameraOverlayView.swift (in target 'vino_iPhone' from project 'vino_iPhone')
    cd /Users/cengcheng/Documents/GitHub/vino/vino_iPhone
    builtin-swiftTaskExecution -- /Applications/Xcode.app/Contents/Developer/Toolchains/XcodeDefault.xctoolchain/usr/bin/swift-frontend -frontend -c /Users/cengcheng/Documents/GitHub/vino/vino_iPhone/AppHost/VinoPhoneApp.swift /Users/cengcheng/Documents/GitHub/vino/vino_iPhone/Sources/App/VinoPhoneShellView.swift /Users/cengcheng/Documents/GitHub/vino/vino_iPhone/Sources/Camera/CameraPreviewView.swift /Users/cengcheng/Documents/GitHub/vino/vino_iPhone/Sources/Camera/CameraSessionController.swift /Users/cengcheng/Documents/GitHub/vino/vino_iPhone/Sources/Inference/InferenceRuntime.swift /Users/cengcheng/Documents/GitHub/vino/vino_iPhone/Sources/Models/CoreMLCatalog.swift /Users/cengcheng/Documents/GitHub/vino/vino_iPhone/Sources/Models/InferenceModels.swift /Users/cengcheng/Documents/GitHub/vino/vino_iPhone/Sources/Models/ModelFileStore.swift /Users/cengcheng/Documents/GitHub/vino/vino_iPhone/Sources/Models/VinoAppState.swift /Users/cengcheng/Documents/GitHub/vino/vino_iPhone/Sources/Models/VinoTheme.swift /Users/cengcheng/Documents/GitHub/vino/vino_iPhone/Sources/Networking/ControlPlaneCoordinator.swift /Users/cengcheng/Documents/GitHub/vino/vino_iPhone/Sources/Networking/IPAddressMonitor.swift -primary-file /Users/cengcheng/Documents/GitHub/vino/vino_iPhone/Sources/Networking/VinoProtocol.swift -primary-file /Users/cengcheng/Documents/GitHub/vino/vino_iPhone/Sources/Overlay/CameraOverlayView.swift /Users/cengcheng/Documents/GitHub/vino/vino_iPhone/Sources/Overlay/InferenceResultsOverlayView.swift /Users/cengcheng/Documents/GitHub/vino/vino_iPhone/Sources/Auth/AuthModels.swift /Users/cengcheng/Documents/GitHub/vino/vino_iPhone/Sources/Auth/KeychainStore.swift /Users/cengcheng/Documents/GitHub/vino/vino_iPhone/Sources/Auth/AuthSessionStore.swift /Users/cengcheng/Documents/GitHub/vino/vino_iPhone/Sources/Auth/AuthService.swift /Users/cengcheng/Documents/GitHub/vino/vino_iPhone/Sources/Models/CloudModelCatalog.swift /Users/cengcheng/Documents/GitHub/vino/vino_iPhone/Sources/Models/ModelLicenseVerifier.swift /Users/cengcheng/Documents/GitHub/vino/vino_iPhone/Sources/Networking/AssetUploadService.swift /Users/cengcheng/Documents/GitHub/vino/vino_iPhone/Sources/Networking/CloudControlCoordinator.swift /Users/cengcheng/Documents/GitHub/vino/docs/1.0.0/qa/evidence/derived-data-unthinned/Build/Intermediates.noindex/vino_iPhone.build/Debug-iphonesimulator/vino_iPhone.build/DerivedSources/GeneratedAssetSymbols.swift -emit-dependencies-path /Users/cengcheng/Documents/GitHub/vino/docs/1.0.0/qa/evidence/derived-data-unthinned/Build/Intermediates.noindex/vino_iPhone.build/Debug-iphonesimulator/vino_iPhone.build/Objects-normal/arm64/VinoProtocol.d -emit-const-values-path /Users/cengcheng/Documents/GitHub/vino/docs/1.0.0/qa/evidence/derived-data-unthinned/Build/Intermediates.noindex/vino_iPhone.build/Debug-iphonesimulator/vino_iPhone.build/Objects-normal/arm64/VinoProtocol.swiftconstvalues -emit-reference-dependencies-path /Users/cengcheng/Documents/GitHub/vino/docs/1.0.0/qa/evidence/derived-data-unthinned/Build/Intermediates.noindex/vino_iPhone.build/Debug-iphonesimulator/vino_iPhone.build/Objects-normal/arm64/VinoProtocol.swiftdeps -serialize-diagnostics-path /Users/cengcheng/Documents/GitHub/vino/docs/1.0.0/qa/evidence/derived-data-unthinned/Build/Intermediates.noindex/vino_iPhone.build/Debug-iphonesimulator/vino_iPhone.build/Objects-normal/arm64/VinoProtocol.dia -emit-dependencies-path /Users/cengcheng/Documents/GitHub/vino/docs/1.0.0/qa/evidence/derived-data-unthinned/Build/Intermediates.noindex/vino_iPhone.build/Debug-iphonesimulator/vino_iPhone.build/Objects-normal/arm64/CameraOverlayView.d -emit-const-values-path /Users/cengcheng/Documents/GitHub/vino/docs/1.0.0/qa/evidence/derived-data-unthinned/Build/Intermediates.noindex/vino_iPhone.build/Debug-iphonesimulator/vino_iPhone.build/Objects-normal/arm64/CameraOverlayView.swiftconstvalues -emit-reference-dependencies-path /Users/cengcheng/Documents/GitHub/vino/docs/1.0.0/qa/evidence/derived-data-unthinned/Build/Intermediates.noindex/vino_iPhone.build/Debug-iphonesimulator/vino_iPhone.build/Objects-normal/arm64/CameraOverlayView.swiftdeps -serialize-diagnostics-path /Users/cengcheng/Documents/GitHub/vino/docs/1.0.0/qa/evidence/derived-data-unthinned/Build/Intermediates.noindex/vino_iPhone.build/Debug-iphonesimulator/vino_iPhone.build/Objects-normal/arm64/CameraOverlayView.dia -emit-localized-strings -emit-localized-strings-path /Users/cengcheng/Documents/GitHub/vino/docs/1.0.0/qa/evidence/derived-data-unthinned/Build/Intermediates.noindex/vino_iPhone.build/Debug-iphonesimulator/vino_iPhone.build/Objects-normal/arm64 -target arm64-apple-ios17.6-simulator -Xllvm -aarch64-use-tbi -enable-objc-interop -sdk /Applications/Xcode.app/Contents/Developer/Platforms/iPhoneSimulator.platform/Developer/SDKs/iPhoneSimulator18.2.sdk -I /Users/cengcheng/Documents/GitHub/vino/docs/1.0.0/qa/evidence/derived-data-unthinned/Build/Products/Debug-iphonesimulator -F /Users/cengcheng/Documents/GitHub/vino/docs/1.0.0/qa/evidence/derived-data-unthinned/Build/Products/Debug-iphonesimulator -no-color-diagnostics -enable-testing -g -debug-info-format\=dwarf -dwarf-version\=4 -module-cache-path /Users/cengcheng/Documents/GitHub/vino/docs/1.0.0/qa/evidence/derived-data-unthinned/ModuleCache.noindex -swift-version 5 -enforce-exclusivity\=checked -Onone -D DEBUG -serialize-debugging-options -const-gather-protocols-file /Users/cengcheng/Documents/GitHub/vino/docs/1.0.0/qa/evidence/derived-data-unthinned/Build/Intermediates.noindex/vino_iPhone.build/Debug-iphonesimulator/vino_iPhone.build/Objects-normal/arm64/vino_iPhone_const_extract_protocols.json -enable-experimental-feature DebugDescriptionMacro -enable-experimental-feature OpaqueTypeErasure -enable-bare-slash-regex -empty-abi-descriptor -validate-clang-modules-once -clang-build-session-file /Users/cengcheng/Documents/GitHub/vino/docs/1.0.0/qa/evidence/derived-data-unthinned/ModuleCache.noindex/Session.modulevalidation -Xcc -working-directory -Xcc /Users/cengcheng/Documents/GitHub/vino/vino_iPhone -resource-dir /Applications/Xcode.app/Contents/Developer/Toolchains/XcodeDefault.xctoolchain/usr/lib/swift -enable-anonymous-context-mangled-names -file-compilation-dir /Users/cengcheng/Documents/GitHub/vino/vino_iPhone -Xcc -D_LIBCPP_HARDENING_MODE\=_LIBCPP_HARDENING_MODE_DEBUG -Xcc -ivfsstatcache -Xcc /Users/cengcheng/Documents/GitHub/vino/docs/1.0.0/qa/evidence/derived-data-unthinned/SDKStatCaches.noindex/iphonesimulator18.2-22C146-07b28473f605e47e75261259d3ef3b5a.sdkstatcache -Xcc -I/Users/cengcheng/Documents/GitHub/vino/docs/1.0.0/qa/evidence/derived-data-unthinned/Build/Intermediates.noindex/vino_iPhone.build/Debug-iphonesimulator/vino_iPhone.build/swift-overrides.hmap -Xcc -iquote -Xcc /Users/cengcheng/Documents/GitHub/vino/docs/1.0.0/qa/evidence/derived-data-unthinned/Build/Intermediates.noindex/vino_iPhone.build/Debug-iphonesimulator/vino_iPhone.build/灵眼GX-generated-files.hmap -Xcc -I/Users/cengcheng/Documents/GitHub/vino/docs/1.0.0/qa/evidence/derived-data-unthinned/Build/Intermediates.noindex/vino_iPhone.build/Debug-iphonesimulator/vino_iPhone.build/灵眼GX-own-target-headers.hmap -Xcc -I/Users/cengcheng/Documents/GitHub/vino/docs/1.0.0/qa/evidence/derived-data-unthinned/Build/Intermediates.noindex/vino_iPhone.build/Debug-iphonesimulator/vino_iPhone.build/灵眼GX-all-target-headers.hmap -Xcc -iquote -Xcc /Users/cengcheng/Documents/GitHub/vino/docs/1.0.0/qa/evidence/derived-data-unthinned/Build/Intermediates.noindex/vino_iPhone.build/Debug-iphonesimulator/vino_iPhone.build/灵眼GX-project-headers.hmap -Xcc -I/Users/cengcheng/Documents/GitHub/vino/docs/1.0.0/qa/evidence/derived-data-unthinned/Build/Products/Debug-iphonesimulator/include -Xcc -I/Users/cengcheng/Documents/GitHub/vino/docs/1.0.0/qa/evidence/derived-data-unthinned/Build/Intermediates.noindex/vino_iPhone.build/Debug-iphonesimulator/vino_iPhone.build/DerivedSources-normal/arm64 -Xcc -I/Users/cengcheng/Documents/GitHub/vino/docs/1.0.0/qa/evidence/derived-data-unthinned/Build/Intermediates.noindex/vino_iPhone.build/Debug-iphonesimulator/vino_iPhone.build/DerivedSources/arm64 -Xcc -I/Users/cengcheng/Documents/GitHub/vino/docs/1.0.0/qa/evidence/derived-data-unthinned/Build/Intermediates.noindex/vino_iPhone.build/Debug-iphonesimulator/vino_iPhone.build/DerivedSources -Xcc -DDEBUG\=1 -module-name vino_iPhone -frontend-parseable-output -disable-clang-spi -target-sdk-version 18.2 -target-sdk-name iphonesimulator18.2 -external-plugin-path /Applications/Xcode.app/Contents/Developer/Platforms/iPhoneOS.platform/Developer/usr/lib/swift/host/plugins\#/Applications/Xcode.app/Contents/Developer/Platforms/iPhoneOS.platform/Developer/usr/bin/swift-plugin-server -external-plugin-path /Applications/Xcode.app/Contents/Developer/Platforms/iPhoneOS.platform/Developer/usr/local/lib/swift/host/plugins\#/Applications/Xcode.app/Contents/Developer/Platforms/iPhoneOS.platform/Developer/usr/bin/swift-plugin-server -plugin-path /Applications/Xcode.app/Contents/Developer/Toolchains/XcodeDefault.xctoolchain/usr/lib/swift/host/plugins -plugin-path /Applications/Xcode.app/Contents/Developer/Toolchains/XcodeDefault.xctoolchain/usr/local/lib/swift/host/plugins -o /Users/cengcheng/Documents/GitHub/vino/docs/1.0.0/qa/evidence/derived-data-unthinned/Build/Intermediates.noindex/vino_iPhone.build/Debug-iphonesimulator/vino_iPhone.build/Objects-normal/arm64/VinoProtocol.o -o /Users/cengcheng/Documents/GitHub/vino/docs/1.0.0/qa/evidence/derived-data-unthinned/Build/Intermediates.noindex/vino_iPhone.build/Debug-iphonesimulator/vino_iPhone.build/Objects-normal/arm64/CameraOverlayView.o -index-unit-output-path /vino_iPhone.build/Debug-iphonesimulator/vino_iPhone.build/Objects-normal/arm64/VinoProtocol.o -index-unit-output-path /vino_iPhone.build/Debug-iphonesimulator/vino_iPhone.build/Objects-normal/arm64/CameraOverlayView.o -index-store-path /Users/cengcheng/Documents/GitHub/vino/docs/1.0.0/qa/evidence/derived-data-unthinned/Index.noindex/DataStore -index-system-modules
SwiftCompile normal arm64 /Users/cengcheng/Documents/GitHub/vino/vino_iPhone/Sources/Networking/VinoProtocol.swift (in target 'vino_iPhone' from project 'vino_iPhone')
    cd /Users/cengcheng/Documents/GitHub/vino/vino_iPhone
    /Applications/Xcode.app/Contents/Developer/Toolchains/XcodeDefault.xctoolchain/usr/bin/swift-frontend -c /Users/cengcheng/Documents/GitHub/vino/vino_iPhone/AppHost/VinoPhoneApp.swift /Users/cengcheng/Documents/GitHub/vino/vino_iPhone/Sources/App/VinoPhoneShellView.swift /Users/cengcheng/Documents/GitHub/vino/vino_iPhone/Sources/Camera/CameraPreviewView.swift /Users/cengcheng/Documents/GitHub/vino/vino_iPhone/Sources/Camera/CameraSessionController.swift /Users/cengcheng/Documents/GitHub/vino/vino_iPhone/Sources/Inference/InferenceRuntime.swift /Users/cengcheng/Documents/GitHub/vino/vino_iPhone/Sources/Models/CoreMLCatalog.swift /Users/cengcheng/Documents/GitHub/vino/vino_iPhone/Sources/Models/InferenceModels.swift /Users/cengcheng/Documents/GitHub/vino/vino_iPhone/Sources/Models/ModelFileStore.swift /Users/cengcheng/Documents/GitHub/vino/vino_iPhone/Sources/Models/VinoAppState.swift /Users/cengcheng/Documents/GitHub/vino/vino_iPhone/Sources/Models/VinoTheme.swift /Users/cengcheng/Documents/GitHub/vino/vino_iPhone/Sources/Networking/ControlPlaneCoordinator.swift /Users/cengcheng/Documents/GitHub/vino/vino_iPhone/Sources/Networking/IPAddressMonitor.swift -primary-file /Users/cengcheng/Documents/GitHub/vino/vino_iPhone/Sources/Networking/VinoProtocol.swift -primary-file /Users/cengcheng/Documents/GitHub/vino/vino_iPhone/Sources/Overlay/CameraOverlayView.swift /Users/cengcheng/Documents/GitHub/vino/vino_iPhone/Sources/Overlay/InferenceResultsOverlayView.swift /Users/cengcheng/Documents/GitHub/vino/vino_iPhone/Sources/Auth/AuthModels.swift /Users/cengcheng/Documents/GitHub/vino/vino_iPhone/Sources/Auth/KeychainStore.swift /Users/cengcheng/Documents/GitHub/vino/vino_iPhone/Sources/Auth/AuthSessionStore.swift /Users/cengcheng/Documents/GitHub/vino/vino_iPhone/Sources/Auth/AuthService.swift /Users/cengcheng/Documents/GitHub/vino/vino_iPhone/Sources/Models/CloudModelCatalog.swift /Users/cengcheng/Documents/GitHub/vino/vino_iPhone/Sources/Models/ModelLicenseVerifier.swift /Users/cengcheng/Documents/GitHub/vino/vino_iPhone/Sources/Networking/AssetUploadService.swift /Users/cengcheng/Documents/GitHub/vino/vino_iPhone/Sources/Networking/CloudControlCoordinator.swift /Users/cengcheng/Documents/GitHub/vino/docs/1.0.0/qa/evidence/derived-data-unthinned/Build/Intermediates.noindex/vino_iPhone.build/Debug-iphonesimulator/vino_iPhone.build/DerivedSources/GeneratedAssetSymbols.swift -emit-dependencies-path /Users/cengcheng/Documents/GitHub/vino/docs/1.0.0/qa/evidence/derived-data-unthinned/Build/Intermediates.noindex/vino_iPhone.build/Debug-iphonesimulator/vino_iPhone.build/Objects-normal/arm64/VinoProtocol.d -emit-const-values-path /Users/cengcheng/Documents/GitHub/vino/docs/1.0.0/qa/evidence/derived-data-unthinned/Build/Intermediates.noindex/vino_iPhone.build/Debug-iphonesimulator/vino_iPhone.build/Objects-normal/arm64/VinoProtocol.swiftconstvalues -emit-reference-dependencies-path /Users/cengcheng/Documents/GitHub/vino/docs/1.0.0/qa/evidence/derived-data-unthinned/Build/Intermediates.noindex/vino_iPhone.build/Debug-iphonesimulator/vino_iPhone.build/Objects-normal/arm64/VinoProtocol.swiftdeps -serialize-diagnostics-path /Users/cengcheng/Documents/GitHub/vino/docs/1.0.0/qa/evidence/derived-data-unthinned/Build/Intermediates.noindex/vino_iPhone.build/Debug-iphonesimulator/vino_iPhone.build/Objects-normal/arm64/VinoProtocol.dia -emit-dependencies-path /Users/cengcheng/Documents/GitHub/vino/docs/1.0.0/qa/evidence/derived-data-unthinned/Build/Intermediates.noindex/vino_iPhone.build/Debug-iphonesimulator/vino_iPhone.build/Objects-normal/arm64/CameraOverlayView.d -emit-const-values-path /Users/cengcheng/Documents/GitHub/vino/docs/1.0.0/qa/evidence/derived-data-unthinned/Build/Intermediates.noindex/vino_iPhone.build/Debug-iphonesimulator/vino_iPhone.build/Objects-normal/arm64/CameraOverlayView.swiftconstvalues -emit-reference-dependencies-path /Users/cengcheng/Documents/GitHub/vino/docs/1.0.0/qa/evidence/derived-data-unthinned/Build/Intermediates.noindex/vino_iPhone.build/Debug-iphonesimulator/vino_iPhone.build/Objects-normal/arm64/CameraOverlayView.swiftdeps -serialize-diagnostics-path /Users/cengcheng/Documents/GitHub/vino/docs/1.0.0/qa/evidence/derived-data-unthinned/Build/Intermediates.noindex/vino_iPhone.build/Debug-iphonesimulator/vino_iPhone.build/Objects-normal/arm64/CameraOverlayView.dia -emit-localized-strings -emit-localized-strings-path /Users/cengcheng/Documents/GitHub/vino/docs/1.0.0/qa/evidence/derived-data-unthinned/Build/Intermediates.noindex/vino_iPhone.build/Debug-iphonesimulator/vino_iPhone.build/Objects-normal/arm64 -target arm64-apple-ios17.6-simulator -Xllvm -aarch64-use-tbi -enable-objc-interop -sdk /Applications/Xcode.app/Contents/Developer/Platforms/iPhoneSimulator.platform/Developer/SDKs/iPhoneSimulator18.2.sdk -I /Users/cengcheng/Documents/GitHub/vino/docs/1.0.0/qa/evidence/derived-data-unthinned/Build/Products/Debug-iphonesimulator -F /Users/cengcheng/Documents/GitHub/vino/docs/1.0.0/qa/evidence/derived-data-unthinned/Build/Products/Debug-iphonesimulator -no-color-diagnostics -enable-testing -g -debug-info-format\=dwarf -dwarf-version\=4 -module-cache-path /Users/cengcheng/Documents/GitHub/vino/docs/1.0.0/qa/evidence/derived-data-unthinned/ModuleCache.noindex -swift-version 5 -enforce-exclusivity\=checked -Onone -D DEBUG -serialize-debugging-options -const-gather-protocols-file /Users/cengcheng/Documents/GitHub/vino/docs/1.0.0/qa/evidence/derived-data-unthinned/Build/Intermediates.noindex/vino_iPhone.build/Debug-iphonesimulator/vino_iPhone.build/Objects-normal/arm64/vino_iPhone_const_extract_protocols.json -enable-experimental-feature DebugDescriptionMacro -enable-experimental-feature OpaqueTypeErasure -enable-bare-slash-regex -empty-abi-descriptor -validate-clang-modules-once -clang-build-session-file /Users/cengcheng/Documents/GitHub/vino/docs/1.0.0/qa/evidence/derived-data-unthinned/ModuleCache.noindex/Session.modulevalidation -Xcc -working-directory -Xcc /Users/cengcheng/Documents/GitHub/vino/vino_iPhone -resource-dir /Applications/Xcode.app/Contents/Developer/Toolchains/XcodeDefault.xctoolchain/usr/lib/swift -enable-anonymous-context-mangled-names -file-compilation-dir /Users/cengcheng/Documents/GitHub/vino/vino_iPhone -Xcc -D_LIBCPP_HARDENING_MODE\=_LIBCPP_HARDENING_MODE_DEBUG -Xcc -ivfsstatcache -Xcc /Users/cengcheng/Documents/GitHub/vino/docs/1.0.0/qa/evidence/derived-data-unthinned/SDKStatCaches.noindex/iphonesimulator18.2-22C146-07b28473f605e47e75261259d3ef3b5a.sdkstatcache -Xcc -I/Users/cengcheng/Documents/GitHub/vino/docs/1.0.0/qa/evidence/derived-data-unthinned/Build/Intermediates.noindex/vino_iPhone.build/Debug-iphonesimulator/vino_iPhone.build/swift-overrides.hmap -Xcc -iquote -Xcc /Users/cengcheng/Documents/GitHub/vino/docs/1.0.0/qa/evidence/derived-data-unthinned/Build/Intermediates.noindex/vino_iPhone.build/Debug-iphonesimulator/vino_iPhone.build/灵眼GX-generated-files.hmap -Xcc -I/Users/cengcheng/Documents/GitHub/vino/docs/1.0.0/qa/evidence/derived-data-unthinned/Build/Intermediates.noindex/vino_iPhone.build/Debug-iphonesimulator/vino_iPhone.build/灵眼GX-own-target-headers.hmap -Xcc -I/Users/cengcheng/Documents/GitHub/vino/docs/1.0.0/qa/evidence/derived-data-unthinned/Build/Intermediates.noindex/vino_iPhone.build/Debug-iphonesimulator/vino_iPhone.build/灵眼GX-all-target-headers.hmap -Xcc -iquote -Xcc /Users/cengcheng/Documents/GitHub/vino/docs/1.0.0/qa/evidence/derived-data-unthinned/Build/Intermediates.noindex/vino_iPhone.build/Debug-iphonesimulator/vino_iPhone.build/灵眼GX-project-headers.hmap -Xcc -I/Users/cengcheng/Documents/GitHub/vino/docs/1.0.0/qa/evidence/derived-data-unthinned/Build/Products/Debug-iphonesimulator/include -Xcc -I/Users/cengcheng/Documents/GitHub/vino/docs/1.0.0/qa/evidence/derived-data-unthinned/Build/Intermediates.noindex/vino_iPhone.build/Debug-iphonesimulator/vino_iPhone.build/DerivedSources-normal/arm64 -Xcc -I/Users/cengcheng/Documents/GitHub/vino/docs/1.0.0/qa/evidence/derived-data-unthinned/Build/Intermediates.noindex/vino_iPhone.build/Debug-iphonesimulator/vino_iPhone.build/DerivedSources/arm64 -Xcc -I/Users/cengcheng/Documents/GitHub/vino/docs/1.0.0/qa/evidence/derived-data-unthinned/Build/Intermediates.noindex/vino_iPhone.build/Debug-iphonesimulator/vino_iPhone.build/DerivedSources -Xcc -DDEBUG\=1 -module-name vino_iPhone -frontend-parseable-output -disable-clang-spi -target-sdk-version 18.2 -target-sdk-name iphonesimulator18.2 -external-plugin-path /Applications/Xcode.app/Contents/Developer/Platforms/iPhoneOS.platform/Developer/usr/lib/swift/host/plugins\#/Applications/Xcode.app/Contents/Developer/Platforms/iPhoneOS.platform/Developer/usr/bin/swift-plugin-server -external-plugin-path /Applications/Xcode.app/Contents/Developer/Platforms/iPhoneOS.platform/Developer/usr/local/lib/swift/host/plugins\#/Applications/Xcode.app/Contents/Developer/Platforms/iPhoneOS.platform/Developer/usr/bin/swift-plugin-server -plugin-path /Applications/Xcode.app/Contents/Developer/Toolchains/XcodeDefault.xctoolchain/usr/lib/swift/host/plugins -plugin-path /Applications/Xcode.app/Contents/Developer/Toolchains/XcodeDefault.xctoolchain/usr/local/lib/swift/host/plugins -o /Users/cengcheng/Documents/GitHub/vino/docs/1.0.0/qa/evidence/derived-data-unthinned/Build/Intermediates.noindex/vino_iPhone.build/Debug-iphonesimulator/vino_iPhone.build/Objects-normal/arm64/VinoProtocol.o -o /Users/cengcheng/Documents/GitHub/vino/docs/1.0.0/qa/evidence/derived-data-unthinned/Build/Intermediates.noindex/vino_iPhone.build/Debug-iphonesimulator/vino_iPhone.build/Objects-normal/arm64/CameraOverlayView.o -index-unit-output-path /vino_iPhone.build/Debug-iphonesimulator/vino_iPhone.build/Objects-normal/arm64/VinoProtocol.o -index-unit-output-path /vino_iPhone.build/Debug-iphonesimulator/vino_iPhone.build/Objects-normal/arm64/CameraOverlayView.o -index-store-path /Users/cengcheng/Documents/GitHub/vino/docs/1.0.0/qa/evidence/derived-data-unthinned/Index.noindex/DataStore -index-system-modules

SwiftCompile normal arm64 /Users/cengcheng/Documents/GitHub/vino/vino_iPhone/Sources/Overlay/CameraOverlayView.swift (in target 'vino_iPhone' from project 'vino_iPhone')
    cd /Users/cengcheng/Documents/GitHub/vino/vino_iPhone
    /Applications/Xcode.app/Contents/Developer/Toolchains/XcodeDefault.xctoolchain/usr/bin/swift-frontend -c /Users/cengcheng/Documents/GitHub/vino/vino_iPhone/AppHost/VinoPhoneApp.swift /Users/cengcheng/Documents/GitHub/vino/vino_iPhone/Sources/App/VinoPhoneShellView.swift /Users/cengcheng/Documents/GitHub/vino/vino_iPhone/Sources/Camera/CameraPreviewView.swift /Users/cengcheng/Documents/GitHub/vino/vino_iPhone/Sources/Camera/CameraSessionController.swift /Users/cengcheng/Documents/GitHub/vino/vino_iPhone/Sources/Inference/InferenceRuntime.swift /Users/cengcheng/Documents/GitHub/vino/vino_iPhone/Sources/Models/CoreMLCatalog.swift /Users/cengcheng/Documents/GitHub/vino/vino_iPhone/Sources/Models/InferenceModels.swift /Users/cengcheng/Documents/GitHub/vino/vino_iPhone/Sources/Models/ModelFileStore.swift /Users/cengcheng/Documents/GitHub/vino/vino_iPhone/Sources/Models/VinoAppState.swift /Users/cengcheng/Documents/GitHub/vino/vino_iPhone/Sources/Models/VinoTheme.swift /Users/cengcheng/Documents/GitHub/vino/vino_iPhone/Sources/Networking/ControlPlaneCoordinator.swift /Users/cengcheng/Documents/GitHub/vino/vino_iPhone/Sources/Networking/IPAddressMonitor.swift -primary-file /Users/cengcheng/Documents/GitHub/vino/vino_iPhone/Sources/Networking/VinoProtocol.swift -primary-file /Users/cengcheng/Documents/GitHub/vino/vino_iPhone/Sources/Overlay/CameraOverlayView.swift /Users/cengcheng/Documents/GitHub/vino/vino_iPhone/Sources/Overlay/InferenceResultsOverlayView.swift /Users/cengcheng/Documents/GitHub/vino/vino_iPhone/Sources/Auth/AuthModels.swift /Users/cengcheng/Documents/GitHub/vino/vino_iPhone/Sources/Auth/KeychainStore.swift /Users/cengcheng/Documents/GitHub/vino/vino_iPhone/Sources/Auth/AuthSessionStore.swift /Users/cengcheng/Documents/GitHub/vino/vino_iPhone/Sources/Auth/AuthService.swift /Users/cengcheng/Documents/GitHub/vino/vino_iPhone/Sources/Models/CloudModelCatalog.swift /Users/cengcheng/Documents/GitHub/vino/vino_iPhone/Sources/Models/ModelLicenseVerifier.swift /Users/cengcheng/Documents/GitHub/vino/vino_iPhone/Sources/Networking/AssetUploadService.swift /Users/cengcheng/Documents/GitHub/vino/vino_iPhone/Sources/Networking/CloudControlCoordinator.swift /Users/cengcheng/Documents/GitHub/vino/docs/1.0.0/qa/evidence/derived-data-unthinned/Build/Intermediates.noindex/vino_iPhone.build/Debug-iphonesimulator/vino_iPhone.build/DerivedSources/GeneratedAssetSymbols.swift -emit-dependencies-path /Users/cengcheng/Documents/GitHub/vino/docs/1.0.0/qa/evidence/derived-data-unthinned/Build/Intermediates.noindex/vino_iPhone.build/Debug-iphonesimulator/vino_iPhone.build/Objects-normal/arm64/VinoProtocol.d -emit-const-values-path /Users/cengcheng/Documents/GitHub/vino/docs/1.0.0/qa/evidence/derived-data-unthinned/Build/Intermediates.noindex/vino_iPhone.build/Debug-iphonesimulator/vino_iPhone.build/Objects-normal/arm64/VinoProtocol.swiftconstvalues -emit-reference-dependencies-path /Users/cengcheng/Documents/GitHub/vino/docs/1.0.0/qa/evidence/derived-data-unthinned/Build/Intermediates.noindex/vino_iPhone.build/Debug-iphonesimulator/vino_iPhone.build/Objects-normal/arm64/VinoProtocol.swiftdeps -serialize-diagnostics-path /Users/cengcheng/Documents/GitHub/vino/docs/1.0.0/qa/evidence/derived-data-unthinned/Build/Intermediates.noindex/vino_iPhone.build/Debug-iphonesimulator/vino_iPhone.build/Objects-normal/arm64/VinoProtocol.dia -emit-dependencies-path /Users/cengcheng/Documents/GitHub/vino/docs/1.0.0/qa/evidence/derived-data-unthinned/Build/Intermediates.noindex/vino_iPhone.build/Debug-iphonesimulator/vino_iPhone.build/Objects-normal/arm64/CameraOverlayView.d -emit-const-values-path /Users/cengcheng/Documents/GitHub/vino/docs/1.0.0/qa/evidence/derived-data-unthinned/Build/Intermediates.noindex/vino_iPhone.build/Debug-iphonesimulator/vino_iPhone.build/Objects-normal/arm64/CameraOverlayView.swiftconstvalues -emit-reference-dependencies-path /Users/cengcheng/Documents/GitHub/vino/docs/1.0.0/qa/evidence/derived-data-unthinned/Build/Intermediates.noindex/vino_iPhone.build/Debug-iphonesimulator/vino_iPhone.build/Objects-normal/arm64/CameraOverlayView.swiftdeps -serialize-diagnostics-path /Users/cengcheng/Documents/GitHub/vino/docs/1.0.0/qa/evidence/derived-data-unthinned/Build/Intermediates.noindex/vino_iPhone.build/Debug-iphonesimulator/vino_iPhone.build/Objects-normal/arm64/CameraOverlayView.dia -emit-localized-strings -emit-localized-strings-path /Users/cengcheng/Documents/GitHub/vino/docs/1.0.0/qa/evidence/derived-data-unthinned/Build/Intermediates.noindex/vino_iPhone.build/Debug-iphonesimulator/vino_iPhone.build/Objects-normal/arm64 -target arm64-apple-ios17.6-simulator -Xllvm -aarch64-use-tbi -enable-objc-interop -sdk /Applications/Xcode.app/Contents/Developer/Platforms/iPhoneSimulator.platform/Developer/SDKs/iPhoneSimulator18.2.sdk -I /Users/cengcheng/Documents/GitHub/vino/docs/1.0.0/qa/evidence/derived-data-unthinned/Build/Products/Debug-iphonesimulator -F /Users/cengcheng/Documents/GitHub/vino/docs/1.0.0/qa/evidence/derived-data-unthinned/Build/Products/Debug-iphonesimulator -no-color-diagnostics -enable-testing -g -debug-info-format\=dwarf -dwarf-version\=4 -module-cache-path /Users/cengcheng/Documents/GitHub/vino/docs/1.0.0/qa/evidence/derived-data-unthinned/ModuleCache.noindex -swift-version 5 -enforce-exclusivity\=checked -Onone -D DEBUG -serialize-debugging-options -const-gather-protocols-file /Users/cengcheng/Documents/GitHub/vino/docs/1.0.0/qa/evidence/derived-data-unthinned/Build/Intermediates.noindex/vino_iPhone.build/Debug-iphonesimulator/vino_iPhone.build/Objects-normal/arm64/vino_iPhone_const_extract_protocols.json -enable-experimental-feature DebugDescriptionMacro -enable-experimental-feature OpaqueTypeErasure -enable-bare-slash-regex -empty-abi-descriptor -validate-clang-modules-once -clang-build-session-file /Users/cengcheng/Documents/GitHub/vino/docs/1.0.0/qa/evidence/derived-data-unthinned/ModuleCache.noindex/Session.modulevalidation -Xcc -working-directory -Xcc /Users/cengcheng/Documents/GitHub/vino/vino_iPhone -resource-dir /Applications/Xcode.app/Contents/Developer/Toolchains/XcodeDefault.xctoolchain/usr/lib/swift -enable-anonymous-context-mangled-names -file-compilation-dir /Users/cengcheng/Documents/GitHub/vino/vino_iPhone -Xcc -D_LIBCPP_HARDENING_MODE\=_LIBCPP_HARDENING_MODE_DEBUG -Xcc -ivfsstatcache -Xcc /Users/cengcheng/Documents/GitHub/vino/docs/1.0.0/qa/evidence/derived-data-unthinned/SDKStatCaches.noindex/iphonesimulator18.2-22C146-07b28473f605e47e75261259d3ef3b5a.sdkstatcache -Xcc -I/Users/cengcheng/Documents/GitHub/vino/docs/1.0.0/qa/evidence/derived-data-unthinned/Build/Intermediates.noindex/vino_iPhone.build/Debug-iphonesimulator/vino_iPhone.build/swift-overrides.hmap -Xcc -iquote -Xcc /Users/cengcheng/Documents/GitHub/vino/docs/1.0.0/qa/evidence/derived-data-unthinned/Build/Intermediates.noindex/vino_iPhone.build/Debug-iphonesimulator/vino_iPhone.build/灵眼GX-generated-files.hmap -Xcc -I/Users/cengcheng/Documents/GitHub/vino/docs/1.0.0/qa/evidence/derived-data-unthinned/Build/Intermediates.noindex/vino_iPhone.build/Debug-iphonesimulator/vino_iPhone.build/灵眼GX-own-target-headers.hmap -Xcc -I/Users/cengcheng/Documents/GitHub/vino/docs/1.0.0/qa/evidence/derived-data-unthinned/Build/Intermediates.noindex/vino_iPhone.build/Debug-iphonesimulator/vino_iPhone.build/灵眼GX-all-target-headers.hmap -Xcc -iquote -Xcc /Users/cengcheng/Documents/GitHub/vino/docs/1.0.0/qa/evidence/derived-data-unthinned/Build/Intermediates.noindex/vino_iPhone.build/Debug-iphonesimulator/vino_iPhone.build/灵眼GX-project-headers.hmap -Xcc -I/Users/cengcheng/Documents/GitHub/vino/docs/1.0.0/qa/evidence/derived-data-unthinned/Build/Products/Debug-iphonesimulator/include -Xcc -I/Users/cengcheng/Documents/GitHub/vino/docs/1.0.0/qa/evidence/derived-data-unthinned/Build/Intermediates.noindex/vino_iPhone.build/Debug-iphonesimulator/vino_iPhone.build/DerivedSources-normal/arm64 -Xcc -I/Users/cengcheng/Documents/GitHub/vino/docs/1.0.0/qa/evidence/derived-data-unthinned/Build/Intermediates.noindex/vino_iPhone.build/Debug-iphonesimulator/vino_iPhone.build/DerivedSources/arm64 -Xcc -I/Users/cengcheng/Documents/GitHub/vino/docs/1.0.0/qa/evidence/derived-data-unthinned/Build/Intermediates.noindex/vino_iPhone.build/Debug-iphonesimulator/vino_iPhone.build/DerivedSources -Xcc -DDEBUG\=1 -module-name vino_iPhone -frontend-parseable-output -disable-clang-spi -target-sdk-version 18.2 -target-sdk-name iphonesimulator18.2 -external-plugin-path /Applications/Xcode.app/Contents/Developer/Platforms/iPhoneOS.platform/Developer/usr/lib/swift/host/plugins\#/Applications/Xcode.app/Contents/Developer/Platforms/iPhoneOS.platform/Developer/usr/bin/swift-plugin-server -external-plugin-path /Applications/Xcode.app/Contents/Developer/Platforms/iPhoneOS.platform/Developer/usr/local/lib/swift/host/plugins\#/Applications/Xcode.app/Contents/Developer/Platforms/iPhoneOS.platform/Developer/usr/bin/swift-plugin-server -plugin-path /Applications/Xcode.app/Contents/Developer/Toolchains/XcodeDefault.xctoolchain/usr/lib/swift/host/plugins -plugin-path /Applications/Xcode.app/Contents/Developer/Toolchains/XcodeDefault.xctoolchain/usr/local/lib/swift/host/plugins -o /Users/cengcheng/Documents/GitHub/vino/docs/1.0.0/qa/evidence/derived-data-unthinned/Build/Intermediates.noindex/vino_iPhone.build/Debug-iphonesimulator/vino_iPhone.build/Objects-normal/arm64/VinoProtocol.o -o /Users/cengcheng/Documents/GitHub/vino/docs/1.0.0/qa/evidence/derived-data-unthinned/Build/Intermediates.noindex/vino_iPhone.build/Debug-iphonesimulator/vino_iPhone.build/Objects-normal/arm64/CameraOverlayView.o -index-unit-output-path /vino_iPhone.build/Debug-iphonesimulator/vino_iPhone.build/Objects-normal/arm64/VinoProtocol.o -index-unit-output-path /vino_iPhone.build/Debug-iphonesimulator/vino_iPhone.build/Objects-normal/arm64/CameraOverlayView.o -index-store-path /Users/cengcheng/Documents/GitHub/vino/docs/1.0.0/qa/evidence/derived-data-unthinned/Index.noindex/DataStore -index-system-modules

SwiftCompile normal arm64 Compiling\ CloudControlCoordinator.swift,\ GeneratedAssetSymbols.swift /Users/cengcheng/Documents/GitHub/vino/vino_iPhone/Sources/Networking/CloudControlCoordinator.swift /Users/cengcheng/Documents/GitHub/vino/docs/1.0.0/qa/evidence/derived-data-unthinned/Build/Intermediates.noindex/vino_iPhone.build/Debug-iphonesimulator/vino_iPhone.build/DerivedSources/GeneratedAssetSymbols.swift (in target 'vino_iPhone' from project 'vino_iPhone')
    cd /Users/cengcheng/Documents/GitHub/vino/vino_iPhone
    builtin-swiftTaskExecution -- /Applications/Xcode.app/Contents/Developer/Toolchains/XcodeDefault.xctoolchain/usr/bin/swift-frontend -frontend -c /Users/cengcheng/Documents/GitHub/vino/vino_iPhone/AppHost/VinoPhoneApp.swift /Users/cengcheng/Documents/GitHub/vino/vino_iPhone/Sources/App/VinoPhoneShellView.swift /Users/cengcheng/Documents/GitHub/vino/vino_iPhone/Sources/Camera/CameraPreviewView.swift /Users/cengcheng/Documents/GitHub/vino/vino_iPhone/Sources/Camera/CameraSessionController.swift /Users/cengcheng/Documents/GitHub/vino/vino_iPhone/Sources/Inference/InferenceRuntime.swift /Users/cengcheng/Documents/GitHub/vino/vino_iPhone/Sources/Models/CoreMLCatalog.swift /Users/cengcheng/Documents/GitHub/vino/vino_iPhone/Sources/Models/InferenceModels.swift /Users/cengcheng/Documents/GitHub/vino/vino_iPhone/Sources/Models/ModelFileStore.swift /Users/cengcheng/Documents/GitHub/vino/vino_iPhone/Sources/Models/VinoAppState.swift /Users/cengcheng/Documents/GitHub/vino/vino_iPhone/Sources/Models/VinoTheme.swift /Users/cengcheng/Documents/GitHub/vino/vino_iPhone/Sources/Networking/ControlPlaneCoordinator.swift /Users/cengcheng/Documents/GitHub/vino/vino_iPhone/Sources/Networking/IPAddressMonitor.swift /Users/cengcheng/Documents/GitHub/vino/vino_iPhone/Sources/Networking/VinoProtocol.swift /Users/cengcheng/Documents/GitHub/vino/vino_iPhone/Sources/Overlay/CameraOverlayView.swift /Users/cengcheng/Documents/GitHub/vino/vino_iPhone/Sources/Overlay/InferenceResultsOverlayView.swift /Users/cengcheng/Documents/GitHub/vino/vino_iPhone/Sources/Auth/AuthModels.swift /Users/cengcheng/Documents/GitHub/vino/vino_iPhone/Sources/Auth/KeychainStore.swift /Users/cengcheng/Documents/GitHub/vino/vino_iPhone/Sources/Auth/AuthSessionStore.swift /Users/cengcheng/Documents/GitHub/vino/vino_iPhone/Sources/Auth/AuthService.swift /Users/cengcheng/Documents/GitHub/vino/vino_iPhone/Sources/Models/CloudModelCatalog.swift /Users/cengcheng/Documents/GitHub/vino/vino_iPhone/Sources/Models/ModelLicenseVerifier.swift /Users/cengcheng/Documents/GitHub/vino/vino_iPhone/Sources/Networking/AssetUploadService.swift -primary-file /Users/cengcheng/Documents/GitHub/vino/vino_iPhone/Sources/Networking/CloudControlCoordinator.swift -primary-file /Users/cengcheng/Documents/GitHub/vino/docs/1.0.0/qa/evidence/derived-data-unthinned/Build/Intermediates.noindex/vino_iPhone.build/Debug-iphonesimulator/vino_iPhone.build/DerivedSources/GeneratedAssetSymbols.swift -emit-dependencies-path /Users/cengcheng/Documents/GitHub/vino/docs/1.0.0/qa/evidence/derived-data-unthinned/Build/Intermediates.noindex/vino_iPhone.build/Debug-iphonesimulator/vino_iPhone.build/Objects-normal/arm64/CloudControlCoordinator.d -emit-const-values-path /Users/cengcheng/Documents/GitHub/vino/docs/1.0.0/qa/evidence/derived-data-unthinned/Build/Intermediates.noindex/vino_iPhone.build/Debug-iphonesimulator/vino_iPhone.build/Objects-normal/arm64/CloudControlCoordinator.swiftconstvalues -emit-reference-dependencies-path /Users/cengcheng/Documents/GitHub/vino/docs/1.0.0/qa/evidence/derived-data-unthinned/Build/Intermediates.noindex/vino_iPhone.build/Debug-iphonesimulator/vino_iPhone.build/Objects-normal/arm64/CloudControlCoordinator.swiftdeps -serialize-diagnostics-path /Users/cengcheng/Documents/GitHub/vino/docs/1.0.0/qa/evidence/derived-data-unthinned/Build/Intermediates.noindex/vino_iPhone.build/Debug-iphonesimulator/vino_iPhone.build/Objects-normal/arm64/CloudControlCoordinator.dia -emit-dependencies-path /Users/cengcheng/Documents/GitHub/vino/docs/1.0.0/qa/evidence/derived-data-unthinned/Build/Intermediates.noindex/vino_iPhone.build/Debug-iphonesimulator/vino_iPhone.build/Objects-normal/arm64/GeneratedAssetSymbols.d -emit-const-values-path /Users/cengcheng/Documents/GitHub/vino/docs/1.0.0/qa/evidence/derived-data-unthinned/Build/Intermediates.noindex/vino_iPhone.build/Debug-iphonesimulator/vino_iPhone.build/Objects-normal/arm64/GeneratedAssetSymbols.swiftconstvalues -emit-reference-dependencies-path /Users/cengcheng/Documents/GitHub/vino/docs/1.0.0/qa/evidence/derived-data-unthinned/Build/Intermediates.noindex/vino_iPhone.build/Debug-iphonesimulator/vino_iPhone.build/Objects-normal/arm64/GeneratedAssetSymbols.swiftdeps -serialize-diagnostics-path /Users/cengcheng/Documents/GitHub/vino/docs/1.0.0/qa/evidence/derived-data-unthinned/Build/Intermediates.noindex/vino_iPhone.build/Debug-iphonesimulator/vino_iPhone.build/Objects-normal/arm64/GeneratedAssetSymbols.dia -emit-localized-strings -emit-localized-strings-path /Users/cengcheng/Documents/GitHub/vino/docs/1.0.0/qa/evidence/derived-data-unthinned/Build/Intermediates.noindex/vino_iPhone.build/Debug-iphonesimulator/vino_iPhone.build/Objects-normal/arm64 -target arm64-apple-ios17.6-simulator -Xllvm -aarch64-use-tbi -enable-objc-interop -sdk /Applications/Xcode.app/Contents/Developer/Platforms/iPhoneSimulator.platform/Developer/SDKs/iPhoneSimulator18.2.sdk -I /Users/cengcheng/Documents/GitHub/vino/docs/1.0.0/qa/evidence/derived-data-unthinned/Build/Products/Debug-iphonesimulator -F /Users/cengcheng/Documents/GitHub/vino/docs/1.0.0/qa/evidence/derived-data-unthinned/Build/Products/Debug-iphonesimulator -no-color-diagnostics -enable-testing -g -debug-info-format\=dwarf -dwarf-version\=4 -module-cache-path /Users/cengcheng/Documents/GitHub/vino/docs/1.0.0/qa/evidence/derived-data-unthinned/ModuleCache.noindex -swift-version 5 -enforce-exclusivity\=checked -Onone -D DEBUG -serialize-debugging-options -const-gather-protocols-file /Users/cengcheng/Documents/GitHub/vino/docs/1.0.0/qa/evidence/derived-data-unthinned/Build/Intermediates.noindex/vino_iPhone.build/Debug-iphonesimulator/vino_iPhone.build/Objects-normal/arm64/vino_iPhone_const_extract_protocols.json -enable-experimental-feature DebugDescriptionMacro -enable-experimental-feature OpaqueTypeErasure -enable-bare-slash-regex -empty-abi-descriptor -validate-clang-modules-once -clang-build-session-file /Users/cengcheng/Documents/GitHub/vino/docs/1.0.0/qa/evidence/derived-data-unthinned/ModuleCache.noindex/Session.modulevalidation -Xcc -working-directory -Xcc /Users/cengcheng/Documents/GitHub/vino/vino_iPhone -resource-dir /Applications/Xcode.app/Contents/Developer/Toolchains/XcodeDefault.xctoolchain/usr/lib/swift -enable-anonymous-context-mangled-names -file-compilation-dir /Users/cengcheng/Documents/GitHub/vino/vino_iPhone -Xcc -D_LIBCPP_HARDENING_MODE\=_LIBCPP_HARDENING_MODE_DEBUG -Xcc -ivfsstatcache -Xcc /Users/cengcheng/Documents/GitHub/vino/docs/1.0.0/qa/evidence/derived-data-unthinned/SDKStatCaches.noindex/iphonesimulator18.2-22C146-07b28473f605e47e75261259d3ef3b5a.sdkstatcache -Xcc -I/Users/cengcheng/Documents/GitHub/vino/docs/1.0.0/qa/evidence/derived-data-unthinned/Build/Intermediates.noindex/vino_iPhone.build/Debug-iphonesimulator/vino_iPhone.build/swift-overrides.hmap -Xcc -iquote -Xcc /Users/cengcheng/Documents/GitHub/vino/docs/1.0.0/qa/evidence/derived-data-unthinned/Build/Intermediates.noindex/vino_iPhone.build/Debug-iphonesimulator/vino_iPhone.build/灵眼GX-generated-files.hmap -Xcc -I/Users/cengcheng/Documents/GitHub/vino/docs/1.0.0/qa/evidence/derived-data-unthinned/Build/Intermediates.noindex/vino_iPhone.build/Debug-iphonesimulator/vino_iPhone.build/灵眼GX-own-target-headers.hmap -Xcc -I/Users/cengcheng/Documents/GitHub/vino/docs/1.0.0/qa/evidence/derived-data-unthinned/Build/Intermediates.noindex/vino_iPhone.build/Debug-iphonesimulator/vino_iPhone.build/灵眼GX-all-target-headers.hmap -Xcc -iquote -Xcc /Users/cengcheng/Documents/GitHub/vino/docs/1.0.0/qa/evidence/derived-data-unthinned/Build/Intermediates.noindex/vino_iPhone.build/Debug-iphonesimulator/vino_iPhone.build/灵眼GX-project-headers.hmap -Xcc -I/Users/cengcheng/Documents/GitHub/vino/docs/1.0.0/qa/evidence/derived-data-unthinned/Build/Products/Debug-iphonesimulator/include -Xcc -I/Users/cengcheng/Documents/GitHub/vino/docs/1.0.0/qa/evidence/derived-data-unthinned/Build/Intermediates.noindex/vino_iPhone.build/Debug-iphonesimulator/vino_iPhone.build/DerivedSources-normal/arm64 -Xcc -I/Users/cengcheng/Documents/GitHub/vino/docs/1.0.0/qa/evidence/derived-data-unthinned/Build/Intermediates.noindex/vino_iPhone.build/Debug-iphonesimulator/vino_iPhone.build/DerivedSources/arm64 -Xcc -I/Users/cengcheng/Documents/GitHub/vino/docs/1.0.0/qa/evidence/derived-data-unthinned/Build/Intermediates.noindex/vino_iPhone.build/Debug-iphonesimulator/vino_iPhone.build/DerivedSources -Xcc -DDEBUG\=1 -module-name vino_iPhone -frontend-parseable-output -disable-clang-spi -target-sdk-version 18.2 -target-sdk-name iphonesimulator18.2 -external-plugin-path /Applications/Xcode.app/Contents/Developer/Platforms/iPhoneOS.platform/Developer/usr/lib/swift/host/plugins\#/Applications/Xcode.app/Contents/Developer/Platforms/iPhoneOS.platform/Developer/usr/bin/swift-plugin-server -external-plugin-path /Applications/Xcode.app/Contents/Developer/Platforms/iPhoneOS.platform/Developer/usr/local/lib/swift/host/plugins\#/Applications/Xcode.app/Contents/Developer/Platforms/iPhoneOS.platform/Developer/usr/bin/swift-plugin-server -plugin-path /Applications/Xcode.app/Contents/Developer/Toolchains/XcodeDefault.xctoolchain/usr/lib/swift/host/plugins -plugin-path /Applications/Xcode.app/Contents/Developer/Toolchains/XcodeDefault.xctoolchain/usr/local/lib/swift/host/plugins -o /Users/cengcheng/Documents/GitHub/vino/docs/1.0.0/qa/evidence/derived-data-unthinned/Build/Intermediates.noindex/vino_iPhone.build/Debug-iphonesimulator/vino_iPhone.build/Objects-normal/arm64/CloudControlCoordinator.o -o /Users/cengcheng/Documents/GitHub/vino/docs/1.0.0/qa/evidence/derived-data-unthinned/Build/Intermediates.noindex/vino_iPhone.build/Debug-iphonesimulator/vino_iPhone.build/Objects-normal/arm64/GeneratedAssetSymbols.o -index-unit-output-path /vino_iPhone.build/Debug-iphonesimulator/vino_iPhone.build/Objects-normal/arm64/CloudControlCoordinator.o -index-unit-output-path /vino_iPhone.build/Debug-iphonesimulator/vino_iPhone.build/Objects-normal/arm64/GeneratedAssetSymbols.o -index-store-path /Users/cengcheng/Documents/GitHub/vino/docs/1.0.0/qa/evidence/derived-data-unthinned/Index.noindex/DataStore -index-system-modules

SwiftCompile normal arm64 /Users/cengcheng/Documents/GitHub/vino/vino_iPhone/Sources/Networking/CloudControlCoordinator.swift (in target 'vino_iPhone' from project 'vino_iPhone')
    cd /Users/cengcheng/Documents/GitHub/vino/vino_iPhone
    /Applications/Xcode.app/Contents/Developer/Toolchains/XcodeDefault.xctoolchain/usr/bin/swift-frontend -c /Users/cengcheng/Documents/GitHub/vino/vino_iPhone/AppHost/VinoPhoneApp.swift /Users/cengcheng/Documents/GitHub/vino/vino_iPhone/Sources/App/VinoPhoneShellView.swift /Users/cengcheng/Documents/GitHub/vino/vino_iPhone/Sources/Camera/CameraPreviewView.swift /Users/cengcheng/Documents/GitHub/vino/vino_iPhone/Sources/Camera/CameraSessionController.swift /Users/cengcheng/Documents/GitHub/vino/vino_iPhone/Sources/Inference/InferenceRuntime.swift /Users/cengcheng/Documents/GitHub/vino/vino_iPhone/Sources/Models/CoreMLCatalog.swift /Users/cengcheng/Documents/GitHub/vino/vino_iPhone/Sources/Models/InferenceModels.swift /Users/cengcheng/Documents/GitHub/vino/vino_iPhone/Sources/Models/ModelFileStore.swift /Users/cengcheng/Documents/GitHub/vino/vino_iPhone/Sources/Models/VinoAppState.swift /Users/cengcheng/Documents/GitHub/vino/vino_iPhone/Sources/Models/VinoTheme.swift /Users/cengcheng/Documents/GitHub/vino/vino_iPhone/Sources/Networking/ControlPlaneCoordinator.swift /Users/cengcheng/Documents/GitHub/vino/vino_iPhone/Sources/Networking/IPAddressMonitor.swift /Users/cengcheng/Documents/GitHub/vino/vino_iPhone/Sources/Networking/VinoProtocol.swift /Users/cengcheng/Documents/GitHub/vino/vino_iPhone/Sources/Overlay/CameraOverlayView.swift /Users/cengcheng/Documents/GitHub/vino/vino_iPhone/Sources/Overlay/InferenceResultsOverlayView.swift /Users/cengcheng/Documents/GitHub/vino/vino_iPhone/Sources/Auth/AuthModels.swift /Users/cengcheng/Documents/GitHub/vino/vino_iPhone/Sources/Auth/KeychainStore.swift /Users/cengcheng/Documents/GitHub/vino/vino_iPhone/Sources/Auth/AuthSessionStore.swift /Users/cengcheng/Documents/GitHub/vino/vino_iPhone/Sources/Auth/AuthService.swift /Users/cengcheng/Documents/GitHub/vino/vino_iPhone/Sources/Models/CloudModelCatalog.swift /Users/cengcheng/Documents/GitHub/vino/vino_iPhone/Sources/Models/ModelLicenseVerifier.swift /Users/cengcheng/Documents/GitHub/vino/vino_iPhone/Sources/Networking/AssetUploadService.swift -primary-file /Users/cengcheng/Documents/GitHub/vino/vino_iPhone/Sources/Networking/CloudControlCoordinator.swift -primary-file /Users/cengcheng/Documents/GitHub/vino/docs/1.0.0/qa/evidence/derived-data-unthinned/Build/Intermediates.noindex/vino_iPhone.build/Debug-iphonesimulator/vino_iPhone.build/DerivedSources/GeneratedAssetSymbols.swift -emit-dependencies-path /Users/cengcheng/Documents/GitHub/vino/docs/1.0.0/qa/evidence/derived-data-unthinned/Build/Intermediates.noindex/vino_iPhone.build/Debug-iphonesimulator/vino_iPhone.build/Objects-normal/arm64/CloudControlCoordinator.d -emit-const-values-path /Users/cengcheng/Documents/GitHub/vino/docs/1.0.0/qa/evidence/derived-data-unthinned/Build/Intermediates.noindex/vino_iPhone.build/Debug-iphonesimulator/vino_iPhone.build/Objects-normal/arm64/CloudControlCoordinator.swiftconstvalues -emit-reference-dependencies-path /Users/cengcheng/Documents/GitHub/vino/docs/1.0.0/qa/evidence/derived-data-unthinned/Build/Intermediates.noindex/vino_iPhone.build/Debug-iphonesimulator/vino_iPhone.build/Objects-normal/arm64/CloudControlCoordinator.swiftdeps -serialize-diagnostics-path /Users/cengcheng/Documents/GitHub/vino/docs/1.0.0/qa/evidence/derived-data-unthinned/Build/Intermediates.noindex/vino_iPhone.build/Debug-iphonesimulator/vino_iPhone.build/Objects-normal/arm64/CloudControlCoordinator.dia -emit-dependencies-path /Users/cengcheng/Documents/GitHub/vino/docs/1.0.0/qa/evidence/derived-data-unthinned/Build/Intermediates.noindex/vino_iPhone.build/Debug-iphonesimulator/vino_iPhone.build/Objects-normal/arm64/GeneratedAssetSymbols.d -emit-const-values-path /Users/cengcheng/Documents/GitHub/vino/docs/1.0.0/qa/evidence/derived-data-unthinned/Build/Intermediates.noindex/vino_iPhone.build/Debug-iphonesimulator/vino_iPhone.build/Objects-normal/arm64/GeneratedAssetSymbols.swiftconstvalues -emit-reference-dependencies-path /Users/cengcheng/Documents/GitHub/vino/docs/1.0.0/qa/evidence/derived-data-unthinned/Build/Intermediates.noindex/vino_iPhone.build/Debug-iphonesimulator/vino_iPhone.build/Objects-normal/arm64/GeneratedAssetSymbols.swiftdeps -serialize-diagnostics-path /Users/cengcheng/Documents/GitHub/vino/docs/1.0.0/qa/evidence/derived-data-unthinned/Build/Intermediates.noindex/vino_iPhone.build/Debug-iphonesimulator/vino_iPhone.build/Objects-normal/arm64/GeneratedAssetSymbols.dia -emit-localized-strings -emit-localized-strings-path /Users/cengcheng/Documents/GitHub/vino/docs/1.0.0/qa/evidence/derived-data-unthinned/Build/Intermediates.noindex/vino_iPhone.build/Debug-iphonesimulator/vino_iPhone.build/Objects-normal/arm64 -target arm64-apple-ios17.6-simulator -Xllvm -aarch64-use-tbi -enable-objc-interop -sdk /Applications/Xcode.app/Contents/Developer/Platforms/iPhoneSimulator.platform/Developer/SDKs/iPhoneSimulator18.2.sdk -I /Users/cengcheng/Documents/GitHub/vino/docs/1.0.0/qa/evidence/derived-data-unthinned/Build/Products/Debug-iphonesimulator -F /Users/cengcheng/Documents/GitHub/vino/docs/1.0.0/qa/evidence/derived-data-unthinned/Build/Products/Debug-iphonesimulator -no-color-diagnostics -enable-testing -g -debug-info-format\=dwarf -dwarf-version\=4 -module-cache-path /Users/cengcheng/Documents/GitHub/vino/docs/1.0.0/qa/evidence/derived-data-unthinned/ModuleCache.noindex -swift-version 5 -enforce-exclusivity\=checked -Onone -D DEBUG -serialize-debugging-options -const-gather-protocols-file /Users/cengcheng/Documents/GitHub/vino/docs/1.0.0/qa/evidence/derived-data-unthinned/Build/Intermediates.noindex/vino_iPhone.build/Debug-iphonesimulator/vino_iPhone.build/Objects-normal/arm64/vino_iPhone_const_extract_protocols.json -enable-experimental-feature DebugDescriptionMacro -enable-experimental-feature OpaqueTypeErasure -enable-bare-slash-regex -empty-abi-descriptor -validate-clang-modules-once -clang-build-session-file /Users/cengcheng/Documents/GitHub/vino/docs/1.0.0/qa/evidence/derived-data-unthinned/ModuleCache.noindex/Session.modulevalidation -Xcc -working-directory -Xcc /Users/cengcheng/Documents/GitHub/vino/vino_iPhone -resource-dir /Applications/Xcode.app/Contents/Developer/Toolchains/XcodeDefault.xctoolchain/usr/lib/swift -enable-anonymous-context-mangled-names -file-compilation-dir /Users/cengcheng/Documents/GitHub/vino/vino_iPhone -Xcc -D_LIBCPP_HARDENING_MODE\=_LIBCPP_HARDENING_MODE_DEBUG -Xcc -ivfsstatcache -Xcc /Users/cengcheng/Documents/GitHub/vino/docs/1.0.0/qa/evidence/derived-data-unthinned/SDKStatCaches.noindex/iphonesimulator18.2-22C146-07b28473f605e47e75261259d3ef3b5a.sdkstatcache -Xcc -I/Users/cengcheng/Documents/GitHub/vino/docs/1.0.0/qa/evidence/derived-data-unthinned/Build/Intermediates.noindex/vino_iPhone.build/Debug-iphonesimulator/vino_iPhone.build/swift-overrides.hmap -Xcc -iquote -Xcc /Users/cengcheng/Documents/GitHub/vino/docs/1.0.0/qa/evidence/derived-data-unthinned/Build/Intermediates.noindex/vino_iPhone.build/Debug-iphonesimulator/vino_iPhone.build/灵眼GX-generated-files.hmap -Xcc -I/Users/cengcheng/Documents/GitHub/vino/docs/1.0.0/qa/evidence/derived-data-unthinned/Build/Intermediates.noindex/vino_iPhone.build/Debug-iphonesimulator/vino_iPhone.build/灵眼GX-own-target-headers.hmap -Xcc -I/Users/cengcheng/Documents/GitHub/vino/docs/1.0.0/qa/evidence/derived-data-unthinned/Build/Intermediates.noindex/vino_iPhone.build/Debug-iphonesimulator/vino_iPhone.build/灵眼GX-all-target-headers.hmap -Xcc -iquote -Xcc /Users/cengcheng/Documents/GitHub/vino/docs/1.0.0/qa/evidence/derived-data-unthinned/Build/Intermediates.noindex/vino_iPhone.build/Debug-iphonesimulator/vino_iPhone.build/灵眼GX-project-headers.hmap -Xcc -I/Users/cengcheng/Documents/GitHub/vino/docs/1.0.0/qa/evidence/derived-data-unthinned/Build/Products/Debug-iphonesimulator/include -Xcc -I/Users/cengcheng/Documents/GitHub/vino/docs/1.0.0/qa/evidence/derived-data-unthinned/Build/Intermediates.noindex/vino_iPhone.build/Debug-iphonesimulator/vino_iPhone.build/DerivedSources-normal/arm64 -Xcc -I/Users/cengcheng/Documents/GitHub/vino/docs/1.0.0/qa/evidence/derived-data-unthinned/Build/Intermediates.noindex/vino_iPhone.build/Debug-iphonesimulator/vino_iPhone.build/DerivedSources/arm64 -Xcc -I/Users/cengcheng/Documents/GitHub/vino/docs/1.0.0/qa/evidence/derived-data-unthinned/Build/Intermediates.noindex/vino_iPhone.build/Debug-iphonesimulator/vino_iPhone.build/DerivedSources -Xcc -DDEBUG\=1 -module-name vino_iPhone -frontend-parseable-output -disable-clang-spi -target-sdk-version 18.2 -target-sdk-name iphonesimulator18.2 -external-plugin-path /Applications/Xcode.app/Contents/Developer/Platforms/iPhoneOS.platform/Developer/usr/lib/swift/host/plugins\#/Applications/Xcode.app/Contents/Developer/Platforms/iPhoneOS.platform/Developer/usr/bin/swift-plugin-server -external-plugin-path /Applications/Xcode.app/Contents/Developer/Platforms/iPhoneOS.platform/Developer/usr/local/lib/swift/host/plugins\#/Applications/Xcode.app/Contents/Developer/Platforms/iPhoneOS.platform/Developer/usr/bin/swift-plugin-server -plugin-path /Applications/Xcode.app/Contents/Developer/Toolchains/XcodeDefault.xctoolchain/usr/lib/swift/host/plugins -plugin-path /Applications/Xcode.app/Contents/Developer/Toolchains/XcodeDefault.xctoolchain/usr/local/lib/swift/host/plugins -o /Users/cengcheng/Documents/GitHub/vino/docs/1.0.0/qa/evidence/derived-data-unthinned/Build/Intermediates.noindex/vino_iPhone.build/Debug-iphonesimulator/vino_iPhone.build/Objects-normal/arm64/CloudControlCoordinator.o -o /Users/cengcheng/Documents/GitHub/vino/docs/1.0.0/qa/evidence/derived-data-unthinned/Build/Intermediates.noindex/vino_iPhone.build/Debug-iphonesimulator/vino_iPhone.build/Objects-normal/arm64/GeneratedAssetSymbols.o -index-unit-output-path /vino_iPhone.build/Debug-iphonesimulator/vino_iPhone.build/Objects-normal/arm64/CloudControlCoordinator.o -index-unit-output-path /vino_iPhone.build/Debug-iphonesimulator/vino_iPhone.build/Objects-normal/arm64/GeneratedAssetSymbols.o -index-store-path /Users/cengcheng/Documents/GitHub/vino/docs/1.0.0/qa/evidence/derived-data-unthinned/Index.noindex/DataStore -index-system-modules

SwiftCompile normal arm64 /Users/cengcheng/Documents/GitHub/vino/docs/1.0.0/qa/evidence/derived-data-unthinned/Build/Intermediates.noindex/vino_iPhone.build/Debug-iphonesimulator/vino_iPhone.build/DerivedSources/GeneratedAssetSymbols.swift (in target 'vino_iPhone' from project 'vino_iPhone')
    cd /Users/cengcheng/Documents/GitHub/vino/vino_iPhone
    /Applications/Xcode.app/Contents/Developer/Toolchains/XcodeDefault.xctoolchain/usr/bin/swift-frontend -c /Users/cengcheng/Documents/GitHub/vino/vino_iPhone/AppHost/VinoPhoneApp.swift /Users/cengcheng/Documents/GitHub/vino/vino_iPhone/Sources/App/VinoPhoneShellView.swift /Users/cengcheng/Documents/GitHub/vino/vino_iPhone/Sources/Camera/CameraPreviewView.swift /Users/cengcheng/Documents/GitHub/vino/vino_iPhone/Sources/Camera/CameraSessionController.swift /Users/cengcheng/Documents/GitHub/vino/vino_iPhone/Sources/Inference/InferenceRuntime.swift /Users/cengcheng/Documents/GitHub/vino/vino_iPhone/Sources/Models/CoreMLCatalog.swift /Users/cengcheng/Documents/GitHub/vino/vino_iPhone/Sources/Models/InferenceModels.swift /Users/cengcheng/Documents/GitHub/vino/vino_iPhone/Sources/Models/ModelFileStore.swift /Users/cengcheng/Documents/GitHub/vino/vino_iPhone/Sources/Models/VinoAppState.swift /Users/cengcheng/Documents/GitHub/vino/vino_iPhone/Sources/Models/VinoTheme.swift /Users/cengcheng/Documents/GitHub/vino/vino_iPhone/Sources/Networking/ControlPlaneCoordinator.swift /Users/cengcheng/Documents/GitHub/vino/vino_iPhone/Sources/Networking/IPAddressMonitor.swift /Users/cengcheng/Documents/GitHub/vino/vino_iPhone/Sources/Networking/VinoProtocol.swift /Users/cengcheng/Documents/GitHub/vino/vino_iPhone/Sources/Overlay/CameraOverlayView.swift /Users/cengcheng/Documents/GitHub/vino/vino_iPhone/Sources/Overlay/InferenceResultsOverlayView.swift /Users/cengcheng/Documents/GitHub/vino/vino_iPhone/Sources/Auth/AuthModels.swift /Users/cengcheng/Documents/GitHub/vino/vino_iPhone/Sources/Auth/KeychainStore.swift /Users/cengcheng/Documents/GitHub/vino/vino_iPhone/Sources/Auth/AuthSessionStore.swift /Users/cengcheng/Documents/GitHub/vino/vino_iPhone/Sources/Auth/AuthService.swift /Users/cengcheng/Documents/GitHub/vino/vino_iPhone/Sources/Models/CloudModelCatalog.swift /Users/cengcheng/Documents/GitHub/vino/vino_iPhone/Sources/Models/ModelLicenseVerifier.swift /Users/cengcheng/Documents/GitHub/vino/vino_iPhone/Sources/Networking/AssetUploadService.swift -primary-file /Users/cengcheng/Documents/GitHub/vino/vino_iPhone/Sources/Networking/CloudControlCoordinator.swift -primary-file /Users/cengcheng/Documents/GitHub/vino/docs/1.0.0/qa/evidence/derived-data-unthinned/Build/Intermediates.noindex/vino_iPhone.build/Debug-iphonesimulator/vino_iPhone.build/DerivedSources/GeneratedAssetSymbols.swift -emit-dependencies-path /Users/cengcheng/Documents/GitHub/vino/docs/1.0.0/qa/evidence/derived-data-unthinned/Build/Intermediates.noindex/vino_iPhone.build/Debug-iphonesimulator/vino_iPhone.build/Objects-normal/arm64/CloudControlCoordinator.d -emit-const-values-path /Users/cengcheng/Documents/GitHub/vino/docs/1.0.0/qa/evidence/derived-data-unthinned/Build/Intermediates.noindex/vino_iPhone.build/Debug-iphonesimulator/vino_iPhone.build/Objects-normal/arm64/CloudControlCoordinator.swiftconstvalues -emit-reference-dependencies-path /Users/cengcheng/Documents/GitHub/vino/docs/1.0.0/qa/evidence/derived-data-unthinned/Build/Intermediates.noindex/vino_iPhone.build/Debug-iphonesimulator/vino_iPhone.build/Objects-normal/arm64/CloudControlCoordinator.swiftdeps -serialize-diagnostics-path /Users/cengcheng/Documents/GitHub/vino/docs/1.0.0/qa/evidence/derived-data-unthinned/Build/Intermediates.noindex/vino_iPhone.build/Debug-iphonesimulator/vino_iPhone.build/Objects-normal/arm64/CloudControlCoordinator.dia -emit-dependencies-path /Users/cengcheng/Documents/GitHub/vino/docs/1.0.0/qa/evidence/derived-data-unthinned/Build/Intermediates.noindex/vino_iPhone.build/Debug-iphonesimulator/vino_iPhone.build/Objects-normal/arm64/GeneratedAssetSymbols.d -emit-const-values-path /Users/cengcheng/Documents/GitHub/vino/docs/1.0.0/qa/evidence/derived-data-unthinned/Build/Intermediates.noindex/vino_iPhone.build/Debug-iphonesimulator/vino_iPhone.build/Objects-normal/arm64/GeneratedAssetSymbols.swiftconstvalues -emit-reference-dependencies-path /Users/cengcheng/Documents/GitHub/vino/docs/1.0.0/qa/evidence/derived-data-unthinned/Build/Intermediates.noindex/vino_iPhone.build/Debug-iphonesimulator/vino_iPhone.build/Objects-normal/arm64/GeneratedAssetSymbols.swiftdeps -serialize-diagnostics-path /Users/cengcheng/Documents/GitHub/vino/docs/1.0.0/qa/evidence/derived-data-unthinned/Build/Intermediates.noindex/vino_iPhone.build/Debug-iphonesimulator/vino_iPhone.build/Objects-normal/arm64/GeneratedAssetSymbols.dia -emit-localized-strings -emit-localized-strings-path /Users/cengcheng/Documents/GitHub/vino/docs/1.0.0/qa/evidence/derived-data-unthinned/Build/Intermediates.noindex/vino_iPhone.build/Debug-iphonesimulator/vino_iPhone.build/Objects-normal/arm64 -target arm64-apple-ios17.6-simulator -Xllvm -aarch64-use-tbi -enable-objc-interop -sdk /Applications/Xcode.app/Contents/Developer/Platforms/iPhoneSimulator.platform/Developer/SDKs/iPhoneSimulator18.2.sdk -I /Users/cengcheng/Documents/GitHub/vino/docs/1.0.0/qa/evidence/derived-data-unthinned/Build/Products/Debug-iphonesimulator -F /Users/cengcheng/Documents/GitHub/vino/docs/1.0.0/qa/evidence/derived-data-unthinned/Build/Products/Debug-iphonesimulator -no-color-diagnostics -enable-testing -g -debug-info-format\=dwarf -dwarf-version\=4 -module-cache-path /Users/cengcheng/Documents/GitHub/vino/docs/1.0.0/qa/evidence/derived-data-unthinned/ModuleCache.noindex -swift-version 5 -enforce-exclusivity\=checked -Onone -D DEBUG -serialize-debugging-options -const-gather-protocols-file /Users/cengcheng/Documents/GitHub/vino/docs/1.0.0/qa/evidence/derived-data-unthinned/Build/Intermediates.noindex/vino_iPhone.build/Debug-iphonesimulator/vino_iPhone.build/Objects-normal/arm64/vino_iPhone_const_extract_protocols.json -enable-experimental-feature DebugDescriptionMacro -enable-experimental-feature OpaqueTypeErasure -enable-bare-slash-regex -empty-abi-descriptor -validate-clang-modules-once -clang-build-session-file /Users/cengcheng/Documents/GitHub/vino/docs/1.0.0/qa/evidence/derived-data-unthinned/ModuleCache.noindex/Session.modulevalidation -Xcc -working-directory -Xcc /Users/cengcheng/Documents/GitHub/vino/vino_iPhone -resource-dir /Applications/Xcode.app/Contents/Developer/Toolchains/XcodeDefault.xctoolchain/usr/lib/swift -enable-anonymous-context-mangled-names -file-compilation-dir /Users/cengcheng/Documents/GitHub/vino/vino_iPhone -Xcc -D_LIBCPP_HARDENING_MODE\=_LIBCPP_HARDENING_MODE_DEBUG -Xcc -ivfsstatcache -Xcc /Users/cengcheng/Documents/GitHub/vino/docs/1.0.0/qa/evidence/derived-data-unthinned/SDKStatCaches.noindex/iphonesimulator18.2-22C146-07b28473f605e47e75261259d3ef3b5a.sdkstatcache -Xcc -I/Users/cengcheng/Documents/GitHub/vino/docs/1.0.0/qa/evidence/derived-data-unthinned/Build/Intermediates.noindex/vino_iPhone.build/Debug-iphonesimulator/vino_iPhone.build/swift-overrides.hmap -Xcc -iquote -Xcc /Users/cengcheng/Documents/GitHub/vino/docs/1.0.0/qa/evidence/derived-data-unthinned/Build/Intermediates.noindex/vino_iPhone.build/Debug-iphonesimulator/vino_iPhone.build/灵眼GX-generated-files.hmap -Xcc -I/Users/cengcheng/Documents/GitHub/vino/docs/1.0.0/qa/evidence/derived-data-unthinned/Build/Intermediates.noindex/vino_iPhone.build/Debug-iphonesimulator/vino_iPhone.build/灵眼GX-own-target-headers.hmap -Xcc -I/Users/cengcheng/Documents/GitHub/vino/docs/1.0.0/qa/evidence/derived-data-unthinned/Build/Intermediates.noindex/vino_iPhone.build/Debug-iphonesimulator/vino_iPhone.build/灵眼GX-all-target-headers.hmap -Xcc -iquote -Xcc /Users/cengcheng/Documents/GitHub/vino/docs/1.0.0/qa/evidence/derived-data-unthinned/Build/Intermediates.noindex/vino_iPhone.build/Debug-iphonesimulator/vino_iPhone.build/灵眼GX-project-headers.hmap -Xcc -I/Users/cengcheng/Documents/GitHub/vino/docs/1.0.0/qa/evidence/derived-data-unthinned/Build/Products/Debug-iphonesimulator/include -Xcc -I/Users/cengcheng/Documents/GitHub/vino/docs/1.0.0/qa/evidence/derived-data-unthinned/Build/Intermediates.noindex/vino_iPhone.build/Debug-iphonesimulator/vino_iPhone.build/DerivedSources-normal/arm64 -Xcc -I/Users/cengcheng/Documents/GitHub/vino/docs/1.0.0/qa/evidence/derived-data-unthinned/Build/Intermediates.noindex/vino_iPhone.build/Debug-iphonesimulator/vino_iPhone.build/DerivedSources/arm64 -Xcc -I/Users/cengcheng/Documents/GitHub/vino/docs/1.0.0/qa/evidence/derived-data-unthinned/Build/Intermediates.noindex/vino_iPhone.build/Debug-iphonesimulator/vino_iPhone.build/DerivedSources -Xcc -DDEBUG\=1 -module-name vino_iPhone -frontend-parseable-output -disable-clang-spi -target-sdk-version 18.2 -target-sdk-name iphonesimulator18.2 -external-plugin-path /Applications/Xcode.app/Contents/Developer/Platforms/iPhoneOS.platform/Developer/usr/lib/swift/host/plugins\#/Applications/Xcode.app/Contents/Developer/Platforms/iPhoneOS.platform/Developer/usr/bin/swift-plugin-server -external-plugin-path /Applications/Xcode.app/Contents/Developer/Platforms/iPhoneOS.platform/Developer/usr/local/lib/swift/host/plugins\#/Applications/Xcode.app/Contents/Developer/Platforms/iPhoneOS.platform/Developer/usr/bin/swift-plugin-server -plugin-path /Applications/Xcode.app/Contents/Developer/Toolchains/XcodeDefault.xctoolchain/usr/lib/swift/host/plugins -plugin-path /Applications/Xcode.app/Contents/Developer/Toolchains/XcodeDefault.xctoolchain/usr/local/lib/swift/host/plugins -o /Users/cengcheng/Documents/GitHub/vino/docs/1.0.0/qa/evidence/derived-data-unthinned/Build/Intermediates.noindex/vino_iPhone.build/Debug-iphonesimulator/vino_iPhone.build/Objects-normal/arm64/CloudControlCoordinator.o -o /Users/cengcheng/Documents/GitHub/vino/docs/1.0.0/qa/evidence/derived-data-unthinned/Build/Intermediates.noindex/vino_iPhone.build/Debug-iphonesimulator/vino_iPhone.build/Objects-normal/arm64/GeneratedAssetSymbols.o -index-unit-output-path /vino_iPhone.build/Debug-iphonesimulator/vino_iPhone.build/Objects-normal/arm64/CloudControlCoordinator.o -index-unit-output-path /vino_iPhone.build/Debug-iphonesimulator/vino_iPhone.build/Objects-normal/arm64/GeneratedAssetSymbols.o -index-store-path /Users/cengcheng/Documents/GitHub/vino/docs/1.0.0/qa/evidence/derived-data-unthinned/Index.noindex/DataStore -index-system-modules

SwiftCompile normal arm64 Compiling\ CameraSessionController.swift,\ InferenceRuntime.swift,\ CoreMLCatalog.swift /Users/cengcheng/Documents/GitHub/vino/vino_iPhone/Sources/Camera/CameraSessionController.swift /Users/cengcheng/Documents/GitHub/vino/vino_iPhone/Sources/Inference/InferenceRuntime.swift /Users/cengcheng/Documents/GitHub/vino/vino_iPhone/Sources/Models/CoreMLCatalog.swift (in target 'vino_iPhone' from project 'vino_iPhone')
    cd /Users/cengcheng/Documents/GitHub/vino/vino_iPhone
    builtin-swiftTaskExecution -- /Applications/Xcode.app/Contents/Developer/Toolchains/XcodeDefault.xctoolchain/usr/bin/swift-frontend -frontend -c /Users/cengcheng/Documents/GitHub/vino/vino_iPhone/AppHost/VinoPhoneApp.swift /Users/cengcheng/Documents/GitHub/vino/vino_iPhone/Sources/App/VinoPhoneShellView.swift /Users/cengcheng/Documents/GitHub/vino/vino_iPhone/Sources/Camera/CameraPreviewView.swift -primary-file /Users/cengcheng/Documents/GitHub/vino/vino_iPhone/Sources/Camera/CameraSessionController.swift -primary-file /Users/cengcheng/Documents/GitHub/vino/vino_iPhone/Sources/Inference/InferenceRuntime.swift -primary-file /Users/cengcheng/Documents/GitHub/vino/vino_iPhone/Sources/Models/CoreMLCatalog.swift /Users/cengcheng/Documents/GitHub/vino/vino_iPhone/Sources/Models/InferenceModels.swift /Users/cengcheng/Documents/GitHub/vino/vino_iPhone/Sources/Models/ModelFileStore.swift /Users/cengcheng/Documents/GitHub/vino/vino_iPhone/Sources/Models/VinoAppState.swift /Users/cengcheng/Documents/GitHub/vino/vino_iPhone/Sources/Models/VinoTheme.swift /Users/cengcheng/Documents/GitHub/vino/vino_iPhone/Sources/Networking/ControlPlaneCoordinator.swift /Users/cengcheng/Documents/GitHub/vino/vino_iPhone/Sources/Networking/IPAddressMonitor.swift /Users/cengcheng/Documents/GitHub/vino/vino_iPhone/Sources/Networking/VinoProtocol.swift /Users/cengcheng/Documents/GitHub/vino/vino_iPhone/Sources/Overlay/CameraOverlayView.swift /Users/cengcheng/Documents/GitHub/vino/vino_iPhone/Sources/Overlay/InferenceResultsOverlayView.swift /Users/cengcheng/Documents/GitHub/vino/vino_iPhone/Sources/Auth/AuthModels.swift /Users/cengcheng/Documents/GitHub/vino/vino_iPhone/Sources/Auth/KeychainStore.swift /Users/cengcheng/Documents/GitHub/vino/vino_iPhone/Sources/Auth/AuthSessionStore.swift /Users/cengcheng/Documents/GitHub/vino/vino_iPhone/Sources/Auth/AuthService.swift /Users/cengcheng/Documents/GitHub/vino/vino_iPhone/Sources/Models/CloudModelCatalog.swift /Users/cengcheng/Documents/GitHub/vino/vino_iPhone/Sources/Models/ModelLicenseVerifier.swift /Users/cengcheng/Documents/GitHub/vino/vino_iPhone/Sources/Networking/AssetUploadService.swift /Users/cengcheng/Documents/GitHub/vino/vino_iPhone/Sources/Networking/CloudControlCoordinator.swift /Users/cengcheng/Documents/GitHub/vino/docs/1.0.0/qa/evidence/derived-data-unthinned/Build/Intermediates.noindex/vino_iPhone.build/Debug-iphonesimulator/vino_iPhone.build/DerivedSources/GeneratedAssetSymbols.swift -supplementary-output-file-map /Users/cengcheng/Documents/GitHub/vino/docs/1.0.0/qa/evidence/derived-data-unthinned/Build/Intermediates.noindex/vino_iPhone.build/Debug-iphonesimulator/vino_iPhone.build/Objects-normal/arm64/supplementaryOutputs-4 -emit-localized-strings -emit-localized-strings-path /Users/cengcheng/Documents/GitHub/vino/docs/1.0.0/qa/evidence/derived-data-unthinned/Build/Intermediates.noindex/vino_iPhone.build/Debug-iphonesimulator/vino_iPhone.build/Objects-normal/arm64 -target arm64-apple-ios17.6-simulator -Xllvm -aarch64-use-tbi -enable-objc-interop -sdk /Applications/Xcode.app/Contents/Developer/Platforms/iPhoneSimulator.platform/Developer/SDKs/iPhoneSimulator18.2.sdk -I /Users/cengcheng/Documents/GitHub/vino/docs/1.0.0/qa/evidence/derived-data-unthinned/Build/Products/Debug-iphonesimulator -F /Users/cengcheng/Documents/GitHub/vino/docs/1.0.0/qa/evidence/derived-data-unthinned/Build/Products/Debug-iphonesimulator -no-color-diagnostics -enable-testing -g -debug-info-format\=dwarf -dwarf-version\=4 -module-cache-path /Users/cengcheng/Documents/GitHub/vino/docs/1.0.0/qa/evidence/derived-data-unthinned/ModuleCache.noindex -swift-version 5 -enforce-exclusivity\=checked -Onone -D DEBUG -serialize-debugging-options -const-gather-protocols-file /Users/cengcheng/Documents/GitHub/vino/docs/1.0.0/qa/evidence/derived-data-unthinned/Build/Intermediates.noindex/vino_iPhone.build/Debug-iphonesimulator/vino_iPhone.build/Objects-normal/arm64/vino_iPhone_const_extract_protocols.json -enable-experimental-feature DebugDescriptionMacro -enable-experimental-feature OpaqueTypeErasure -enable-bare-slash-regex -empty-abi-descriptor -validate-clang-modules-once -clang-build-session-file /Users/cengcheng/Documents/GitHub/vino/docs/1.0.0/qa/evidence/derived-data-unthinned/ModuleCache.noindex/Session.modulevalidation -Xcc -working-directory -Xcc /Users/cengcheng/Documents/GitHub/vino/vino_iPhone -resource-dir /Applications/Xcode.app/Contents/Developer/Toolchains/XcodeDefault.xctoolchain/usr/lib/swift -enable-anonymous-context-mangled-names -file-compilation-dir /Users/cengcheng/Documents/GitHub/vino/vino_iPhone -Xcc -D_LIBCPP_HARDENING_MODE\=_LIBCPP_HARDENING_MODE_DEBUG -Xcc -ivfsstatcache -Xcc /Users/cengcheng/Documents/GitHub/vino/docs/1.0.0/qa/evidence/derived-data-unthinned/SDKStatCaches.noindex/iphonesimulator18.2-22C146-07b28473f605e47e75261259d3ef3b5a.sdkstatcache -Xcc -I/Users/cengcheng/Documents/GitHub/vino/docs/1.0.0/qa/evidence/derived-data-unthinned/Build/Intermediates.noindex/vino_iPhone.build/Debug-iphonesimulator/vino_iPhone.build/swift-overrides.hmap -Xcc -iquote -Xcc /Users/cengcheng/Documents/GitHub/vino/docs/1.0.0/qa/evidence/derived-data-unthinned/Build/Intermediates.noindex/vino_iPhone.build/Debug-iphonesimulator/vino_iPhone.build/灵眼GX-generated-files.hmap -Xcc -I/Users/cengcheng/Documents/GitHub/vino/docs/1.0.0/qa/evidence/derived-data-unthinned/Build/Intermediates.noindex/vino_iPhone.build/Debug-iphonesimulator/vino_iPhone.build/灵眼GX-own-target-headers.hmap -Xcc -I/Users/cengcheng/Documents/GitHub/vino/docs/1.0.0/qa/evidence/derived-data-unthinned/Build/Intermediates.noindex/vino_iPhone.build/Debug-iphonesimulator/vino_iPhone.build/灵眼GX-all-target-headers.hmap -Xcc -iquote -Xcc /Users/cengcheng/Documents/GitHub/vino/docs/1.0.0/qa/evidence/derived-data-unthinned/Build/Intermediates.noindex/vino_iPhone.build/Debug-iphonesimulator/vino_iPhone.build/灵眼GX-project-headers.hmap -Xcc -I/Users/cengcheng/Documents/GitHub/vino/docs/1.0.0/qa/evidence/derived-data-unthinned/Build/Products/Debug-iphonesimulator/include -Xcc -I/Users/cengcheng/Documents/GitHub/vino/docs/1.0.0/qa/evidence/derived-data-unthinned/Build/Intermediates.noindex/vino_iPhone.build/Debug-iphonesimulator/vino_iPhone.build/DerivedSources-normal/arm64 -Xcc -I/Users/cengcheng/Documents/GitHub/vino/docs/1.0.0/qa/evidence/derived-data-unthinned/Build/Intermediates.noindex/vino_iPhone.build/Debug-iphonesimulator/vino_iPhone.build/DerivedSources/arm64 -Xcc -I/Users/cengcheng/Documents/GitHub/vino/docs/1.0.0/qa/evidence/derived-data-unthinned/Build/Intermediates.noindex/vino_iPhone.build/Debug-iphonesimulator/vino_iPhone.build/DerivedSources -Xcc -DDEBUG\=1 -module-name vino_iPhone -frontend-parseable-output -disable-clang-spi -target-sdk-version 18.2 -target-sdk-name iphonesimulator18.2 -external-plugin-path /Applications/Xcode.app/Contents/Developer/Platforms/iPhoneOS.platform/Developer/usr/lib/swift/host/plugins\#/Applications/Xcode.app/Contents/Developer/Platforms/iPhoneOS.platform/Developer/usr/bin/swift-plugin-server -external-plugin-path /Applications/Xcode.app/Contents/Developer/Platforms/iPhoneOS.platform/Developer/usr/local/lib/swift/host/plugins\#/Applications/Xcode.app/Contents/Developer/Platforms/iPhoneOS.platform/Developer/usr/bin/swift-plugin-server -plugin-path /Applications/Xcode.app/Contents/Developer/Toolchains/XcodeDefault.xctoolchain/usr/lib/swift/host/plugins -plugin-path /Applications/Xcode.app/Contents/Developer/Toolchains/XcodeDefault.xctoolchain/usr/local/lib/swift/host/plugins -o /Users/cengcheng/Documents/GitHub/vino/docs/1.0.0/qa/evidence/derived-data-unthinned/Build/Intermediates.noindex/vino_iPhone.build/Debug-iphonesimulator/vino_iPhone.build/Objects-normal/arm64/CameraSessionController.o -o /Users/cengcheng/Documents/GitHub/vino/docs/1.0.0/qa/evidence/derived-data-unthinned/Build/Intermediates.noindex/vino_iPhone.build/Debug-iphonesimulator/vino_iPhone.build/Objects-normal/arm64/InferenceRuntime.o -o /Users/cengcheng/Documents/GitHub/vino/docs/1.0.0/qa/evidence/derived-data-unthinned/Build/Intermediates.noindex/vino_iPhone.build/Debug-iphonesimulator/vino_iPhone.build/Objects-normal/arm64/CoreMLCatalog.o -index-unit-output-path /vino_iPhone.build/Debug-iphonesimulator/vino_iPhone.build/Objects-normal/arm64/CameraSessionController.o -index-unit-output-path /vino_iPhone.build/Debug-iphonesimulator/vino_iPhone.build/Objects-normal/arm64/InferenceRuntime.o -index-unit-output-path /vino_iPhone.build/Debug-iphonesimulator/vino_iPhone.build/Objects-normal/arm64/CoreMLCatalog.o -index-store-path /Users/cengcheng/Documents/GitHub/vino/docs/1.0.0/qa/evidence/derived-data-unthinned/Index.noindex/DataStore -index-system-modules

SwiftCompile normal arm64 /Users/cengcheng/Documents/GitHub/vino/vino_iPhone/Sources/Camera/CameraSessionController.swift (in target 'vino_iPhone' from project 'vino_iPhone')
    cd /Users/cengcheng/Documents/GitHub/vino/vino_iPhone
    /Applications/Xcode.app/Contents/Developer/Toolchains/XcodeDefault.xctoolchain/usr/bin/swift-frontend -c /Users/cengcheng/Documents/GitHub/vino/vino_iPhone/AppHost/VinoPhoneApp.swift /Users/cengcheng/Documents/GitHub/vino/vino_iPhone/Sources/App/VinoPhoneShellView.swift /Users/cengcheng/Documents/GitHub/vino/vino_iPhone/Sources/Camera/CameraPreviewView.swift -primary-file /Users/cengcheng/Documents/GitHub/vino/vino_iPhone/Sources/Camera/CameraSessionController.swift -primary-file /Users/cengcheng/Documents/GitHub/vino/vino_iPhone/Sources/Inference/InferenceRuntime.swift -primary-file /Users/cengcheng/Documents/GitHub/vino/vino_iPhone/Sources/Models/CoreMLCatalog.swift /Users/cengcheng/Documents/GitHub/vino/vino_iPhone/Sources/Models/InferenceModels.swift /Users/cengcheng/Documents/GitHub/vino/vino_iPhone/Sources/Models/ModelFileStore.swift /Users/cengcheng/Documents/GitHub/vino/vino_iPhone/Sources/Models/VinoAppState.swift /Users/cengcheng/Documents/GitHub/vino/vino_iPhone/Sources/Models/VinoTheme.swift /Users/cengcheng/Documents/GitHub/vino/vino_iPhone/Sources/Networking/ControlPlaneCoordinator.swift /Users/cengcheng/Documents/GitHub/vino/vino_iPhone/Sources/Networking/IPAddressMonitor.swift /Users/cengcheng/Documents/GitHub/vino/vino_iPhone/Sources/Networking/VinoProtocol.swift /Users/cengcheng/Documents/GitHub/vino/vino_iPhone/Sources/Overlay/CameraOverlayView.swift /Users/cengcheng/Documents/GitHub/vino/vino_iPhone/Sources/Overlay/InferenceResultsOverlayView.swift /Users/cengcheng/Documents/GitHub/vino/vino_iPhone/Sources/Auth/AuthModels.swift /Users/cengcheng/Documents/GitHub/vino/vino_iPhone/Sources/Auth/KeychainStore.swift /Users/cengcheng/Documents/GitHub/vino/vino_iPhone/Sources/Auth/AuthSessionStore.swift /Users/cengcheng/Documents/GitHub/vino/vino_iPhone/Sources/Auth/AuthService.swift /Users/cengcheng/Documents/GitHub/vino/vino_iPhone/Sources/Models/CloudModelCatalog.swift /Users/cengcheng/Documents/GitHub/vino/vino_iPhone/Sources/Models/ModelLicenseVerifier.swift /Users/cengcheng/Documents/GitHub/vino/vino_iPhone/Sources/Networking/AssetUploadService.swift /Users/cengcheng/Documents/GitHub/vino/vino_iPhone/Sources/Networking/CloudControlCoordinator.swift /Users/cengcheng/Documents/GitHub/vino/docs/1.0.0/qa/evidence/derived-data-unthinned/Build/Intermediates.noindex/vino_iPhone.build/Debug-iphonesimulator/vino_iPhone.build/DerivedSources/GeneratedAssetSymbols.swift -supplementary-output-file-map /Users/cengcheng/Documents/GitHub/vino/docs/1.0.0/qa/evidence/derived-data-unthinned/Build/Intermediates.noindex/vino_iPhone.build/Debug-iphonesimulator/vino_iPhone.build/Objects-normal/arm64/supplementaryOutputs-4 -emit-localized-strings -emit-localized-strings-path /Users/cengcheng/Documents/GitHub/vino/docs/1.0.0/qa/evidence/derived-data-unthinned/Build/Intermediates.noindex/vino_iPhone.build/Debug-iphonesimulator/vino_iPhone.build/Objects-normal/arm64 -target arm64-apple-ios17.6-simulator -Xllvm -aarch64-use-tbi -enable-objc-interop -sdk /Applications/Xcode.app/Contents/Developer/Platforms/iPhoneSimulator.platform/Developer/SDKs/iPhoneSimulator18.2.sdk -I /Users/cengcheng/Documents/GitHub/vino/docs/1.0.0/qa/evidence/derived-data-unthinned/Build/Products/Debug-iphonesimulator -F /Users/cengcheng/Documents/GitHub/vino/docs/1.0.0/qa/evidence/derived-data-unthinned/Build/Products/Debug-iphonesimulator -no-color-diagnostics -enable-testing -g -debug-info-format\=dwarf -dwarf-version\=4 -module-cache-path /Users/cengcheng/Documents/GitHub/vino/docs/1.0.0/qa/evidence/derived-data-unthinned/ModuleCache.noindex -swift-version 5 -enforce-exclusivity\=checked -Onone -D DEBUG -serialize-debugging-options -const-gather-protocols-file /Users/cengcheng/Documents/GitHub/vino/docs/1.0.0/qa/evidence/derived-data-unthinned/Build/Intermediates.noindex/vino_iPhone.build/Debug-iphonesimulator/vino_iPhone.build/Objects-normal/arm64/vino_iPhone_const_extract_protocols.json -enable-experimental-feature DebugDescriptionMacro -enable-experimental-feature OpaqueTypeErasure -enable-bare-slash-regex -empty-abi-descriptor -validate-clang-modules-once -clang-build-session-file /Users/cengcheng/Documents/GitHub/vino/docs/1.0.0/qa/evidence/derived-data-unthinned/ModuleCache.noindex/Session.modulevalidation -Xcc -working-directory -Xcc /Users/cengcheng/Documents/GitHub/vino/vino_iPhone -resource-dir /Applications/Xcode.app/Contents/Developer/Toolchains/XcodeDefault.xctoolchain/usr/lib/swift -enable-anonymous-context-mangled-names -file-compilation-dir /Users/cengcheng/Documents/GitHub/vino/vino_iPhone -Xcc -D_LIBCPP_HARDENING_MODE\=_LIBCPP_HARDENING_MODE_DEBUG -Xcc -ivfsstatcache -Xcc /Users/cengcheng/Documents/GitHub/vino/docs/1.0.0/qa/evidence/derived-data-unthinned/SDKStatCaches.noindex/iphonesimulator18.2-22C146-07b28473f605e47e75261259d3ef3b5a.sdkstatcache -Xcc -I/Users/cengcheng/Documents/GitHub/vino/docs/1.0.0/qa/evidence/derived-data-unthinned/Build/Intermediates.noindex/vino_iPhone.build/Debug-iphonesimulator/vino_iPhone.build/swift-overrides.hmap -Xcc -iquote -Xcc /Users/cengcheng/Documents/GitHub/vino/docs/1.0.0/qa/evidence/derived-data-unthinned/Build/Intermediates.noindex/vino_iPhone.build/Debug-iphonesimulator/vino_iPhone.build/灵眼GX-generated-files.hmap -Xcc -I/Users/cengcheng/Documents/GitHub/vino/docs/1.0.0/qa/evidence/derived-data-unthinned/Build/Intermediates.noindex/vino_iPhone.build/Debug-iphonesimulator/vino_iPhone.build/灵眼GX-own-target-headers.hmap -Xcc -I/Users/cengcheng/Documents/GitHub/vino/docs/1.0.0/qa/evidence/derived-data-unthinned/Build/Intermediates.noindex/vino_iPhone.build/Debug-iphonesimulator/vino_iPhone.build/灵眼GX-all-target-headers.hmap -Xcc -iquote -Xcc /Users/cengcheng/Documents/GitHub/vino/docs/1.0.0/qa/evidence/derived-data-unthinned/Build/Intermediates.noindex/vino_iPhone.build/Debug-iphonesimulator/vino_iPhone.build/灵眼GX-project-headers.hmap -Xcc -I/Users/cengcheng/Documents/GitHub/vino/docs/1.0.0/qa/evidence/derived-data-unthinned/Build/Products/Debug-iphonesimulator/include -Xcc -I/Users/cengcheng/Documents/GitHub/vino/docs/1.0.0/qa/evidence/derived-data-unthinned/Build/Intermediates.noindex/vino_iPhone.build/Debug-iphonesimulator/vino_iPhone.build/DerivedSources-normal/arm64 -Xcc -I/Users/cengcheng/Documents/GitHub/vino/docs/1.0.0/qa/evidence/derived-data-unthinned/Build/Intermediates.noindex/vino_iPhone.build/Debug-iphonesimulator/vino_iPhone.build/DerivedSources/arm64 -Xcc -I/Users/cengcheng/Documents/GitHub/vino/docs/1.0.0/qa/evidence/derived-data-unthinned/Build/Intermediates.noindex/vino_iPhone.build/Debug-iphonesimulator/vino_iPhone.build/DerivedSources -Xcc -DDEBUG\=1 -module-name vino_iPhone -frontend-parseable-output -disable-clang-spi -target-sdk-version 18.2 -target-sdk-name iphonesimulator18.2 -external-plugin-path /Applications/Xcode.app/Contents/Developer/Platforms/iPhoneOS.platform/Developer/usr/lib/swift/host/plugins\#/Applications/Xcode.app/Contents/Developer/Platforms/iPhoneOS.platform/Developer/usr/bin/swift-plugin-server -external-plugin-path /Applications/Xcode.app/Contents/Developer/Platforms/iPhoneOS.platform/Developer/usr/local/lib/swift/host/plugins\#/Applications/Xcode.app/Contents/Developer/Platforms/iPhoneOS.platform/Developer/usr/bin/swift-plugin-server -plugin-path /Applications/Xcode.app/Contents/Developer/Toolchains/XcodeDefault.xctoolchain/usr/lib/swift/host/plugins -plugin-path /Applications/Xcode.app/Contents/Developer/Toolchains/XcodeDefault.xctoolchain/usr/local/lib/swift/host/plugins -o /Users/cengcheng/Documents/GitHub/vino/docs/1.0.0/qa/evidence/derived-data-unthinned/Build/Intermediates.noindex/vino_iPhone.build/Debug-iphonesimulator/vino_iPhone.build/Objects-normal/arm64/CameraSessionController.o -o /Users/cengcheng/Documents/GitHub/vino/docs/1.0.0/qa/evidence/derived-data-unthinned/Build/Intermediates.noindex/vino_iPhone.build/Debug-iphonesimulator/vino_iPhone.build/Objects-normal/arm64/InferenceRuntime.o -o /Users/cengcheng/Documents/GitHub/vino/docs/1.0.0/qa/evidence/derived-data-unthinned/Build/Intermediates.noindex/vino_iPhone.build/Debug-iphonesimulator/vino_iPhone.build/Objects-normal/arm64/CoreMLCatalog.o -index-unit-output-path /vino_iPhone.build/Debug-iphonesimulator/vino_iPhone.build/Objects-normal/arm64/CameraSessionController.o -index-unit-output-path /vino_iPhone.build/Debug-iphonesimulator/vino_iPhone.build/Objects-normal/arm64/InferenceRuntime.o -index-unit-output-path /vino_iPhone.build/Debug-iphonesimulator/vino_iPhone.build/Objects-normal/arm64/CoreMLCatalog.o -index-store-path /Users/cengcheng/Documents/GitHub/vino/docs/1.0.0/qa/evidence/derived-data-unthinned/Index.noindex/DataStore -index-system-modules

SwiftCompile normal arm64 /Users/cengcheng/Documents/GitHub/vino/vino_iPhone/Sources/Inference/InferenceRuntime.swift (in target 'vino_iPhone' from project 'vino_iPhone')
    cd /Users/cengcheng/Documents/GitHub/vino/vino_iPhone
    /Applications/Xcode.app/Contents/Developer/Toolchains/XcodeDefault.xctoolchain/usr/bin/swift-frontend -c /Users/cengcheng/Documents/GitHub/vino/vino_iPhone/AppHost/VinoPhoneApp.swift /Users/cengcheng/Documents/GitHub/vino/vino_iPhone/Sources/App/VinoPhoneShellView.swift /Users/cengcheng/Documents/GitHub/vino/vino_iPhone/Sources/Camera/CameraPreviewView.swift -primary-file /Users/cengcheng/Documents/GitHub/vino/vino_iPhone/Sources/Camera/CameraSessionController.swift -primary-file /Users/cengcheng/Documents/GitHub/vino/vino_iPhone/Sources/Inference/InferenceRuntime.swift -primary-file /Users/cengcheng/Documents/GitHub/vino/vino_iPhone/Sources/Models/CoreMLCatalog.swift /Users/cengcheng/Documents/GitHub/vino/vino_iPhone/Sources/Models/InferenceModels.swift /Users/cengcheng/Documents/GitHub/vino/vino_iPhone/Sources/Models/ModelFileStore.swift /Users/cengcheng/Documents/GitHub/vino/vino_iPhone/Sources/Models/VinoAppState.swift /Users/cengcheng/Documents/GitHub/vino/vino_iPhone/Sources/Models/VinoTheme.swift /Users/cengcheng/Documents/GitHub/vino/vino_iPhone/Sources/Networking/ControlPlaneCoordinator.swift /Users/cengcheng/Documents/GitHub/vino/vino_iPhone/Sources/Networking/IPAddressMonitor.swift /Users/cengcheng/Documents/GitHub/vino/vino_iPhone/Sources/Networking/VinoProtocol.swift /Users/cengcheng/Documents/GitHub/vino/vino_iPhone/Sources/Overlay/CameraOverlayView.swift /Users/cengcheng/Documents/GitHub/vino/vino_iPhone/Sources/Overlay/InferenceResultsOverlayView.swift /Users/cengcheng/Documents/GitHub/vino/vino_iPhone/Sources/Auth/AuthModels.swift /Users/cengcheng/Documents/GitHub/vino/vino_iPhone/Sources/Auth/KeychainStore.swift /Users/cengcheng/Documents/GitHub/vino/vino_iPhone/Sources/Auth/AuthSessionStore.swift /Users/cengcheng/Documents/GitHub/vino/vino_iPhone/Sources/Auth/AuthService.swift /Users/cengcheng/Documents/GitHub/vino/vino_iPhone/Sources/Models/CloudModelCatalog.swift /Users/cengcheng/Documents/GitHub/vino/vino_iPhone/Sources/Models/ModelLicenseVerifier.swift /Users/cengcheng/Documents/GitHub/vino/vino_iPhone/Sources/Networking/AssetUploadService.swift /Users/cengcheng/Documents/GitHub/vino/vino_iPhone/Sources/Networking/CloudControlCoordinator.swift /Users/cengcheng/Documents/GitHub/vino/docs/1.0.0/qa/evidence/derived-data-unthinned/Build/Intermediates.noindex/vino_iPhone.build/Debug-iphonesimulator/vino_iPhone.build/DerivedSources/GeneratedAssetSymbols.swift -supplementary-output-file-map /Users/cengcheng/Documents/GitHub/vino/docs/1.0.0/qa/evidence/derived-data-unthinned/Build/Intermediates.noindex/vino_iPhone.build/Debug-iphonesimulator/vino_iPhone.build/Objects-normal/arm64/supplementaryOutputs-4 -emit-localized-strings -emit-localized-strings-path /Users/cengcheng/Documents/GitHub/vino/docs/1.0.0/qa/evidence/derived-data-unthinned/Build/Intermediates.noindex/vino_iPhone.build/Debug-iphonesimulator/vino_iPhone.build/Objects-normal/arm64 -target arm64-apple-ios17.6-simulator -Xllvm -aarch64-use-tbi -enable-objc-interop -sdk /Applications/Xcode.app/Contents/Developer/Platforms/iPhoneSimulator.platform/Developer/SDKs/iPhoneSimulator18.2.sdk -I /Users/cengcheng/Documents/GitHub/vino/docs/1.0.0/qa/evidence/derived-data-unthinned/Build/Products/Debug-iphonesimulator -F /Users/cengcheng/Documents/GitHub/vino/docs/1.0.0/qa/evidence/derived-data-unthinned/Build/Products/Debug-iphonesimulator -no-color-diagnostics -enable-testing -g -debug-info-format\=dwarf -dwarf-version\=4 -module-cache-path /Users/cengcheng/Documents/GitHub/vino/docs/1.0.0/qa/evidence/derived-data-unthinned/ModuleCache.noindex -swift-version 5 -enforce-exclusivity\=checked -Onone -D DEBUG -serialize-debugging-options -const-gather-protocols-file /Users/cengcheng/Documents/GitHub/vino/docs/1.0.0/qa/evidence/derived-data-unthinned/Build/Intermediates.noindex/vino_iPhone.build/Debug-iphonesimulator/vino_iPhone.build/Objects-normal/arm64/vino_iPhone_const_extract_protocols.json -enable-experimental-feature DebugDescriptionMacro -enable-experimental-feature OpaqueTypeErasure -enable-bare-slash-regex -empty-abi-descriptor -validate-clang-modules-once -clang-build-session-file /Users/cengcheng/Documents/GitHub/vino/docs/1.0.0/qa/evidence/derived-data-unthinned/ModuleCache.noindex/Session.modulevalidation -Xcc -working-directory -Xcc /Users/cengcheng/Documents/GitHub/vino/vino_iPhone -resource-dir /Applications/Xcode.app/Contents/Developer/Toolchains/XcodeDefault.xctoolchain/usr/lib/swift -enable-anonymous-context-mangled-names -file-compilation-dir /Users/cengcheng/Documents/GitHub/vino/vino_iPhone -Xcc -D_LIBCPP_HARDENING_MODE\=_LIBCPP_HARDENING_MODE_DEBUG -Xcc -ivfsstatcache -Xcc /Users/cengcheng/Documents/GitHub/vino/docs/1.0.0/qa/evidence/derived-data-unthinned/SDKStatCaches.noindex/iphonesimulator18.2-22C146-07b28473f605e47e75261259d3ef3b5a.sdkstatcache -Xcc -I/Users/cengcheng/Documents/GitHub/vino/docs/1.0.0/qa/evidence/derived-data-unthinned/Build/Intermediates.noindex/vino_iPhone.build/Debug-iphonesimulator/vino_iPhone.build/swift-overrides.hmap -Xcc -iquote -Xcc /Users/cengcheng/Documents/GitHub/vino/docs/1.0.0/qa/evidence/derived-data-unthinned/Build/Intermediates.noindex/vino_iPhone.build/Debug-iphonesimulator/vino_iPhone.build/灵眼GX-generated-files.hmap -Xcc -I/Users/cengcheng/Documents/GitHub/vino/docs/1.0.0/qa/evidence/derived-data-unthinned/Build/Intermediates.noindex/vino_iPhone.build/Debug-iphonesimulator/vino_iPhone.build/灵眼GX-own-target-headers.hmap -Xcc -I/Users/cengcheng/Documents/GitHub/vino/docs/1.0.0/qa/evidence/derived-data-unthinned/Build/Intermediates.noindex/vino_iPhone.build/Debug-iphonesimulator/vino_iPhone.build/灵眼GX-all-target-headers.hmap -Xcc -iquote -Xcc /Users/cengcheng/Documents/GitHub/vino/docs/1.0.0/qa/evidence/derived-data-unthinned/Build/Intermediates.noindex/vino_iPhone.build/Debug-iphonesimulator/vino_iPhone.build/灵眼GX-project-headers.hmap -Xcc -I/Users/cengcheng/Documents/GitHub/vino/docs/1.0.0/qa/evidence/derived-data-unthinned/Build/Products/Debug-iphonesimulator/include -Xcc -I/Users/cengcheng/Documents/GitHub/vino/docs/1.0.0/qa/evidence/derived-data-unthinned/Build/Intermediates.noindex/vino_iPhone.build/Debug-iphonesimulator/vino_iPhone.build/DerivedSources-normal/arm64 -Xcc -I/Users/cengcheng/Documents/GitHub/vino/docs/1.0.0/qa/evidence/derived-data-unthinned/Build/Intermediates.noindex/vino_iPhone.build/Debug-iphonesimulator/vino_iPhone.build/DerivedSources/arm64 -Xcc -I/Users/cengcheng/Documents/GitHub/vino/docs/1.0.0/qa/evidence/derived-data-unthinned/Build/Intermediates.noindex/vino_iPhone.build/Debug-iphonesimulator/vino_iPhone.build/DerivedSources -Xcc -DDEBUG\=1 -module-name vino_iPhone -frontend-parseable-output -disable-clang-spi -target-sdk-version 18.2 -target-sdk-name iphonesimulator18.2 -external-plugin-path /Applications/Xcode.app/Contents/Developer/Platforms/iPhoneOS.platform/Developer/usr/lib/swift/host/plugins\#/Applications/Xcode.app/Contents/Developer/Platforms/iPhoneOS.platform/Developer/usr/bin/swift-plugin-server -external-plugin-path /Applications/Xcode.app/Contents/Developer/Platforms/iPhoneOS.platform/Developer/usr/local/lib/swift/host/plugins\#/Applications/Xcode.app/Contents/Developer/Platforms/iPhoneOS.platform/Developer/usr/bin/swift-plugin-server -plugin-path /Applications/Xcode.app/Contents/Developer/Toolchains/XcodeDefault.xctoolchain/usr/lib/swift/host/plugins -plugin-path /Applications/Xcode.app/Contents/Developer/Toolchains/XcodeDefault.xctoolchain/usr/local/lib/swift/host/plugins -o /Users/cengcheng/Documents/GitHub/vino/docs/1.0.0/qa/evidence/derived-data-unthinned/Build/Intermediates.noindex/vino_iPhone.build/Debug-iphonesimulator/vino_iPhone.build/Objects-normal/arm64/CameraSessionController.o -o /Users/cengcheng/Documents/GitHub/vino/docs/1.0.0/qa/evidence/derived-data-unthinned/Build/Intermediates.noindex/vino_iPhone.build/Debug-iphonesimulator/vino_iPhone.build/Objects-normal/arm64/InferenceRuntime.o -o /Users/cengcheng/Documents/GitHub/vino/docs/1.0.0/qa/evidence/derived-data-unthinned/Build/Intermediates.noindex/vino_iPhone.build/Debug-iphonesimulator/vino_iPhone.build/Objects-normal/arm64/CoreMLCatalog.o -index-unit-output-path /vino_iPhone.build/Debug-iphonesimulator/vino_iPhone.build/Objects-normal/arm64/CameraSessionController.o -index-unit-output-path /vino_iPhone.build/Debug-iphonesimulator/vino_iPhone.build/Objects-normal/arm64/InferenceRuntime.o -index-unit-output-path /vino_iPhone.build/Debug-iphonesimulator/vino_iPhone.build/Objects-normal/arm64/CoreMLCatalog.o -index-store-path /Users/cengcheng/Documents/GitHub/vino/docs/1.0.0/qa/evidence/derived-data-unthinned/Index.noindex/DataStore -index-system-modules

SwiftCompile normal arm64 /Users/cengcheng/Documents/GitHub/vino/vino_iPhone/Sources/Models/CoreMLCatalog.swift (in target 'vino_iPhone' from project 'vino_iPhone')
    cd /Users/cengcheng/Documents/GitHub/vino/vino_iPhone
    /Applications/Xcode.app/Contents/Developer/Toolchains/XcodeDefault.xctoolchain/usr/bin/swift-frontend -c /Users/cengcheng/Documents/GitHub/vino/vino_iPhone/AppHost/VinoPhoneApp.swift /Users/cengcheng/Documents/GitHub/vino/vino_iPhone/Sources/App/VinoPhoneShellView.swift /Users/cengcheng/Documents/GitHub/vino/vino_iPhone/Sources/Camera/CameraPreviewView.swift -primary-file /Users/cengcheng/Documents/GitHub/vino/vino_iPhone/Sources/Camera/CameraSessionController.swift -primary-file /Users/cengcheng/Documents/GitHub/vino/vino_iPhone/Sources/Inference/InferenceRuntime.swift -primary-file /Users/cengcheng/Documents/GitHub/vino/vino_iPhone/Sources/Models/CoreMLCatalog.swift /Users/cengcheng/Documents/GitHub/vino/vino_iPhone/Sources/Models/InferenceModels.swift /Users/cengcheng/Documents/GitHub/vino/vino_iPhone/Sources/Models/ModelFileStore.swift /Users/cengcheng/Documents/GitHub/vino/vino_iPhone/Sources/Models/VinoAppState.swift /Users/cengcheng/Documents/GitHub/vino/vino_iPhone/Sources/Models/VinoTheme.swift /Users/cengcheng/Documents/GitHub/vino/vino_iPhone/Sources/Networking/ControlPlaneCoordinator.swift /Users/cengcheng/Documents/GitHub/vino/vino_iPhone/Sources/Networking/IPAddressMonitor.swift /Users/cengcheng/Documents/GitHub/vino/vino_iPhone/Sources/Networking/VinoProtocol.swift /Users/cengcheng/Documents/GitHub/vino/vino_iPhone/Sources/Overlay/CameraOverlayView.swift /Users/cengcheng/Documents/GitHub/vino/vino_iPhone/Sources/Overlay/InferenceResultsOverlayView.swift /Users/cengcheng/Documents/GitHub/vino/vino_iPhone/Sources/Auth/AuthModels.swift /Users/cengcheng/Documents/GitHub/vino/vino_iPhone/Sources/Auth/KeychainStore.swift /Users/cengcheng/Documents/GitHub/vino/vino_iPhone/Sources/Auth/AuthSessionStore.swift /Users/cengcheng/Documents/GitHub/vino/vino_iPhone/Sources/Auth/AuthService.swift /Users/cengcheng/Documents/GitHub/vino/vino_iPhone/Sources/Models/CloudModelCatalog.swift /Users/cengcheng/Documents/GitHub/vino/vino_iPhone/Sources/Models/ModelLicenseVerifier.swift /Users/cengcheng/Documents/GitHub/vino/vino_iPhone/Sources/Networking/AssetUploadService.swift /Users/cengcheng/Documents/GitHub/vino/vino_iPhone/Sources/Networking/CloudControlCoordinator.swift /Users/cengcheng/Documents/GitHub/vino/docs/1.0.0/qa/evidence/derived-data-unthinned/Build/Intermediates.noindex/vino_iPhone.build/Debug-iphonesimulator/vino_iPhone.build/DerivedSources/GeneratedAssetSymbols.swift -supplementary-output-file-map /Users/cengcheng/Documents/GitHub/vino/docs/1.0.0/qa/evidence/derived-data-unthinned/Build/Intermediates.noindex/vino_iPhone.build/Debug-iphonesimulator/vino_iPhone.build/Objects-normal/arm64/supplementaryOutputs-4 -emit-localized-strings -emit-localized-strings-path /Users/cengcheng/Documents/GitHub/vino/docs/1.0.0/qa/evidence/derived-data-unthinned/Build/Intermediates.noindex/vino_iPhone.build/Debug-iphonesimulator/vino_iPhone.build/Objects-normal/arm64 -target arm64-apple-ios17.6-simulator -Xllvm -aarch64-use-tbi -enable-objc-interop -sdk /Applications/Xcode.app/Contents/Developer/Platforms/iPhoneSimulator.platform/Developer/SDKs/iPhoneSimulator18.2.sdk -I /Users/cengcheng/Documents/GitHub/vino/docs/1.0.0/qa/evidence/derived-data-unthinned/Build/Products/Debug-iphonesimulator -F /Users/cengcheng/Documents/GitHub/vino/docs/1.0.0/qa/evidence/derived-data-unthinned/Build/Products/Debug-iphonesimulator -no-color-diagnostics -enable-testing -g -debug-info-format\=dwarf -dwarf-version\=4 -module-cache-path /Users/cengcheng/Documents/GitHub/vino/docs/1.0.0/qa/evidence/derived-data-unthinned/ModuleCache.noindex -swift-version 5 -enforce-exclusivity\=checked -Onone -D DEBUG -serialize-debugging-options -const-gather-protocols-file /Users/cengcheng/Documents/GitHub/vino/docs/1.0.0/qa/evidence/derived-data-unthinned/Build/Intermediates.noindex/vino_iPhone.build/Debug-iphonesimulator/vino_iPhone.build/Objects-normal/arm64/vino_iPhone_const_extract_protocols.json -enable-experimental-feature DebugDescriptionMacro -enable-experimental-feature OpaqueTypeErasure -enable-bare-slash-regex -empty-abi-descriptor -validate-clang-modules-once -clang-build-session-file /Users/cengcheng/Documents/GitHub/vino/docs/1.0.0/qa/evidence/derived-data-unthinned/ModuleCache.noindex/Session.modulevalidation -Xcc -working-directory -Xcc /Users/cengcheng/Documents/GitHub/vino/vino_iPhone -resource-dir /Applications/Xcode.app/Contents/Developer/Toolchains/XcodeDefault.xctoolchain/usr/lib/swift -enable-anonymous-context-mangled-names -file-compilation-dir /Users/cengcheng/Documents/GitHub/vino/vino_iPhone -Xcc -D_LIBCPP_HARDENING_MODE\=_LIBCPP_HARDENING_MODE_DEBUG -Xcc -ivfsstatcache -Xcc /Users/cengcheng/Documents/GitHub/vino/docs/1.0.0/qa/evidence/derived-data-unthinned/SDKStatCaches.noindex/iphonesimulator18.2-22C146-07b28473f605e47e75261259d3ef3b5a.sdkstatcache -Xcc -I/Users/cengcheng/Documents/GitHub/vino/docs/1.0.0/qa/evidence/derived-data-unthinned/Build/Intermediates.noindex/vino_iPhone.build/Debug-iphonesimulator/vino_iPhone.build/swift-overrides.hmap -Xcc -iquote -Xcc /Users/cengcheng/Documents/GitHub/vino/docs/1.0.0/qa/evidence/derived-data-unthinned/Build/Intermediates.noindex/vino_iPhone.build/Debug-iphonesimulator/vino_iPhone.build/灵眼GX-generated-files.hmap -Xcc -I/Users/cengcheng/Documents/GitHub/vino/docs/1.0.0/qa/evidence/derived-data-unthinned/Build/Intermediates.noindex/vino_iPhone.build/Debug-iphonesimulator/vino_iPhone.build/灵眼GX-own-target-headers.hmap -Xcc -I/Users/cengcheng/Documents/GitHub/vino/docs/1.0.0/qa/evidence/derived-data-unthinned/Build/Intermediates.noindex/vino_iPhone.build/Debug-iphonesimulator/vino_iPhone.build/灵眼GX-all-target-headers.hmap -Xcc -iquote -Xcc /Users/cengcheng/Documents/GitHub/vino/docs/1.0.0/qa/evidence/derived-data-unthinned/Build/Intermediates.noindex/vino_iPhone.build/Debug-iphonesimulator/vino_iPhone.build/灵眼GX-project-headers.hmap -Xcc -I/Users/cengcheng/Documents/GitHub/vino/docs/1.0.0/qa/evidence/derived-data-unthinned/Build/Products/Debug-iphonesimulator/include -Xcc -I/Users/cengcheng/Documents/GitHub/vino/docs/1.0.0/qa/evidence/derived-data-unthinned/Build/Intermediates.noindex/vino_iPhone.build/Debug-iphonesimulator/vino_iPhone.build/DerivedSources-normal/arm64 -Xcc -I/Users/cengcheng/Documents/GitHub/vino/docs/1.0.0/qa/evidence/derived-data-unthinned/Build/Intermediates.noindex/vino_iPhone.build/Debug-iphonesimulator/vino_iPhone.build/DerivedSources/arm64 -Xcc -I/Users/cengcheng/Documents/GitHub/vino/docs/1.0.0/qa/evidence/derived-data-unthinned/Build/Intermediates.noindex/vino_iPhone.build/Debug-iphonesimulator/vino_iPhone.build/DerivedSources -Xcc -DDEBUG\=1 -module-name vino_iPhone -frontend-parseable-output -disable-clang-spi -target-sdk-version 18.2 -target-sdk-name iphonesimulator18.2 -external-plugin-path /Applications/Xcode.app/Contents/Developer/Platforms/iPhoneOS.platform/Developer/usr/lib/swift/host/plugins\#/Applications/Xcode.app/Contents/Developer/Platforms/iPhoneOS.platform/Developer/usr/bin/swift-plugin-server -external-plugin-path /Applications/Xcode.app/Contents/Developer/Platforms/iPhoneOS.platform/Developer/usr/local/lib/swift/host/plugins\#/Applications/Xcode.app/Contents/Developer/Platforms/iPhoneOS.platform/Developer/usr/bin/swift-plugin-server -plugin-path /Applications/Xcode.app/Contents/Developer/Toolchains/XcodeDefault.xctoolchain/usr/lib/swift/host/plugins -plugin-path /Applications/Xcode.app/Contents/Developer/Toolchains/XcodeDefault.xctoolchain/usr/local/lib/swift/host/plugins -o /Users/cengcheng/Documents/GitHub/vino/docs/1.0.0/qa/evidence/derived-data-unthinned/Build/Intermediates.noindex/vino_iPhone.build/Debug-iphonesimulator/vino_iPhone.build/Objects-normal/arm64/CameraSessionController.o -o /Users/cengcheng/Documents/GitHub/vino/docs/1.0.0/qa/evidence/derived-data-unthinned/Build/Intermediates.noindex/vino_iPhone.build/Debug-iphonesimulator/vino_iPhone.build/Objects-normal/arm64/InferenceRuntime.o -o /Users/cengcheng/Documents/GitHub/vino/docs/1.0.0/qa/evidence/derived-data-unthinned/Build/Intermediates.noindex/vino_iPhone.build/Debug-iphonesimulator/vino_iPhone.build/Objects-normal/arm64/CoreMLCatalog.o -index-unit-output-path /vino_iPhone.build/Debug-iphonesimulator/vino_iPhone.build/Objects-normal/arm64/CameraSessionController.o -index-unit-output-path /vino_iPhone.build/Debug-iphonesimulator/vino_iPhone.build/Objects-normal/arm64/InferenceRuntime.o -index-unit-output-path /vino_iPhone.build/Debug-iphonesimulator/vino_iPhone.build/Objects-normal/arm64/CoreMLCatalog.o -index-store-path /Users/cengcheng/Documents/GitHub/vino/docs/1.0.0/qa/evidence/derived-data-unthinned/Index.noindex/DataStore -index-system-modules

SwiftEmitModule normal x86_64 Emitting\ module\ for\ vino_iPhone (in target 'vino_iPhone' from project 'vino_iPhone')
    cd /Users/cengcheng/Documents/GitHub/vino/vino_iPhone
    builtin-swiftTaskExecution -- /Applications/Xcode.app/Contents/Developer/Toolchains/XcodeDefault.xctoolchain/usr/bin/swift-frontend -frontend -emit-module -experimental-skip-non-inlinable-function-bodies-without-types /Users/cengcheng/Documents/GitHub/vino/vino_iPhone/AppHost/VinoPhoneApp.swift /Users/cengcheng/Documents/GitHub/vino/vino_iPhone/Sources/App/VinoPhoneShellView.swift /Users/cengcheng/Documents/GitHub/vino/vino_iPhone/Sources/Camera/CameraPreviewView.swift /Users/cengcheng/Documents/GitHub/vino/vino_iPhone/Sources/Camera/CameraSessionController.swift /Users/cengcheng/Documents/GitHub/vino/vino_iPhone/Sources/Inference/InferenceRuntime.swift /Users/cengcheng/Documents/GitHub/vino/vino_iPhone/Sources/Models/CoreMLCatalog.swift /Users/cengcheng/Documents/GitHub/vino/vino_iPhone/Sources/Models/InferenceModels.swift /Users/cengcheng/Documents/GitHub/vino/vino_iPhone/Sources/Models/ModelFileStore.swift /Users/cengcheng/Documents/GitHub/vino/vino_iPhone/Sources/Models/VinoAppState.swift /Users/cengcheng/Documents/GitHub/vino/vino_iPhone/Sources/Models/VinoTheme.swift /Users/cengcheng/Documents/GitHub/vino/vino_iPhone/Sources/Networking/ControlPlaneCoordinator.swift /Users/cengcheng/Documents/GitHub/vino/vino_iPhone/Sources/Networking/IPAddressMonitor.swift /Users/cengcheng/Documents/GitHub/vino/vino_iPhone/Sources/Networking/VinoProtocol.swift /Users/cengcheng/Documents/GitHub/vino/vino_iPhone/Sources/Overlay/CameraOverlayView.swift /Users/cengcheng/Documents/GitHub/vino/vino_iPhone/Sources/Overlay/InferenceResultsOverlayView.swift /Users/cengcheng/Documents/GitHub/vino/vino_iPhone/Sources/Auth/AuthModels.swift /Users/cengcheng/Documents/GitHub/vino/vino_iPhone/Sources/Auth/KeychainStore.swift /Users/cengcheng/Documents/GitHub/vino/vino_iPhone/Sources/Auth/AuthSessionStore.swift /Users/cengcheng/Documents/GitHub/vino/vino_iPhone/Sources/Auth/AuthService.swift /Users/cengcheng/Documents/GitHub/vino/vino_iPhone/Sources/Models/CloudModelCatalog.swift /Users/cengcheng/Documents/GitHub/vino/vino_iPhone/Sources/Models/ModelLicenseVerifier.swift /Users/cengcheng/Documents/GitHub/vino/vino_iPhone/Sources/Networking/AssetUploadService.swift /Users/cengcheng/Documents/GitHub/vino/vino_iPhone/Sources/Networking/CloudControlCoordinator.swift /Users/cengcheng/Documents/GitHub/vino/docs/1.0.0/qa/evidence/derived-data-unthinned/Build/Intermediates.noindex/vino_iPhone.build/Debug-iphonesimulator/vino_iPhone.build/DerivedSources/GeneratedAssetSymbols.swift -target x86_64-apple-ios17.6-simulator -enable-objc-interop -sdk /Applications/Xcode.app/Contents/Developer/Platforms/iPhoneSimulator.platform/Developer/SDKs/iPhoneSimulator18.2.sdk -I /Users/cengcheng/Documents/GitHub/vino/docs/1.0.0/qa/evidence/derived-data-unthinned/Build/Products/Debug-iphonesimulator -F /Users/cengcheng/Documents/GitHub/vino/docs/1.0.0/qa/evidence/derived-data-unthinned/Build/Products/Debug-iphonesimulator -no-color-diagnostics -enable-testing -g -debug-info-format\=dwarf -dwarf-version\=4 -module-cache-path /Users/cengcheng/Documents/GitHub/vino/docs/1.0.0/qa/evidence/derived-data-unthinned/ModuleCache.noindex -swift-version 5 -enforce-exclusivity\=checked -Onone -D DEBUG -serialize-debugging-options -const-gather-protocols-file /Users/cengcheng/Documents/GitHub/vino/docs/1.0.0/qa/evidence/derived-data-unthinned/Build/Intermediates.noindex/vino_iPhone.build/Debug-iphonesimulator/vino_iPhone.build/Objects-normal/x86_64/vino_iPhone_const_extract_protocols.json -enable-experimental-feature DebugDescriptionMacro -enable-experimental-feature OpaqueTypeErasure -enable-bare-slash-regex -empty-abi-descriptor -validate-clang-modules-once -clang-build-session-file /Users/cengcheng/Documents/GitHub/vino/docs/1.0.0/qa/evidence/derived-data-unthinned/ModuleCache.noindex/Session.modulevalidation -Xcc -working-directory -Xcc /Users/cengcheng/Documents/GitHub/vino/vino_iPhone -resource-dir /Applications/Xcode.app/Contents/Developer/Toolchains/XcodeDefault.xctoolchain/usr/lib/swift -enable-anonymous-context-mangled-names -file-compilation-dir /Users/cengcheng/Documents/GitHub/vino/vino_iPhone -Xcc -D_LIBCPP_HARDENING_MODE\=_LIBCPP_HARDENING_MODE_DEBUG -Xcc -ivfsstatcache -Xcc /Users/cengcheng/Documents/GitHub/vino/docs/1.0.0/qa/evidence/derived-data-unthinned/SDKStatCaches.noindex/iphonesimulator18.2-22C146-07b28473f605e47e75261259d3ef3b5a.sdkstatcache -Xcc -I/Users/cengcheng/Documents/GitHub/vino/docs/1.0.0/qa/evidence/derived-data-unthinned/Build/Intermediates.noindex/vino_iPhone.build/Debug-iphonesimulator/vino_iPhone.build/swift-overrides.hmap -Xcc -iquote -Xcc /Users/cengcheng/Documents/GitHub/vino/docs/1.0.0/qa/evidence/derived-data-unthinned/Build/Intermediates.noindex/vino_iPhone.build/Debug-iphonesimulator/vino_iPhone.build/灵眼GX-generated-files.hmap -Xcc -I/Users/cengcheng/Documents/GitHub/vino/docs/1.0.0/qa/evidence/derived-data-unthinned/Build/Intermediates.noindex/vino_iPhone.build/Debug-iphonesimulator/vino_iPhone.build/灵眼GX-own-target-headers.hmap -Xcc -I/Users/cengcheng/Documents/GitHub/vino/docs/1.0.0/qa/evidence/derived-data-unthinned/Build/Intermediates.noindex/vino_iPhone.build/Debug-iphonesimulator/vino_iPhone.build/灵眼GX-all-target-headers.hmap -Xcc -iquote -Xcc /Users/cengcheng/Documents/GitHub/vino/docs/1.0.0/qa/evidence/derived-data-unthinned/Build/Intermediates.noindex/vino_iPhone.build/Debug-iphonesimulator/vino_iPhone.build/灵眼GX-project-headers.hmap -Xcc -I/Users/cengcheng/Documents/GitHub/vino/docs/1.0.0/qa/evidence/derived-data-unthinned/Build/Products/Debug-iphonesimulator/include -Xcc -I/Users/cengcheng/Documents/GitHub/vino/docs/1.0.0/qa/evidence/derived-data-unthinned/Build/Intermediates.noindex/vino_iPhone.build/Debug-iphonesimulator/vino_iPhone.build/DerivedSources-normal/x86_64 -Xcc -I/Users/cengcheng/Documents/GitHub/vino/docs/1.0.0/qa/evidence/derived-data-unthinned/Build/Intermediates.noindex/vino_iPhone.build/Debug-iphonesimulator/vino_iPhone.build/DerivedSources/x86_64 -Xcc -I/Users/cengcheng/Documents/GitHub/vino/docs/1.0.0/qa/evidence/derived-data-unthinned/Build/Intermediates.noindex/vino_iPhone.build/Debug-iphonesimulator/vino_iPhone.build/DerivedSources -Xcc -DDEBUG\=1 -module-name vino_iPhone -frontend-parseable-output -disable-clang-spi -target-sdk-version 18.2 -target-sdk-name iphonesimulator18.2 -external-plugin-path /Applications/Xcode.app/Contents/Developer/Platforms/iPhoneOS.platform/Developer/usr/lib/swift/host/plugins\#/Applications/Xcode.app/Contents/Developer/Platforms/iPhoneOS.platform/Developer/usr/bin/swift-plugin-server -external-plugin-path /Applications/Xcode.app/Contents/Developer/Platforms/iPhoneOS.platform/Developer/usr/local/lib/swift/host/plugins\#/Applications/Xcode.app/Contents/Developer/Platforms/iPhoneOS.platform/Developer/usr/bin/swift-plugin-server -plugin-path /Applications/Xcode.app/Contents/Developer/Toolchains/XcodeDefault.xctoolchain/usr/lib/swift/host/plugins -plugin-path /Applications/Xcode.app/Contents/Developer/Toolchains/XcodeDefault.xctoolchain/usr/local/lib/swift/host/plugins -emit-module-doc-path /Users/cengcheng/Documents/GitHub/vino/docs/1.0.0/qa/evidence/derived-data-unthinned/Build/Intermediates.noindex/vino_iPhone.build/Debug-iphonesimulator/vino_iPhone.build/Objects-normal/x86_64/vino_iPhone.swiftdoc -emit-module-source-info-path /Users/cengcheng/Documents/GitHub/vino/docs/1.0.0/qa/evidence/derived-data-unthinned/Build/Intermediates.noindex/vino_iPhone.build/Debug-iphonesimulator/vino_iPhone.build/Objects-normal/x86_64/vino_iPhone.swiftsourceinfo -emit-objc-header-path /Users/cengcheng/Documents/GitHub/vino/docs/1.0.0/qa/evidence/derived-data-unthinned/Build/Intermediates.noindex/vino_iPhone.build/Debug-iphonesimulator/vino_iPhone.build/Objects-normal/x86_64/vino_iPhone-Swift.h -serialize-diagnostics-path /Users/cengcheng/Documents/GitHub/vino/docs/1.0.0/qa/evidence/derived-data-unthinned/Build/Intermediates.noindex/vino_iPhone.build/Debug-iphonesimulator/vino_iPhone.build/Objects-normal/x86_64/vino_iPhone-master-emit-module.dia -emit-dependencies-path /Users/cengcheng/Documents/GitHub/vino/docs/1.0.0/qa/evidence/derived-data-unthinned/Build/Intermediates.noindex/vino_iPhone.build/Debug-iphonesimulator/vino_iPhone.build/Objects-normal/x86_64/vino_iPhone-master-emit-module.d -o /Users/cengcheng/Documents/GitHub/vino/docs/1.0.0/qa/evidence/derived-data-unthinned/Build/Intermediates.noindex/vino_iPhone.build/Debug-iphonesimulator/vino_iPhone.build/Objects-normal/x86_64/vino_iPhone.swiftmodule -emit-abi-descriptor-path /Users/cengcheng/Documents/GitHub/vino/docs/1.0.0/qa/evidence/derived-data-unthinned/Build/Intermediates.noindex/vino_iPhone.build/Debug-iphonesimulator/vino_iPhone.build/Objects-normal/x86_64/vino_iPhone.abi.json

EmitSwiftModule normal x86_64 (in target 'vino_iPhone' from project 'vino_iPhone')
    cd /Users/cengcheng/Documents/GitHub/vino/vino_iPhone
    /Applications/Xcode.app/Contents/Developer/Toolchains/XcodeDefault.xctoolchain/usr/bin/swift-frontend -emit-module -experimental-skip-non-inlinable-function-bodies-without-types /Users/cengcheng/Documents/GitHub/vino/vino_iPhone/AppHost/VinoPhoneApp.swift /Users/cengcheng/Documents/GitHub/vino/vino_iPhone/Sources/App/VinoPhoneShellView.swift /Users/cengcheng/Documents/GitHub/vino/vino_iPhone/Sources/Camera/CameraPreviewView.swift /Users/cengcheng/Documents/GitHub/vino/vino_iPhone/Sources/Camera/CameraSessionController.swift /Users/cengcheng/Documents/GitHub/vino/vino_iPhone/Sources/Inference/InferenceRuntime.swift /Users/cengcheng/Documents/GitHub/vino/vino_iPhone/Sources/Models/CoreMLCatalog.swift /Users/cengcheng/Documents/GitHub/vino/vino_iPhone/Sources/Models/InferenceModels.swift /Users/cengcheng/Documents/GitHub/vino/vino_iPhone/Sources/Models/ModelFileStore.swift /Users/cengcheng/Documents/GitHub/vino/vino_iPhone/Sources/Models/VinoAppState.swift /Users/cengcheng/Documents/GitHub/vino/vino_iPhone/Sources/Models/VinoTheme.swift /Users/cengcheng/Documents/GitHub/vino/vino_iPhone/Sources/Networking/ControlPlaneCoordinator.swift /Users/cengcheng/Documents/GitHub/vino/vino_iPhone/Sources/Networking/IPAddressMonitor.swift /Users/cengcheng/Documents/GitHub/vino/vino_iPhone/Sources/Networking/VinoProtocol.swift /Users/cengcheng/Documents/GitHub/vino/vino_iPhone/Sources/Overlay/CameraOverlayView.swift /Users/cengcheng/Documents/GitHub/vino/vino_iPhone/Sources/Overlay/InferenceResultsOverlayView.swift /Users/cengcheng/Documents/GitHub/vino/vino_iPhone/Sources/Auth/AuthModels.swift /Users/cengcheng/Documents/GitHub/vino/vino_iPhone/Sources/Auth/KeychainStore.swift /Users/cengcheng/Documents/GitHub/vino/vino_iPhone/Sources/Auth/AuthSessionStore.swift /Users/cengcheng/Documents/GitHub/vino/vino_iPhone/Sources/Auth/AuthService.swift /Users/cengcheng/Documents/GitHub/vino/vino_iPhone/Sources/Models/CloudModelCatalog.swift /Users/cengcheng/Documents/GitHub/vino/vino_iPhone/Sources/Models/ModelLicenseVerifier.swift /Users/cengcheng/Documents/GitHub/vino/vino_iPhone/Sources/Networking/AssetUploadService.swift /Users/cengcheng/Documents/GitHub/vino/vino_iPhone/Sources/Networking/CloudControlCoordinator.swift /Users/cengcheng/Documents/GitHub/vino/docs/1.0.0/qa/evidence/derived-data-unthinned/Build/Intermediates.noindex/vino_iPhone.build/Debug-iphonesimulator/vino_iPhone.build/DerivedSources/GeneratedAssetSymbols.swift -target x86_64-apple-ios17.6-simulator -enable-objc-interop -sdk /Applications/Xcode.app/Contents/Developer/Platforms/iPhoneSimulator.platform/Developer/SDKs/iPhoneSimulator18.2.sdk -I /Users/cengcheng/Documents/GitHub/vino/docs/1.0.0/qa/evidence/derived-data-unthinned/Build/Products/Debug-iphonesimulator -F /Users/cengcheng/Documents/GitHub/vino/docs/1.0.0/qa/evidence/derived-data-unthinned/Build/Products/Debug-iphonesimulator -no-color-diagnostics -enable-testing -g -debug-info-format\=dwarf -dwarf-version\=4 -module-cache-path /Users/cengcheng/Documents/GitHub/vino/docs/1.0.0/qa/evidence/derived-data-unthinned/ModuleCache.noindex -swift-version 5 -enforce-exclusivity\=checked -Onone -D DEBUG -serialize-debugging-options -const-gather-protocols-file /Users/cengcheng/Documents/GitHub/vino/docs/1.0.0/qa/evidence/derived-data-unthinned/Build/Intermediates.noindex/vino_iPhone.build/Debug-iphonesimulator/vino_iPhone.build/Objects-normal/x86_64/vino_iPhone_const_extract_protocols.json -enable-experimental-feature DebugDescriptionMacro -enable-experimental-feature OpaqueTypeErasure -enable-bare-slash-regex -empty-abi-descriptor -validate-clang-modules-once -clang-build-session-file /Users/cengcheng/Documents/GitHub/vino/docs/1.0.0/qa/evidence/derived-data-unthinned/ModuleCache.noindex/Session.modulevalidation -Xcc -working-directory -Xcc /Users/cengcheng/Documents/GitHub/vino/vino_iPhone -resource-dir /Applications/Xcode.app/Contents/Developer/Toolchains/XcodeDefault.xctoolchain/usr/lib/swift -enable-anonymous-context-mangled-names -file-compilation-dir /Users/cengcheng/Documents/GitHub/vino/vino_iPhone -Xcc -D_LIBCPP_HARDENING_MODE\=_LIBCPP_HARDENING_MODE_DEBUG -Xcc -ivfsstatcache -Xcc /Users/cengcheng/Documents/GitHub/vino/docs/1.0.0/qa/evidence/derived-data-unthinned/SDKStatCaches.noindex/iphonesimulator18.2-22C146-07b28473f605e47e75261259d3ef3b5a.sdkstatcache -Xcc -I/Users/cengcheng/Documents/GitHub/vino/docs/1.0.0/qa/evidence/derived-data-unthinned/Build/Intermediates.noindex/vino_iPhone.build/Debug-iphonesimulator/vino_iPhone.build/swift-overrides.hmap -Xcc -iquote -Xcc /Users/cengcheng/Documents/GitHub/vino/docs/1.0.0/qa/evidence/derived-data-unthinned/Build/Intermediates.noindex/vino_iPhone.build/Debug-iphonesimulator/vino_iPhone.build/灵眼GX-generated-files.hmap -Xcc -I/Users/cengcheng/Documents/GitHub/vino/docs/1.0.0/qa/evidence/derived-data-unthinned/Build/Intermediates.noindex/vino_iPhone.build/Debug-iphonesimulator/vino_iPhone.build/灵眼GX-own-target-headers.hmap -Xcc -I/Users/cengcheng/Documents/GitHub/vino/docs/1.0.0/qa/evidence/derived-data-unthinned/Build/Intermediates.noindex/vino_iPhone.build/Debug-iphonesimulator/vino_iPhone.build/灵眼GX-all-target-headers.hmap -Xcc -iquote -Xcc /Users/cengcheng/Documents/GitHub/vino/docs/1.0.0/qa/evidence/derived-data-unthinned/Build/Intermediates.noindex/vino_iPhone.build/Debug-iphonesimulator/vino_iPhone.build/灵眼GX-project-headers.hmap -Xcc -I/Users/cengcheng/Documents/GitHub/vino/docs/1.0.0/qa/evidence/derived-data-unthinned/Build/Products/Debug-iphonesimulator/include -Xcc -I/Users/cengcheng/Documents/GitHub/vino/docs/1.0.0/qa/evidence/derived-data-unthinned/Build/Intermediates.noindex/vino_iPhone.build/Debug-iphonesimulator/vino_iPhone.build/DerivedSources-normal/x86_64 -Xcc -I/Users/cengcheng/Documents/GitHub/vino/docs/1.0.0/qa/evidence/derived-data-unthinned/Build/Intermediates.noindex/vino_iPhone.build/Debug-iphonesimulator/vino_iPhone.build/DerivedSources/x86_64 -Xcc -I/Users/cengcheng/Documents/GitHub/vino/docs/1.0.0/qa/evidence/derived-data-unthinned/Build/Intermediates.noindex/vino_iPhone.build/Debug-iphonesimulator/vino_iPhone.build/DerivedSources -Xcc -DDEBUG\=1 -module-name vino_iPhone -frontend-parseable-output -disable-clang-spi -target-sdk-version 18.2 -target-sdk-name iphonesimulator18.2 -external-plugin-path /Applications/Xcode.app/Contents/Developer/Platforms/iPhoneOS.platform/Developer/usr/lib/swift/host/plugins\#/Applications/Xcode.app/Contents/Developer/Platforms/iPhoneOS.platform/Developer/usr/bin/swift-plugin-server -external-plugin-path /Applications/Xcode.app/Contents/Developer/Platforms/iPhoneOS.platform/Developer/usr/local/lib/swift/host/plugins\#/Applications/Xcode.app/Contents/Developer/Platforms/iPhoneOS.platform/Developer/usr/bin/swift-plugin-server -plugin-path /Applications/Xcode.app/Contents/Developer/Toolchains/XcodeDefault.xctoolchain/usr/lib/swift/host/plugins -plugin-path /Applications/Xcode.app/Contents/Developer/Toolchains/XcodeDefault.xctoolchain/usr/local/lib/swift/host/plugins -emit-module-doc-path /Users/cengcheng/Documents/GitHub/vino/docs/1.0.0/qa/evidence/derived-data-unthinned/Build/Intermediates.noindex/vino_iPhone.build/Debug-iphonesimulator/vino_iPhone.build/Objects-normal/x86_64/vino_iPhone.swiftdoc -emit-module-source-info-path /Users/cengcheng/Documents/GitHub/vino/docs/1.0.0/qa/evidence/derived-data-unthinned/Build/Intermediates.noindex/vino_iPhone.build/Debug-iphonesimulator/vino_iPhone.build/Objects-normal/x86_64/vino_iPhone.swiftsourceinfo -emit-objc-header-path /Users/cengcheng/Documents/GitHub/vino/docs/1.0.0/qa/evidence/derived-data-unthinned/Build/Intermediates.noindex/vino_iPhone.build/Debug-iphonesimulator/vino_iPhone.build/Objects-normal/x86_64/vino_iPhone-Swift.h -serialize-diagnostics-path /Users/cengcheng/Documents/GitHub/vino/docs/1.0.0/qa/evidence/derived-data-unthinned/Build/Intermediates.noindex/vino_iPhone.build/Debug-iphonesimulator/vino_iPhone.build/Objects-normal/x86_64/vino_iPhone-master-emit-module.dia -emit-dependencies-path /Users/cengcheng/Documents/GitHub/vino/docs/1.0.0/qa/evidence/derived-data-unthinned/Build/Intermediates.noindex/vino_iPhone.build/Debug-iphonesimulator/vino_iPhone.build/Objects-normal/x86_64/vino_iPhone-master-emit-module.d -o /Users/cengcheng/Documents/GitHub/vino/docs/1.0.0/qa/evidence/derived-data-unthinned/Build/Intermediates.noindex/vino_iPhone.build/Debug-iphonesimulator/vino_iPhone.build/Objects-normal/x86_64/vino_iPhone.swiftmodule -emit-abi-descriptor-path /Users/cengcheng/Documents/GitHub/vino/docs/1.0.0/qa/evidence/derived-data-unthinned/Build/Intermediates.noindex/vino_iPhone.build/Debug-iphonesimulator/vino_iPhone.build/Objects-normal/x86_64/vino_iPhone.abi.json

SwiftCompile normal x86_64 Compiling\ VinoPhoneApp.swift,\ VinoPhoneShellView.swift,\ CameraPreviewView.swift /Users/cengcheng/Documents/GitHub/vino/vino_iPhone/AppHost/VinoPhoneApp.swift /Users/cengcheng/Documents/GitHub/vino/vino_iPhone/Sources/App/VinoPhoneShellView.swift /Users/cengcheng/Documents/GitHub/vino/vino_iPhone/Sources/Camera/CameraPreviewView.swift (in target 'vino_iPhone' from project 'vino_iPhone')
    cd /Users/cengcheng/Documents/GitHub/vino/vino_iPhone
    builtin-swiftTaskExecution -- /Applications/Xcode.app/Contents/Developer/Toolchains/XcodeDefault.xctoolchain/usr/bin/swift-frontend -frontend -c -primary-file /Users/cengcheng/Documents/GitHub/vino/vino_iPhone/AppHost/VinoPhoneApp.swift -primary-file /Users/cengcheng/Documents/GitHub/vino/vino_iPhone/Sources/App/VinoPhoneShellView.swift -primary-file /Users/cengcheng/Documents/GitHub/vino/vino_iPhone/Sources/Camera/CameraPreviewView.swift /Users/cengcheng/Documents/GitHub/vino/vino_iPhone/Sources/Camera/CameraSessionController.swift /Users/cengcheng/Documents/GitHub/vino/vino_iPhone/Sources/Inference/InferenceRuntime.swift /Users/cengcheng/Documents/GitHub/vino/vino_iPhone/Sources/Models/CoreMLCatalog.swift /Users/cengcheng/Documents/GitHub/vino/vino_iPhone/Sources/Models/InferenceModels.swift /Users/cengcheng/Documents/GitHub/vino/vino_iPhone/Sources/Models/ModelFileStore.swift /Users/cengcheng/Documents/GitHub/vino/vino_iPhone/Sources/Models/VinoAppState.swift /Users/cengcheng/Documents/GitHub/vino/vino_iPhone/Sources/Models/VinoTheme.swift /Users/cengcheng/Documents/GitHub/vino/vino_iPhone/Sources/Networking/ControlPlaneCoordinator.swift /Users/cengcheng/Documents/GitHub/vino/vino_iPhone/Sources/Networking/IPAddressMonitor.swift /Users/cengcheng/Documents/GitHub/vino/vino_iPhone/Sources/Networking/VinoProtocol.swift /Users/cengcheng/Documents/GitHub/vino/vino_iPhone/Sources/Overlay/CameraOverlayView.swift /Users/cengcheng/Documents/GitHub/vino/vino_iPhone/Sources/Overlay/InferenceResultsOverlayView.swift /Users/cengcheng/Documents/GitHub/vino/vino_iPhone/Sources/Auth/AuthModels.swift /Users/cengcheng/Documents/GitHub/vino/vino_iPhone/Sources/Auth/KeychainStore.swift /Users/cengcheng/Documents/GitHub/vino/vino_iPhone/Sources/Auth/AuthSessionStore.swift /Users/cengcheng/Documents/GitHub/vino/vino_iPhone/Sources/Auth/AuthService.swift /Users/cengcheng/Documents/GitHub/vino/vino_iPhone/Sources/Models/CloudModelCatalog.swift /Users/cengcheng/Documents/GitHub/vino/vino_iPhone/Sources/Models/ModelLicenseVerifier.swift /Users/cengcheng/Documents/GitHub/vino/vino_iPhone/Sources/Networking/AssetUploadService.swift /Users/cengcheng/Documents/GitHub/vino/vino_iPhone/Sources/Networking/CloudControlCoordinator.swift /Users/cengcheng/Documents/GitHub/vino/docs/1.0.0/qa/evidence/derived-data-unthinned/Build/Intermediates.noindex/vino_iPhone.build/Debug-iphonesimulator/vino_iPhone.build/DerivedSources/GeneratedAssetSymbols.swift -supplementary-output-file-map /Users/cengcheng/Documents/GitHub/vino/docs/1.0.0/qa/evidence/derived-data-unthinned/Build/Intermediates.noindex/vino_iPhone.build/Debug-iphonesimulator/vino_iPhone.build/Objects-normal/x86_64/supplementaryOutputs-1 -emit-localized-strings -emit-localized-strings-path /Users/cengcheng/Documents/GitHub/vino/docs/1.0.0/qa/evidence/derived-data-unthinned/Build/Intermediates.noindex/vino_iPhone.build/Debug-iphonesimulator/vino_iPhone.build/Objects-normal/x86_64 -target x86_64-apple-ios17.6-simulator -enable-objc-interop -sdk /Applications/Xcode.app/Contents/Developer/Platforms/iPhoneSimulator.platform/Developer/SDKs/iPhoneSimulator18.2.sdk -I /Users/cengcheng/Documents/GitHub/vino/docs/1.0.0/qa/evidence/derived-data-unthinned/Build/Products/Debug-iphonesimulator -F /Users/cengcheng/Documents/GitHub/vino/docs/1.0.0/qa/evidence/derived-data-unthinned/Build/Products/Debug-iphonesimulator -no-color-diagnostics -enable-testing -g -debug-info-format\=dwarf -dwarf-version\=4 -module-cache-path /Users/cengcheng/Documents/GitHub/vino/docs/1.0.0/qa/evidence/derived-data-unthinned/ModuleCache.noindex -swift-version 5 -enforce-exclusivity\=checked -Onone -D DEBUG -serialize-debugging-options -const-gather-protocols-file /Users/cengcheng/Documents/GitHub/vino/docs/1.0.0/qa/evidence/derived-data-unthinned/Build/Intermediates.noindex/vino_iPhone.build/Debug-iphonesimulator/vino_iPhone.build/Objects-normal/x86_64/vino_iPhone_const_extract_protocols.json -enable-experimental-feature DebugDescriptionMacro -enable-experimental-feature OpaqueTypeErasure -enable-bare-slash-regex -empty-abi-descriptor -validate-clang-modules-once -clang-build-session-file /Users/cengcheng/Documents/GitHub/vino/docs/1.0.0/qa/evidence/derived-data-unthinned/ModuleCache.noindex/Session.modulevalidation -Xcc -working-directory -Xcc /Users/cengcheng/Documents/GitHub/vino/vino_iPhone -resource-dir /Applications/Xcode.app/Contents/Developer/Toolchains/XcodeDefault.xctoolchain/usr/lib/swift -enable-anonymous-context-mangled-names -file-compilation-dir /Users/cengcheng/Documents/GitHub/vino/vino_iPhone -Xcc -D_LIBCPP_HARDENING_MODE\=_LIBCPP_HARDENING_MODE_DEBUG -Xcc -ivfsstatcache -Xcc /Users/cengcheng/Documents/GitHub/vino/docs/1.0.0/qa/evidence/derived-data-unthinned/SDKStatCaches.noindex/iphonesimulator18.2-22C146-07b28473f605e47e75261259d3ef3b5a.sdkstatcache -Xcc -I/Users/cengcheng/Documents/GitHub/vino/docs/1.0.0/qa/evidence/derived-data-unthinned/Build/Intermediates.noindex/vino_iPhone.build/Debug-iphonesimulator/vino_iPhone.build/swift-overrides.hmap -Xcc -iquote -Xcc /Users/cengcheng/Documents/GitHub/vino/docs/1.0.0/qa/evidence/derived-data-unthinned/Build/Intermediates.noindex/vino_iPhone.build/Debug-iphonesimulator/vino_iPhone.build/灵眼GX-generated-files.hmap -Xcc -I/Users/cengcheng/Documents/GitHub/vino/docs/1.0.0/qa/evidence/derived-data-unthinned/Build/Intermediates.noindex/vino_iPhone.build/Debug-iphonesimulator/vino_iPhone.build/灵眼GX-own-target-headers.hmap -Xcc -I/Users/cengcheng/Documents/GitHub/vino/docs/1.0.0/qa/evidence/derived-data-unthinned/Build/Intermediates.noindex/vino_iPhone.build/Debug-iphonesimulator/vino_iPhone.build/灵眼GX-all-target-headers.hmap -Xcc -iquote -Xcc /Users/cengcheng/Documents/GitHub/vino/docs/1.0.0/qa/evidence/derived-data-unthinned/Build/Intermediates.noindex/vino_iPhone.build/Debug-iphonesimulator/vino_iPhone.build/灵眼GX-project-headers.hmap -Xcc -I/Users/cengcheng/Documents/GitHub/vino/docs/1.0.0/qa/evidence/derived-data-unthinned/Build/Products/Debug-iphonesimulator/include -Xcc -I/Users/cengcheng/Documents/GitHub/vino/docs/1.0.0/qa/evidence/derived-data-unthinned/Build/Intermediates.noindex/vino_iPhone.build/Debug-iphonesimulator/vino_iPhone.build/DerivedSources-normal/x86_64 -Xcc -I/Users/cengcheng/Documents/GitHub/vino/docs/1.0.0/qa/evidence/derived-data-unthinned/Build/Intermediates.noindex/vino_iPhone.build/Debug-iphonesimulator/vino_iPhone.build/DerivedSources/x86_64 -Xcc -I/Users/cengcheng/Documents/GitHub/vino/docs/1.0.0/qa/evidence/derived-data-unthinned/Build/Intermediates.noindex/vino_iPhone.build/Debug-iphonesimulator/vino_iPhone.build/DerivedSources -Xcc -DDEBUG\=1 -module-name vino_iPhone -frontend-parseable-output -disable-clang-spi -target-sdk-version 18.2 -target-sdk-name iphonesimulator18.2 -external-plugin-path /Applications/Xcode.app/Contents/Developer/Platforms/iPhoneOS.platform/Developer/usr/lib/swift/host/plugins\#/Applications/Xcode.app/Contents/Developer/Platforms/iPhoneOS.platform/Developer/usr/bin/swift-plugin-server -external-plugin-path /Applications/Xcode.app/Contents/Developer/Platforms/iPhoneOS.platform/Developer/usr/local/lib/swift/host/plugins\#/Applications/Xcode.app/Contents/Developer/Platforms/iPhoneOS.platform/Developer/usr/bin/swift-plugin-server -plugin-path /Applications/Xcode.app/Contents/Developer/Toolchains/XcodeDefault.xctoolchain/usr/lib/swift/host/plugins -plugin-path /Applications/Xcode.app/Contents/Developer/Toolchains/XcodeDefault.xctoolchain/usr/local/lib/swift/host/plugins -o /Users/cengcheng/Documents/GitHub/vino/docs/1.0.0/qa/evidence/derived-data-unthinned/Build/Intermediates.noindex/vino_iPhone.build/Debug-iphonesimulator/vino_iPhone.build/Objects-normal/x86_64/VinoPhoneApp.o -o /Users/cengcheng/Documents/GitHub/vino/docs/1.0.0/qa/evidence/derived-data-unthinned/Build/Intermediates.noindex/vino_iPhone.build/Debug-iphonesimulator/vino_iPhone.build/Objects-normal/x86_64/VinoPhoneShellView.o -o /Users/cengcheng/Documents/GitHub/vino/docs/1.0.0/qa/evidence/derived-data-unthinned/Build/Intermediates.noindex/vino_iPhone.build/Debug-iphonesimulator/vino_iPhone.build/Objects-normal/x86_64/CameraPreviewView.o -index-unit-output-path /vino_iPhone.build/Debug-iphonesimulator/vino_iPhone.build/Objects-normal/x86_64/VinoPhoneApp.o -index-unit-output-path /vino_iPhone.build/Debug-iphonesimulator/vino_iPhone.build/Objects-normal/x86_64/VinoPhoneShellView.o -index-unit-output-path /vino_iPhone.build/Debug-iphonesimulator/vino_iPhone.build/Objects-normal/x86_64/CameraPreviewView.o -index-store-path /Users/cengcheng/Documents/GitHub/vino/docs/1.0.0/qa/evidence/derived-data-unthinned/Index.noindex/DataStore -index-system-modules

SwiftCompile normal x86_64 /Users/cengcheng/Documents/GitHub/vino/vino_iPhone/AppHost/VinoPhoneApp.swift (in target 'vino_iPhone' from project 'vino_iPhone')
    cd /Users/cengcheng/Documents/GitHub/vino/vino_iPhone
    /Applications/Xcode.app/Contents/Developer/Toolchains/XcodeDefault.xctoolchain/usr/bin/swift-frontend -c -primary-file /Users/cengcheng/Documents/GitHub/vino/vino_iPhone/AppHost/VinoPhoneApp.swift -primary-file /Users/cengcheng/Documents/GitHub/vino/vino_iPhone/Sources/App/VinoPhoneShellView.swift -primary-file /Users/cengcheng/Documents/GitHub/vino/vino_iPhone/Sources/Camera/CameraPreviewView.swift /Users/cengcheng/Documents/GitHub/vino/vino_iPhone/Sources/Camera/CameraSessionController.swift /Users/cengcheng/Documents/GitHub/vino/vino_iPhone/Sources/Inference/InferenceRuntime.swift /Users/cengcheng/Documents/GitHub/vino/vino_iPhone/Sources/Models/CoreMLCatalog.swift /Users/cengcheng/Documents/GitHub/vino/vino_iPhone/Sources/Models/InferenceModels.swift /Users/cengcheng/Documents/GitHub/vino/vino_iPhone/Sources/Models/ModelFileStore.swift /Users/cengcheng/Documents/GitHub/vino/vino_iPhone/Sources/Models/VinoAppState.swift /Users/cengcheng/Documents/GitHub/vino/vino_iPhone/Sources/Models/VinoTheme.swift /Users/cengcheng/Documents/GitHub/vino/vino_iPhone/Sources/Networking/ControlPlaneCoordinator.swift /Users/cengcheng/Documents/GitHub/vino/vino_iPhone/Sources/Networking/IPAddressMonitor.swift /Users/cengcheng/Documents/GitHub/vino/vino_iPhone/Sources/Networking/VinoProtocol.swift /Users/cengcheng/Documents/GitHub/vino/vino_iPhone/Sources/Overlay/CameraOverlayView.swift /Users/cengcheng/Documents/GitHub/vino/vino_iPhone/Sources/Overlay/InferenceResultsOverlayView.swift /Users/cengcheng/Documents/GitHub/vino/vino_iPhone/Sources/Auth/AuthModels.swift /Users/cengcheng/Documents/GitHub/vino/vino_iPhone/Sources/Auth/KeychainStore.swift /Users/cengcheng/Documents/GitHub/vino/vino_iPhone/Sources/Auth/AuthSessionStore.swift /Users/cengcheng/Documents/GitHub/vino/vino_iPhone/Sources/Auth/AuthService.swift /Users/cengcheng/Documents/GitHub/vino/vino_iPhone/Sources/Models/CloudModelCatalog.swift /Users/cengcheng/Documents/GitHub/vino/vino_iPhone/Sources/Models/ModelLicenseVerifier.swift /Users/cengcheng/Documents/GitHub/vino/vino_iPhone/Sources/Networking/AssetUploadService.swift /Users/cengcheng/Documents/GitHub/vino/vino_iPhone/Sources/Networking/CloudControlCoordinator.swift /Users/cengcheng/Documents/GitHub/vino/docs/1.0.0/qa/evidence/derived-data-unthinned/Build/Intermediates.noindex/vino_iPhone.build/Debug-iphonesimulator/vino_iPhone.build/DerivedSources/GeneratedAssetSymbols.swift -supplementary-output-file-map /Users/cengcheng/Documents/GitHub/vino/docs/1.0.0/qa/evidence/derived-data-unthinned/Build/Intermediates.noindex/vino_iPhone.build/Debug-iphonesimulator/vino_iPhone.build/Objects-normal/x86_64/supplementaryOutputs-1 -emit-localized-strings -emit-localized-strings-path /Users/cengcheng/Documents/GitHub/vino/docs/1.0.0/qa/evidence/derived-data-unthinned/Build/Intermediates.noindex/vino_iPhone.build/Debug-iphonesimulator/vino_iPhone.build/Objects-normal/x86_64 -target x86_64-apple-ios17.6-simulator -enable-objc-interop -sdk /Applications/Xcode.app/Contents/Developer/Platforms/iPhoneSimulator.platform/Developer/SDKs/iPhoneSimulator18.2.sdk -I /Users/cengcheng/Documents/GitHub/vino/docs/1.0.0/qa/evidence/derived-data-unthinned/Build/Products/Debug-iphonesimulator -F /Users/cengcheng/Documents/GitHub/vino/docs/1.0.0/qa/evidence/derived-data-unthinned/Build/Products/Debug-iphonesimulator -no-color-diagnostics -enable-testing -g -debug-info-format\=dwarf -dwarf-version\=4 -module-cache-path /Users/cengcheng/Documents/GitHub/vino/docs/1.0.0/qa/evidence/derived-data-unthinned/ModuleCache.noindex -swift-version 5 -enforce-exclusivity\=checked -Onone -D DEBUG -serialize-debugging-options -const-gather-protocols-file /Users/cengcheng/Documents/GitHub/vino/docs/1.0.0/qa/evidence/derived-data-unthinned/Build/Intermediates.noindex/vino_iPhone.build/Debug-iphonesimulator/vino_iPhone.build/Objects-normal/x86_64/vino_iPhone_const_extract_protocols.json -enable-experimental-feature DebugDescriptionMacro -enable-experimental-feature OpaqueTypeErasure -enable-bare-slash-regex -empty-abi-descriptor -validate-clang-modules-once -clang-build-session-file /Users/cengcheng/Documents/GitHub/vino/docs/1.0.0/qa/evidence/derived-data-unthinned/ModuleCache.noindex/Session.modulevalidation -Xcc -working-directory -Xcc /Users/cengcheng/Documents/GitHub/vino/vino_iPhone -resource-dir /Applications/Xcode.app/Contents/Developer/Toolchains/XcodeDefault.xctoolchain/usr/lib/swift -enable-anonymous-context-mangled-names -file-compilation-dir /Users/cengcheng/Documents/GitHub/vino/vino_iPhone -Xcc -D_LIBCPP_HARDENING_MODE\=_LIBCPP_HARDENING_MODE_DEBUG -Xcc -ivfsstatcache -Xcc /Users/cengcheng/Documents/GitHub/vino/docs/1.0.0/qa/evidence/derived-data-unthinned/SDKStatCaches.noindex/iphonesimulator18.2-22C146-07b28473f605e47e75261259d3ef3b5a.sdkstatcache -Xcc -I/Users/cengcheng/Documents/GitHub/vino/docs/1.0.0/qa/evidence/derived-data-unthinned/Build/Intermediates.noindex/vino_iPhone.build/Debug-iphonesimulator/vino_iPhone.build/swift-overrides.hmap -Xcc -iquote -Xcc /Users/cengcheng/Documents/GitHub/vino/docs/1.0.0/qa/evidence/derived-data-unthinned/Build/Intermediates.noindex/vino_iPhone.build/Debug-iphonesimulator/vino_iPhone.build/灵眼GX-generated-files.hmap -Xcc -I/Users/cengcheng/Documents/GitHub/vino/docs/1.0.0/qa/evidence/derived-data-unthinned/Build/Intermediates.noindex/vino_iPhone.build/Debug-iphonesimulator/vino_iPhone.build/灵眼GX-own-target-headers.hmap -Xcc -I/Users/cengcheng/Documents/GitHub/vino/docs/1.0.0/qa/evidence/derived-data-unthinned/Build/Intermediates.noindex/vino_iPhone.build/Debug-iphonesimulator/vino_iPhone.build/灵眼GX-all-target-headers.hmap -Xcc -iquote -Xcc /Users/cengcheng/Documents/GitHub/vino/docs/1.0.0/qa/evidence/derived-data-unthinned/Build/Intermediates.noindex/vino_iPhone.build/Debug-iphonesimulator/vino_iPhone.build/灵眼GX-project-headers.hmap -Xcc -I/Users/cengcheng/Documents/GitHub/vino/docs/1.0.0/qa/evidence/derived-data-unthinned/Build/Products/Debug-iphonesimulator/include -Xcc -I/Users/cengcheng/Documents/GitHub/vino/docs/1.0.0/qa/evidence/derived-data-unthinned/Build/Intermediates.noindex/vino_iPhone.build/Debug-iphonesimulator/vino_iPhone.build/DerivedSources-normal/x86_64 -Xcc -I/Users/cengcheng/Documents/GitHub/vino/docs/1.0.0/qa/evidence/derived-data-unthinned/Build/Intermediates.noindex/vino_iPhone.build/Debug-iphonesimulator/vino_iPhone.build/DerivedSources/x86_64 -Xcc -I/Users/cengcheng/Documents/GitHub/vino/docs/1.0.0/qa/evidence/derived-data-unthinned/Build/Intermediates.noindex/vino_iPhone.build/Debug-iphonesimulator/vino_iPhone.build/DerivedSources -Xcc -DDEBUG\=1 -module-name vino_iPhone -frontend-parseable-output -disable-clang-spi -target-sdk-version 18.2 -target-sdk-name iphonesimulator18.2 -external-plugin-path /Applications/Xcode.app/Contents/Developer/Platforms/iPhoneOS.platform/Developer/usr/lib/swift/host/plugins\#/Applications/Xcode.app/Contents/Developer/Platforms/iPhoneOS.platform/Developer/usr/bin/swift-plugin-server -external-plugin-path /Applications/Xcode.app/Contents/Developer/Platforms/iPhoneOS.platform/Developer/usr/local/lib/swift/host/plugins\#/Applications/Xcode.app/Contents/Developer/Platforms/iPhoneOS.platform/Developer/usr/bin/swift-plugin-server -plugin-path /Applications/Xcode.app/Contents/Developer/Toolchains/XcodeDefault.xctoolchain/usr/lib/swift/host/plugins -plugin-path /Applications/Xcode.app/Contents/Developer/Toolchains/XcodeDefault.xctoolchain/usr/local/lib/swift/host/plugins -o /Users/cengcheng/Documents/GitHub/vino/docs/1.0.0/qa/evidence/derived-data-unthinned/Build/Intermediates.noindex/vino_iPhone.build/Debug-iphonesimulator/vino_iPhone.build/Objects-normal/x86_64/VinoPhoneApp.o -o /Users/cengcheng/Documents/GitHub/vino/docs/1.0.0/qa/evidence/derived-data-unthinned/Build/Intermediates.noindex/vino_iPhone.build/Debug-iphonesimulator/vino_iPhone.build/Objects-normal/x86_64/VinoPhoneShellView.o -o /Users/cengcheng/Documents/GitHub/vino/docs/1.0.0/qa/evidence/derived-data-unthinned/Build/Intermediates.noindex/vino_iPhone.build/Debug-iphonesimulator/vino_iPhone.build/Objects-normal/x86_64/CameraPreviewView.o -index-unit-output-path /vino_iPhone.build/Debug-iphonesimulator/vino_iPhone.build/Objects-normal/x86_64/VinoPhoneApp.o -index-unit-output-path /vino_iPhone.build/Debug-iphonesimulator/vino_iPhone.build/Objects-normal/x86_64/VinoPhoneShellView.o -index-unit-output-path /vino_iPhone.build/Debug-iphonesimulator/vino_iPhone.build/Objects-normal/x86_64/CameraPreviewView.o -index-store-path /Users/cengcheng/Documents/GitHub/vino/docs/1.0.0/qa/evidence/derived-data-unthinned/Index.noindex/DataStore -index-system-modules

SwiftCompile normal x86_64 /Users/cengcheng/Documents/GitHub/vino/vino_iPhone/Sources/App/VinoPhoneShellView.swift (in target 'vino_iPhone' from project 'vino_iPhone')
    cd /Users/cengcheng/Documents/GitHub/vino/vino_iPhone
    /Applications/Xcode.app/Contents/Developer/Toolchains/XcodeDefault.xctoolchain/usr/bin/swift-frontend -c -primary-file /Users/cengcheng/Documents/GitHub/vino/vino_iPhone/AppHost/VinoPhoneApp.swift -primary-file /Users/cengcheng/Documents/GitHub/vino/vino_iPhone/Sources/App/VinoPhoneShellView.swift -primary-file /Users/cengcheng/Documents/GitHub/vino/vino_iPhone/Sources/Camera/CameraPreviewView.swift /Users/cengcheng/Documents/GitHub/vino/vino_iPhone/Sources/Camera/CameraSessionController.swift /Users/cengcheng/Documents/GitHub/vino/vino_iPhone/Sources/Inference/InferenceRuntime.swift /Users/cengcheng/Documents/GitHub/vino/vino_iPhone/Sources/Models/CoreMLCatalog.swift /Users/cengcheng/Documents/GitHub/vino/vino_iPhone/Sources/Models/InferenceModels.swift /Users/cengcheng/Documents/GitHub/vino/vino_iPhone/Sources/Models/ModelFileStore.swift /Users/cengcheng/Documents/GitHub/vino/vino_iPhone/Sources/Models/VinoAppState.swift /Users/cengcheng/Documents/GitHub/vino/vino_iPhone/Sources/Models/VinoTheme.swift /Users/cengcheng/Documents/GitHub/vino/vino_iPhone/Sources/Networking/ControlPlaneCoordinator.swift /Users/cengcheng/Documents/GitHub/vino/vino_iPhone/Sources/Networking/IPAddressMonitor.swift /Users/cengcheng/Documents/GitHub/vino/vino_iPhone/Sources/Networking/VinoProtocol.swift /Users/cengcheng/Documents/GitHub/vino/vino_iPhone/Sources/Overlay/CameraOverlayView.swift /Users/cengcheng/Documents/GitHub/vino/vino_iPhone/Sources/Overlay/InferenceResultsOverlayView.swift /Users/cengcheng/Documents/GitHub/vino/vino_iPhone/Sources/Auth/AuthModels.swift /Users/cengcheng/Documents/GitHub/vino/vino_iPhone/Sources/Auth/KeychainStore.swift /Users/cengcheng/Documents/GitHub/vino/vino_iPhone/Sources/Auth/AuthSessionStore.swift /Users/cengcheng/Documents/GitHub/vino/vino_iPhone/Sources/Auth/AuthService.swift /Users/cengcheng/Documents/GitHub/vino/vino_iPhone/Sources/Models/CloudModelCatalog.swift /Users/cengcheng/Documents/GitHub/vino/vino_iPhone/Sources/Models/ModelLicenseVerifier.swift /Users/cengcheng/Documents/GitHub/vino/vino_iPhone/Sources/Networking/AssetUploadService.swift /Users/cengcheng/Documents/GitHub/vino/vino_iPhone/Sources/Networking/CloudControlCoordinator.swift /Users/cengcheng/Documents/GitHub/vino/docs/1.0.0/qa/evidence/derived-data-unthinned/Build/Intermediates.noindex/vino_iPhone.build/Debug-iphonesimulator/vino_iPhone.build/DerivedSources/GeneratedAssetSymbols.swift -supplementary-output-file-map /Users/cengcheng/Documents/GitHub/vino/docs/1.0.0/qa/evidence/derived-data-unthinned/Build/Intermediates.noindex/vino_iPhone.build/Debug-iphonesimulator/vino_iPhone.build/Objects-normal/x86_64/supplementaryOutputs-1 -emit-localized-strings -emit-localized-strings-path /Users/cengcheng/Documents/GitHub/vino/docs/1.0.0/qa/evidence/derived-data-unthinned/Build/Intermediates.noindex/vino_iPhone.build/Debug-iphonesimulator/vino_iPhone.build/Objects-normal/x86_64 -target x86_64-apple-ios17.6-simulator -enable-objc-interop -sdk /Applications/Xcode.app/Contents/Developer/Platforms/iPhoneSimulator.platform/Developer/SDKs/iPhoneSimulator18.2.sdk -I /Users/cengcheng/Documents/GitHub/vino/docs/1.0.0/qa/evidence/derived-data-unthinned/Build/Products/Debug-iphonesimulator -F /Users/cengcheng/Documents/GitHub/vino/docs/1.0.0/qa/evidence/derived-data-unthinned/Build/Products/Debug-iphonesimulator -no-color-diagnostics -enable-testing -g -debug-info-format\=dwarf -dwarf-version\=4 -module-cache-path /Users/cengcheng/Documents/GitHub/vino/docs/1.0.0/qa/evidence/derived-data-unthinned/ModuleCache.noindex -swift-version 5 -enforce-exclusivity\=checked -Onone -D DEBUG -serialize-debugging-options -const-gather-protocols-file /Users/cengcheng/Documents/GitHub/vino/docs/1.0.0/qa/evidence/derived-data-unthinned/Build/Intermediates.noindex/vino_iPhone.build/Debug-iphonesimulator/vino_iPhone.build/Objects-normal/x86_64/vino_iPhone_const_extract_protocols.json -enable-experimental-feature DebugDescriptionMacro -enable-experimental-feature OpaqueTypeErasure -enable-bare-slash-regex -empty-abi-descriptor -validate-clang-modules-once -clang-build-session-file /Users/cengcheng/Documents/GitHub/vino/docs/1.0.0/qa/evidence/derived-data-unthinned/ModuleCache.noindex/Session.modulevalidation -Xcc -working-directory -Xcc /Users/cengcheng/Documents/GitHub/vino/vino_iPhone -resource-dir /Applications/Xcode.app/Contents/Developer/Toolchains/XcodeDefault.xctoolchain/usr/lib/swift -enable-anonymous-context-mangled-names -file-compilation-dir /Users/cengcheng/Documents/GitHub/vino/vino_iPhone -Xcc -D_LIBCPP_HARDENING_MODE\=_LIBCPP_HARDENING_MODE_DEBUG -Xcc -ivfsstatcache -Xcc /Users/cengcheng/Documents/GitHub/vino/docs/1.0.0/qa/evidence/derived-data-unthinned/SDKStatCaches.noindex/iphonesimulator18.2-22C146-07b28473f605e47e75261259d3ef3b5a.sdkstatcache -Xcc -I/Users/cengcheng/Documents/GitHub/vino/docs/1.0.0/qa/evidence/derived-data-unthinned/Build/Intermediates.noindex/vino_iPhone.build/Debug-iphonesimulator/vino_iPhone.build/swift-overrides.hmap -Xcc -iquote -Xcc /Users/cengcheng/Documents/GitHub/vino/docs/1.0.0/qa/evidence/derived-data-unthinned/Build/Intermediates.noindex/vino_iPhone.build/Debug-iphonesimulator/vino_iPhone.build/灵眼GX-generated-files.hmap -Xcc -I/Users/cengcheng/Documents/GitHub/vino/docs/1.0.0/qa/evidence/derived-data-unthinned/Build/Intermediates.noindex/vino_iPhone.build/Debug-iphonesimulator/vino_iPhone.build/灵眼GX-own-target-headers.hmap -Xcc -I/Users/cengcheng/Documents/GitHub/vino/docs/1.0.0/qa/evidence/derived-data-unthinned/Build/Intermediates.noindex/vino_iPhone.build/Debug-iphonesimulator/vino_iPhone.build/灵眼GX-all-target-headers.hmap -Xcc -iquote -Xcc /Users/cengcheng/Documents/GitHub/vino/docs/1.0.0/qa/evidence/derived-data-unthinned/Build/Intermediates.noindex/vino_iPhone.build/Debug-iphonesimulator/vino_iPhone.build/灵眼GX-project-headers.hmap -Xcc -I/Users/cengcheng/Documents/GitHub/vino/docs/1.0.0/qa/evidence/derived-data-unthinned/Build/Products/Debug-iphonesimulator/include -Xcc -I/Users/cengcheng/Documents/GitHub/vino/docs/1.0.0/qa/evidence/derived-data-unthinned/Build/Intermediates.noindex/vino_iPhone.build/Debug-iphonesimulator/vino_iPhone.build/DerivedSources-normal/x86_64 -Xcc -I/Users/cengcheng/Documents/GitHub/vino/docs/1.0.0/qa/evidence/derived-data-unthinned/Build/Intermediates.noindex/vino_iPhone.build/Debug-iphonesimulator/vino_iPhone.build/DerivedSources/x86_64 -Xcc -I/Users/cengcheng/Documents/GitHub/vino/docs/1.0.0/qa/evidence/derived-data-unthinned/Build/Intermediates.noindex/vino_iPhone.build/Debug-iphonesimulator/vino_iPhone.build/DerivedSources -Xcc -DDEBUG\=1 -module-name vino_iPhone -frontend-parseable-output -disable-clang-spi -target-sdk-version 18.2 -target-sdk-name iphonesimulator18.2 -external-plugin-path /Applications/Xcode.app/Contents/Developer/Platforms/iPhoneOS.platform/Developer/usr/lib/swift/host/plugins\#/Applications/Xcode.app/Contents/Developer/Platforms/iPhoneOS.platform/Developer/usr/bin/swift-plugin-server -external-plugin-path /Applications/Xcode.app/Contents/Developer/Platforms/iPhoneOS.platform/Developer/usr/local/lib/swift/host/plugins\#/Applications/Xcode.app/Contents/Developer/Platforms/iPhoneOS.platform/Developer/usr/bin/swift-plugin-server -plugin-path /Applications/Xcode.app/Contents/Developer/Toolchains/XcodeDefault.xctoolchain/usr/lib/swift/host/plugins -plugin-path /Applications/Xcode.app/Contents/Developer/Toolchains/XcodeDefault.xctoolchain/usr/local/lib/swift/host/plugins -o /Users/cengcheng/Documents/GitHub/vino/docs/1.0.0/qa/evidence/derived-data-unthinned/Build/Intermediates.noindex/vino_iPhone.build/Debug-iphonesimulator/vino_iPhone.build/Objects-normal/x86_64/VinoPhoneApp.o -o /Users/cengcheng/Documents/GitHub/vino/docs/1.0.0/qa/evidence/derived-data-unthinned/Build/Intermediates.noindex/vino_iPhone.build/Debug-iphonesimulator/vino_iPhone.build/Objects-normal/x86_64/VinoPhoneShellView.o -o /Users/cengcheng/Documents/GitHub/vino/docs/1.0.0/qa/evidence/derived-data-unthinned/Build/Intermediates.noindex/vino_iPhone.build/Debug-iphonesimulator/vino_iPhone.build/Objects-normal/x86_64/CameraPreviewView.o -index-unit-output-path /vino_iPhone.build/Debug-iphonesimulator/vino_iPhone.build/Objects-normal/x86_64/VinoPhoneApp.o -index-unit-output-path /vino_iPhone.build/Debug-iphonesimulator/vino_iPhone.build/Objects-normal/x86_64/VinoPhoneShellView.o -index-unit-output-path /vino_iPhone.build/Debug-iphonesimulator/vino_iPhone.build/Objects-normal/x86_64/CameraPreviewView.o -index-store-path /Users/cengcheng/Documents/GitHub/vino/docs/1.0.0/qa/evidence/derived-data-unthinned/Index.noindex/DataStore -index-system-modules

SwiftCompile normal x86_64 /Users/cengcheng/Documents/GitHub/vino/vino_iPhone/Sources/Camera/CameraPreviewView.swift (in target 'vino_iPhone' from project 'vino_iPhone')
    cd /Users/cengcheng/Documents/GitHub/vino/vino_iPhone
    /Applications/Xcode.app/Contents/Developer/Toolchains/XcodeDefault.xctoolchain/usr/bin/swift-frontend -c -primary-file /Users/cengcheng/Documents/GitHub/vino/vino_iPhone/AppHost/VinoPhoneApp.swift -primary-file /Users/cengcheng/Documents/GitHub/vino/vino_iPhone/Sources/App/VinoPhoneShellView.swift -primary-file /Users/cengcheng/Documents/GitHub/vino/vino_iPhone/Sources/Camera/CameraPreviewView.swift /Users/cengcheng/Documents/GitHub/vino/vino_iPhone/Sources/Camera/CameraSessionController.swift /Users/cengcheng/Documents/GitHub/vino/vino_iPhone/Sources/Inference/InferenceRuntime.swift /Users/cengcheng/Documents/GitHub/vino/vino_iPhone/Sources/Models/CoreMLCatalog.swift /Users/cengcheng/Documents/GitHub/vino/vino_iPhone/Sources/Models/InferenceModels.swift /Users/cengcheng/Documents/GitHub/vino/vino_iPhone/Sources/Models/ModelFileStore.swift /Users/cengcheng/Documents/GitHub/vino/vino_iPhone/Sources/Models/VinoAppState.swift /Users/cengcheng/Documents/GitHub/vino/vino_iPhone/Sources/Models/VinoTheme.swift /Users/cengcheng/Documents/GitHub/vino/vino_iPhone/Sources/Networking/ControlPlaneCoordinator.swift /Users/cengcheng/Documents/GitHub/vino/vino_iPhone/Sources/Networking/IPAddressMonitor.swift /Users/cengcheng/Documents/GitHub/vino/vino_iPhone/Sources/Networking/VinoProtocol.swift /Users/cengcheng/Documents/GitHub/vino/vino_iPhone/Sources/Overlay/CameraOverlayView.swift /Users/cengcheng/Documents/GitHub/vino/vino_iPhone/Sources/Overlay/InferenceResultsOverlayView.swift /Users/cengcheng/Documents/GitHub/vino/vino_iPhone/Sources/Auth/AuthModels.swift /Users/cengcheng/Documents/GitHub/vino/vino_iPhone/Sources/Auth/KeychainStore.swift /Users/cengcheng/Documents/GitHub/vino/vino_iPhone/Sources/Auth/AuthSessionStore.swift /Users/cengcheng/Documents/GitHub/vino/vino_iPhone/Sources/Auth/AuthService.swift /Users/cengcheng/Documents/GitHub/vino/vino_iPhone/Sources/Models/CloudModelCatalog.swift /Users/cengcheng/Documents/GitHub/vino/vino_iPhone/Sources/Models/ModelLicenseVerifier.swift /Users/cengcheng/Documents/GitHub/vino/vino_iPhone/Sources/Networking/AssetUploadService.swift /Users/cengcheng/Documents/GitHub/vino/vino_iPhone/Sources/Networking/CloudControlCoordinator.swift /Users/cengcheng/Documents/GitHub/vino/docs/1.0.0/qa/evidence/derived-data-unthinned/Build/Intermediates.noindex/vino_iPhone.build/Debug-iphonesimulator/vino_iPhone.build/DerivedSources/GeneratedAssetSymbols.swift -supplementary-output-file-map /Users/cengcheng/Documents/GitHub/vino/docs/1.0.0/qa/evidence/derived-data-unthinned/Build/Intermediates.noindex/vino_iPhone.build/Debug-iphonesimulator/vino_iPhone.build/Objects-normal/x86_64/supplementaryOutputs-1 -emit-localized-strings -emit-localized-strings-path /Users/cengcheng/Documents/GitHub/vino/docs/1.0.0/qa/evidence/derived-data-unthinned/Build/Intermediates.noindex/vino_iPhone.build/Debug-iphonesimulator/vino_iPhone.build/Objects-normal/x86_64 -target x86_64-apple-ios17.6-simulator -enable-objc-interop -sdk /Applications/Xcode.app/Contents/Developer/Platforms/iPhoneSimulator.platform/Developer/SDKs/iPhoneSimulator18.2.sdk -I /Users/cengcheng/Documents/GitHub/vino/docs/1.0.0/qa/evidence/derived-data-unthinned/Build/Products/Debug-iphonesimulator -F /Users/cengcheng/Documents/GitHub/vino/docs/1.0.0/qa/evidence/derived-data-unthinned/Build/Products/Debug-iphonesimulator -no-color-diagnostics -enable-testing -g -debug-info-format\=dwarf -dwarf-version\=4 -module-cache-path /Users/cengcheng/Documents/GitHub/vino/docs/1.0.0/qa/evidence/derived-data-unthinned/ModuleCache.noindex -swift-version 5 -enforce-exclusivity\=checked -Onone -D DEBUG -serialize-debugging-options -const-gather-protocols-file /Users/cengcheng/Documents/GitHub/vino/docs/1.0.0/qa/evidence/derived-data-unthinned/Build/Intermediates.noindex/vino_iPhone.build/Debug-iphonesimulator/vino_iPhone.build/Objects-normal/x86_64/vino_iPhone_const_extract_protocols.json -enable-experimental-feature DebugDescriptionMacro -enable-experimental-feature OpaqueTypeErasure -enable-bare-slash-regex -empty-abi-descriptor -validate-clang-modules-once -clang-build-session-file /Users/cengcheng/Documents/GitHub/vino/docs/1.0.0/qa/evidence/derived-data-unthinned/ModuleCache.noindex/Session.modulevalidation -Xcc -working-directory -Xcc /Users/cengcheng/Documents/GitHub/vino/vino_iPhone -resource-dir /Applications/Xcode.app/Contents/Developer/Toolchains/XcodeDefault.xctoolchain/usr/lib/swift -enable-anonymous-context-mangled-names -file-compilation-dir /Users/cengcheng/Documents/GitHub/vino/vino_iPhone -Xcc -D_LIBCPP_HARDENING_MODE\=_LIBCPP_HARDENING_MODE_DEBUG -Xcc -ivfsstatcache -Xcc /Users/cengcheng/Documents/GitHub/vino/docs/1.0.0/qa/evidence/derived-data-unthinned/SDKStatCaches.noindex/iphonesimulator18.2-22C146-07b28473f605e47e75261259d3ef3b5a.sdkstatcache -Xcc -I/Users/cengcheng/Documents/GitHub/vino/docs/1.0.0/qa/evidence/derived-data-unthinned/Build/Intermediates.noindex/vino_iPhone.build/Debug-iphonesimulator/vino_iPhone.build/swift-overrides.hmap -Xcc -iquote -Xcc /Users/cengcheng/Documents/GitHub/vino/docs/1.0.0/qa/evidence/derived-data-unthinned/Build/Intermediates.noindex/vino_iPhone.build/Debug-iphonesimulator/vino_iPhone.build/灵眼GX-generated-files.hmap -Xcc -I/Users/cengcheng/Documents/GitHub/vino/docs/1.0.0/qa/evidence/derived-data-unthinned/Build/Intermediates.noindex/vino_iPhone.build/Debug-iphonesimulator/vino_iPhone.build/灵眼GX-own-target-headers.hmap -Xcc -I/Users/cengcheng/Documents/GitHub/vino/docs/1.0.0/qa/evidence/derived-data-unthinned/Build/Intermediates.noindex/vino_iPhone.build/Debug-iphonesimulator/vino_iPhone.build/灵眼GX-all-target-headers.hmap -Xcc -iquote -Xcc /Users/cengcheng/Documents/GitHub/vino/docs/1.0.0/qa/evidence/derived-data-unthinned/Build/Intermediates.noindex/vino_iPhone.build/Debug-iphonesimulator/vino_iPhone.build/灵眼GX-project-headers.hmap -Xcc -I/Users/cengcheng/Documents/GitHub/vino/docs/1.0.0/qa/evidence/derived-data-unthinned/Build/Products/Debug-iphonesimulator/include -Xcc -I/Users/cengcheng/Documents/GitHub/vino/docs/1.0.0/qa/evidence/derived-data-unthinned/Build/Intermediates.noindex/vino_iPhone.build/Debug-iphonesimulator/vino_iPhone.build/DerivedSources-normal/x86_64 -Xcc -I/Users/cengcheng/Documents/GitHub/vino/docs/1.0.0/qa/evidence/derived-data-unthinned/Build/Intermediates.noindex/vino_iPhone.build/Debug-iphonesimulator/vino_iPhone.build/DerivedSources/x86_64 -Xcc -I/Users/cengcheng/Documents/GitHub/vino/docs/1.0.0/qa/evidence/derived-data-unthinned/Build/Intermediates.noindex/vino_iPhone.build/Debug-iphonesimulator/vino_iPhone.build/DerivedSources -Xcc -DDEBUG\=1 -module-name vino_iPhone -frontend-parseable-output -disable-clang-spi -target-sdk-version 18.2 -target-sdk-name iphonesimulator18.2 -external-plugin-path /Applications/Xcode.app/Contents/Developer/Platforms/iPhoneOS.platform/Developer/usr/lib/swift/host/plugins\#/Applications/Xcode.app/Contents/Developer/Platforms/iPhoneOS.platform/Developer/usr/bin/swift-plugin-server -external-plugin-path /Applications/Xcode.app/Contents/Developer/Platforms/iPhoneOS.platform/Developer/usr/local/lib/swift/host/plugins\#/Applications/Xcode.app/Contents/Developer/Platforms/iPhoneOS.platform/Developer/usr/bin/swift-plugin-server -plugin-path /Applications/Xcode.app/Contents/Developer/Toolchains/XcodeDefault.xctoolchain/usr/lib/swift/host/plugins -plugin-path /Applications/Xcode.app/Contents/Developer/Toolchains/XcodeDefault.xctoolchain/usr/local/lib/swift/host/plugins -o /Users/cengcheng/Documents/GitHub/vino/docs/1.0.0/qa/evidence/derived-data-unthinned/Build/Intermediates.noindex/vino_iPhone.build/Debug-iphonesimulator/vino_iPhone.build/Objects-normal/x86_64/VinoPhoneApp.o -o /Users/cengcheng/Documents/GitHub/vino/docs/1.0.0/qa/evidence/derived-data-unthinned/Build/Intermediates.noindex/vino_iPhone.build/Debug-iphonesimulator/vino_iPhone.build/Objects-normal/x86_64/VinoPhoneShellView.o -o /Users/cengcheng/Documents/GitHub/vino/docs/1.0.0/qa/evidence/derived-data-unthinned/Build/Intermediates.noindex/vino_iPhone.build/Debug-iphonesimulator/vino_iPhone.build/Objects-normal/x86_64/CameraPreviewView.o -index-unit-output-path /vino_iPhone.build/Debug-iphonesimulator/vino_iPhone.build/Objects-normal/x86_64/VinoPhoneApp.o -index-unit-output-path /vino_iPhone.build/Debug-iphonesimulator/vino_iPhone.build/Objects-normal/x86_64/VinoPhoneShellView.o -index-unit-output-path /vino_iPhone.build/Debug-iphonesimulator/vino_iPhone.build/Objects-normal/x86_64/CameraPreviewView.o -index-store-path /Users/cengcheng/Documents/GitHub/vino/docs/1.0.0/qa/evidence/derived-data-unthinned/Index.noindex/DataStore -index-system-modules

SwiftCompile normal x86_64 Compiling\ InferenceResultsOverlayView.swift,\ AuthModels.swift /Users/cengcheng/Documents/GitHub/vino/vino_iPhone/Sources/Overlay/InferenceResultsOverlayView.swift /Users/cengcheng/Documents/GitHub/vino/vino_iPhone/Sources/Auth/AuthModels.swift (in target 'vino_iPhone' from project 'vino_iPhone')
    cd /Users/cengcheng/Documents/GitHub/vino/vino_iPhone
    builtin-swiftTaskExecution -- /Applications/Xcode.app/Contents/Developer/Toolchains/XcodeDefault.xctoolchain/usr/bin/swift-frontend -frontend -c /Users/cengcheng/Documents/GitHub/vino/vino_iPhone/AppHost/VinoPhoneApp.swift /Users/cengcheng/Documents/GitHub/vino/vino_iPhone/Sources/App/VinoPhoneShellView.swift /Users/cengcheng/Documents/GitHub/vino/vino_iPhone/Sources/Camera/CameraPreviewView.swift /Users/cengcheng/Documents/GitHub/vino/vino_iPhone/Sources/Camera/CameraSessionController.swift /Users/cengcheng/Documents/GitHub/vino/vino_iPhone/Sources/Inference/InferenceRuntime.swift /Users/cengcheng/Documents/GitHub/vino/vino_iPhone/Sources/Models/CoreMLCatalog.swift /Users/cengcheng/Documents/GitHub/vino/vino_iPhone/Sources/Models/InferenceModels.swift /Users/cengcheng/Documents/GitHub/vino/vino_iPhone/Sources/Models/ModelFileStore.swift /Users/cengcheng/Documents/GitHub/vino/vino_iPhone/Sources/Models/VinoAppState.swift /Users/cengcheng/Documents/GitHub/vino/vino_iPhone/Sources/Models/VinoTheme.swift /Users/cengcheng/Documents/GitHub/vino/vino_iPhone/Sources/Networking/ControlPlaneCoordinator.swift /Users/cengcheng/Documents/GitHub/vino/vino_iPhone/Sources/Networking/IPAddressMonitor.swift /Users/cengcheng/Documents/GitHub/vino/vino_iPhone/Sources/Networking/VinoProtocol.swift /Users/cengcheng/Documents/GitHub/vino/vino_iPhone/Sources/Overlay/CameraOverlayView.swift -primary-file /Users/cengcheng/Documents/GitHub/vino/vino_iPhone/Sources/Overlay/InferenceResultsOverlayView.swift -primary-file /Users/cengcheng/Documents/GitHub/vino/vino_iPhone/Sources/Auth/AuthModels.swift /Users/cengcheng/Documents/GitHub/vino/vino_iPhone/Sources/Auth/KeychainStore.swift /Users/cengcheng/Documents/GitHub/vino/vino_iPhone/Sources/Auth/AuthSessionStore.swift /Users/cengcheng/Documents/GitHub/vino/vino_iPhone/Sources/Auth/AuthService.swift /Users/cengcheng/Documents/GitHub/vino/vino_iPhone/Sources/Models/CloudModelCatalog.swift /Users/cengcheng/Documents/GitHub/vino/vino_iPhone/Sources/Models/ModelLicenseVerifier.swift /Users/cengcheng/Documents/GitHub/vino/vino_iPhone/Sources/Networking/AssetUploadService.swift /Users/cengcheng/Documents/GitHub/vino/vino_iPhone/Sources/Networking/CloudControlCoordinator.swift /Users/cengcheng/Documents/GitHub/vino/docs/1.0.0/qa/evidence/derived-data-unthinned/Build/Intermediates.noindex/vino_iPhone.build/Debug-iphonesimulator/vino_iPhone.build/DerivedSources/GeneratedAssetSymbols.swift -emit-dependencies-path /Users/cengcheng/Documents/GitHub/vino/docs/1.0.0/qa/evidence/derived-data-unthinned/Build/Intermediates.noindex/vino_iPhone.build/Debug-iphonesimulator/vino_iPhone.build/Objects-normal/x86_64/InferenceResultsOverlayView.d -emit-const-values-path /Users/cengcheng/Documents/GitHub/vino/docs/1.0.0/qa/evidence/derived-data-unthinned/Build/Intermediates.noindex/vino_iPhone.build/Debug-iphonesimulator/vino_iPhone.build/Objects-normal/x86_64/InferenceResultsOverlayView.swiftconstvalues -emit-reference-dependencies-path /Users/cengcheng/Documents/GitHub/vino/docs/1.0.0/qa/evidence/derived-data-unthinned/Build/Intermediates.noindex/vino_iPhone.build/Debug-iphonesimulator/vino_iPhone.build/Objects-normal/x86_64/InferenceResultsOverlayView.swiftdeps -serialize-diagnostics-path /Users/cengcheng/Documents/GitHub/vino/docs/1.0.0/qa/evidence/derived-data-unthinned/Build/Intermediates.noindex/vino_iPhone.build/Debug-iphonesimulator/vino_iPhone.build/Objects-normal/x86_64/InferenceResultsOverlayView.dia -emit-dependencies-path /Users/cengcheng/Documents/GitHub/vino/docs/1.0.0/qa/evidence/derived-data-unthinned/Build/Intermediates.noindex/vino_iPhone.build/Debug-iphonesimulator/vino_iPhone.build/Objects-normal/x86_64/AuthModels.d -emit-const-values-path /Users/cengcheng/Documents/GitHub/vino/docs/1.0.0/qa/evidence/derived-data-unthinned/Build/Intermediates.noindex/vino_iPhone.build/Debug-iphonesimulator/vino_iPhone.build/Objects-normal/x86_64/AuthModels.swiftconstvalues -emit-reference-dependencies-path /Users/cengcheng/Documents/GitHub/vino/docs/1.0.0/qa/evidence/derived-data-unthinned/Build/Intermediates.noindex/vino_iPhone.build/Debug-iphonesimulator/vino_iPhone.build/Objects-normal/x86_64/AuthModels.swiftdeps -serialize-diagnostics-path /Users/cengcheng/Documents/GitHub/vino/docs/1.0.0/qa/evidence/derived-data-unthinned/Build/Intermediates.noindex/vino_iPhone.build/Debug-iphonesimulator/vino_iPhone.build/Objects-normal/x86_64/AuthModels.dia -emit-localized-strings -emit-localized-strings-path /Users/cengcheng/Documents/GitHub/vino/docs/1.0.0/qa/evidence/derived-data-unthinned/Build/Intermediates.noindex/vino_iPhone.build/Debug-iphonesimulator/vino_iPhone.build/Objects-normal/x86_64 -target x86_64-apple-ios17.6-simulator -enable-objc-interop -sdk /Applications/Xcode.app/Contents/Developer/Platforms/iPhoneSimulator.platform/Developer/SDKs/iPhoneSimulator18.2.sdk -I /Users/cengcheng/Documents/GitHub/vino/docs/1.0.0/qa/evidence/derived-data-unthinned/Build/Products/Debug-iphonesimulator -F /Users/cengcheng/Documents/GitHub/vino/docs/1.0.0/qa/evidence/derived-data-unthinned/Build/Products/Debug-iphonesimulator -no-color-diagnostics -enable-testing -g -debug-info-format\=dwarf -dwarf-version\=4 -module-cache-path /Users/cengcheng/Documents/GitHub/vino/docs/1.0.0/qa/evidence/derived-data-unthinned/ModuleCache.noindex -swift-version 5 -enforce-exclusivity\=checked -Onone -D DEBUG -serialize-debugging-options -const-gather-protocols-file /Users/cengcheng/Documents/GitHub/vino/docs/1.0.0/qa/evidence/derived-data-unthinned/Build/Intermediates.noindex/vino_iPhone.build/Debug-iphonesimulator/vino_iPhone.build/Objects-normal/x86_64/vino_iPhone_const_extract_protocols.json -enable-experimental-feature DebugDescriptionMacro -enable-experimental-feature OpaqueTypeErasure -enable-bare-slash-regex -empty-abi-descriptor -validate-clang-modules-once -clang-build-session-file /Users/cengcheng/Documents/GitHub/vino/docs/1.0.0/qa/evidence/derived-data-unthinned/ModuleCache.noindex/Session.modulevalidation -Xcc -working-directory -Xcc /Users/cengcheng/Documents/GitHub/vino/vino_iPhone -resource-dir /Applications/Xcode.app/Contents/Developer/Toolchains/XcodeDefault.xctoolchain/usr/lib/swift -enable-anonymous-context-mangled-names -file-compilation-dir /Users/cengcheng/Documents/GitHub/vino/vino_iPhone -Xcc -D_LIBCPP_HARDENING_MODE\=_LIBCPP_HARDENING_MODE_DEBUG -Xcc -ivfsstatcache -Xcc /Users/cengcheng/Documents/GitHub/vino/docs/1.0.0/qa/evidence/derived-data-unthinned/SDKStatCaches.noindex/iphonesimulator18.2-22C146-07b28473f605e47e75261259d3ef3b5a.sdkstatcache -Xcc -I/Users/cengcheng/Documents/GitHub/vino/docs/1.0.0/qa/evidence/derived-data-unthinned/Build/Intermediates.noindex/vino_iPhone.build/Debug-iphonesimulator/vino_iPhone.build/swift-overrides.hmap -Xcc -iquote -Xcc /Users/cengcheng/Documents/GitHub/vino/docs/1.0.0/qa/evidence/derived-data-unthinned/Build/Intermediates.noindex/vino_iPhone.build/Debug-iphonesimulator/vino_iPhone.build/灵眼GX-generated-files.hmap -Xcc -I/Users/cengcheng/Documents/GitHub/vino/docs/1.0.0/qa/evidence/derived-data-unthinned/Build/Intermediates.noindex/vino_iPhone.build/Debug-iphonesimulator/vino_iPhone.build/灵眼GX-own-target-headers.hmap -Xcc -I/Users/cengcheng/Documents/GitHub/vino/docs/1.0.0/qa/evidence/derived-data-unthinned/Build/Intermediates.noindex/vino_iPhone.build/Debug-iphonesimulator/vino_iPhone.build/灵眼GX-all-target-headers.hmap -Xcc -iquote -Xcc /Users/cengcheng/Documents/GitHub/vino/docs/1.0.0/qa/evidence/derived-data-unthinned/Build/Intermediates.noindex/vino_iPhone.build/Debug-iphonesimulator/vino_iPhone.build/灵眼GX-project-headers.hmap -Xcc -I/Users/cengcheng/Documents/GitHub/vino/docs/1.0.0/qa/evidence/derived-data-unthinned/Build/Products/Debug-iphonesimulator/include -Xcc -I/Users/cengcheng/Documents/GitHub/vino/docs/1.0.0/qa/evidence/derived-data-unthinned/Build/Intermediates.noindex/vino_iPhone.build/Debug-iphonesimulator/vino_iPhone.build/DerivedSources-normal/x86_64 -Xcc -I/Users/cengcheng/Documents/GitHub/vino/docs/1.0.0/qa/evidence/derived-data-unthinned/Build/Intermediates.noindex/vino_iPhone.build/Debug-iphonesimulator/vino_iPhone.build/DerivedSources/x86_64 -Xcc -I/Users/cengcheng/Documents/GitHub/vino/docs/1.0.0/qa/evidence/derived-data-unthinned/Build/Intermediates.noindex/vino_iPhone.build/Debug-iphonesimulator/vino_iPhone.build/DerivedSources -Xcc -DDEBUG\=1 -module-name vino_iPhone -frontend-parseable-output -disable-clang-spi -target-sdk-version 18.2 -target-sdk-name iphonesimulator18.2 -external-plugin-path /Applications/Xcode.app/Contents/Developer/Platforms/iPhoneOS.platform/Developer/usr/lib/swift/host/plugins\#/Applications/Xcode.app/Contents/Developer/Platforms/iPhoneOS.platform/Developer/usr/bin/swift-plugin-server -external-plugin-path /Applications/Xcode.app/Contents/Developer/Platforms/iPhoneOS.platform/Developer/usr/local/lib/swift/host/plugins\#/Applications/Xcode.app/Contents/Developer/Platforms/iPhoneOS.platform/Developer/usr/bin/swift-plugin-server -plugin-path /Applications/Xcode.app/Contents/Developer/Toolchains/XcodeDefault.xctoolchain/usr/lib/swift/host/plugins -plugin-path /Applications/Xcode.app/Contents/Developer/Toolchains/XcodeDefault.xctoolchain/usr/local/lib/swift/host/plugins -o /Users/cengcheng/Documents/GitHub/vino/docs/1.0.0/qa/evidence/derived-data-unthinned/Build/Intermediates.noindex/vino_iPhone.build/Debug-iphonesimulator/vino_iPhone.build/Objects-normal/x86_64/InferenceResultsOverlayView.o -o /Users/cengcheng/Documents/GitHub/vino/docs/1.0.0/qa/evidence/derived-data-unthinned/Build/Intermediates.noindex/vino_iPhone.build/Debug-iphonesimulator/vino_iPhone.build/Objects-normal/x86_64/AuthModels.o -index-unit-output-path /vino_iPhone.build/Debug-iphonesimulator/vino_iPhone.build/Objects-normal/x86_64/InferenceResultsOverlayView.o -index-unit-output-path /vino_iPhone.build/Debug-iphonesimulator/vino_iPhone.build/Objects-normal/x86_64/AuthModels.o -index-store-path /Users/cengcheng/Documents/GitHub/vino/docs/1.0.0/qa/evidence/derived-data-unthinned/Index.noindex/DataStore -index-system-modules
SwiftCompile normal x86_64 /Users/cengcheng/Documents/GitHub/vino/vino_iPhone/Sources/Overlay/InferenceResultsOverlayView.swift (in target 'vino_iPhone' from project 'vino_iPhone')
    cd /Users/cengcheng/Documents/GitHub/vino/vino_iPhone
    /Applications/Xcode.app/Contents/Developer/Toolchains/XcodeDefault.xctoolchain/usr/bin/swift-frontend -c /Users/cengcheng/Documents/GitHub/vino/vino_iPhone/AppHost/VinoPhoneApp.swift /Users/cengcheng/Documents/GitHub/vino/vino_iPhone/Sources/App/VinoPhoneShellView.swift /Users/cengcheng/Documents/GitHub/vino/vino_iPhone/Sources/Camera/CameraPreviewView.swift /Users/cengcheng/Documents/GitHub/vino/vino_iPhone/Sources/Camera/CameraSessionController.swift /Users/cengcheng/Documents/GitHub/vino/vino_iPhone/Sources/Inference/InferenceRuntime.swift /Users/cengcheng/Documents/GitHub/vino/vino_iPhone/Sources/Models/CoreMLCatalog.swift /Users/cengcheng/Documents/GitHub/vino/vino_iPhone/Sources/Models/InferenceModels.swift /Users/cengcheng/Documents/GitHub/vino/vino_iPhone/Sources/Models/ModelFileStore.swift /Users/cengcheng/Documents/GitHub/vino/vino_iPhone/Sources/Models/VinoAppState.swift /Users/cengcheng/Documents/GitHub/vino/vino_iPhone/Sources/Models/VinoTheme.swift /Users/cengcheng/Documents/GitHub/vino/vino_iPhone/Sources/Networking/ControlPlaneCoordinator.swift /Users/cengcheng/Documents/GitHub/vino/vino_iPhone/Sources/Networking/IPAddressMonitor.swift /Users/cengcheng/Documents/GitHub/vino/vino_iPhone/Sources/Networking/VinoProtocol.swift /Users/cengcheng/Documents/GitHub/vino/vino_iPhone/Sources/Overlay/CameraOverlayView.swift -primary-file /Users/cengcheng/Documents/GitHub/vino/vino_iPhone/Sources/Overlay/InferenceResultsOverlayView.swift -primary-file /Users/cengcheng/Documents/GitHub/vino/vino_iPhone/Sources/Auth/AuthModels.swift /Users/cengcheng/Documents/GitHub/vino/vino_iPhone/Sources/Auth/KeychainStore.swift /Users/cengcheng/Documents/GitHub/vino/vino_iPhone/Sources/Auth/AuthSessionStore.swift /Users/cengcheng/Documents/GitHub/vino/vino_iPhone/Sources/Auth/AuthService.swift /Users/cengcheng/Documents/GitHub/vino/vino_iPhone/Sources/Models/CloudModelCatalog.swift /Users/cengcheng/Documents/GitHub/vino/vino_iPhone/Sources/Models/ModelLicenseVerifier.swift /Users/cengcheng/Documents/GitHub/vino/vino_iPhone/Sources/Networking/AssetUploadService.swift /Users/cengcheng/Documents/GitHub/vino/vino_iPhone/Sources/Networking/CloudControlCoordinator.swift /Users/cengcheng/Documents/GitHub/vino/docs/1.0.0/qa/evidence/derived-data-unthinned/Build/Intermediates.noindex/vino_iPhone.build/Debug-iphonesimulator/vino_iPhone.build/DerivedSources/GeneratedAssetSymbols.swift -emit-dependencies-path /Users/cengcheng/Documents/GitHub/vino/docs/1.0.0/qa/evidence/derived-data-unthinned/Build/Intermediates.noindex/vino_iPhone.build/Debug-iphonesimulator/vino_iPhone.build/Objects-normal/x86_64/InferenceResultsOverlayView.d -emit-const-values-path /Users/cengcheng/Documents/GitHub/vino/docs/1.0.0/qa/evidence/derived-data-unthinned/Build/Intermediates.noindex/vino_iPhone.build/Debug-iphonesimulator/vino_iPhone.build/Objects-normal/x86_64/InferenceResultsOverlayView.swiftconstvalues -emit-reference-dependencies-path /Users/cengcheng/Documents/GitHub/vino/docs/1.0.0/qa/evidence/derived-data-unthinned/Build/Intermediates.noindex/vino_iPhone.build/Debug-iphonesimulator/vino_iPhone.build/Objects-normal/x86_64/InferenceResultsOverlayView.swiftdeps -serialize-diagnostics-path /Users/cengcheng/Documents/GitHub/vino/docs/1.0.0/qa/evidence/derived-data-unthinned/Build/Intermediates.noindex/vino_iPhone.build/Debug-iphonesimulator/vino_iPhone.build/Objects-normal/x86_64/InferenceResultsOverlayView.dia -emit-dependencies-path /Users/cengcheng/Documents/GitHub/vino/docs/1.0.0/qa/evidence/derived-data-unthinned/Build/Intermediates.noindex/vino_iPhone.build/Debug-iphonesimulator/vino_iPhone.build/Objects-normal/x86_64/AuthModels.d -emit-const-values-path /Users/cengcheng/Documents/GitHub/vino/docs/1.0.0/qa/evidence/derived-data-unthinned/Build/Intermediates.noindex/vino_iPhone.build/Debug-iphonesimulator/vino_iPhone.build/Objects-normal/x86_64/AuthModels.swiftconstvalues -emit-reference-dependencies-path /Users/cengcheng/Documents/GitHub/vino/docs/1.0.0/qa/evidence/derived-data-unthinned/Build/Intermediates.noindex/vino_iPhone.build/Debug-iphonesimulator/vino_iPhone.build/Objects-normal/x86_64/AuthModels.swiftdeps -serialize-diagnostics-path /Users/cengcheng/Documents/GitHub/vino/docs/1.0.0/qa/evidence/derived-data-unthinned/Build/Intermediates.noindex/vino_iPhone.build/Debug-iphonesimulator/vino_iPhone.build/Objects-normal/x86_64/AuthModels.dia -emit-localized-strings -emit-localized-strings-path /Users/cengcheng/Documents/GitHub/vino/docs/1.0.0/qa/evidence/derived-data-unthinned/Build/Intermediates.noindex/vino_iPhone.build/Debug-iphonesimulator/vino_iPhone.build/Objects-normal/x86_64 -target x86_64-apple-ios17.6-simulator -enable-objc-interop -sdk /Applications/Xcode.app/Contents/Developer/Platforms/iPhoneSimulator.platform/Developer/SDKs/iPhoneSimulator18.2.sdk -I /Users/cengcheng/Documents/GitHub/vino/docs/1.0.0/qa/evidence/derived-data-unthinned/Build/Products/Debug-iphonesimulator -F /Users/cengcheng/Documents/GitHub/vino/docs/1.0.0/qa/evidence/derived-data-unthinned/Build/Products/Debug-iphonesimulator -no-color-diagnostics -enable-testing -g -debug-info-format\=dwarf -dwarf-version\=4 -module-cache-path /Users/cengcheng/Documents/GitHub/vino/docs/1.0.0/qa/evidence/derived-data-unthinned/ModuleCache.noindex -swift-version 5 -enforce-exclusivity\=checked -Onone -D DEBUG -serialize-debugging-options -const-gather-protocols-file /Users/cengcheng/Documents/GitHub/vino/docs/1.0.0/qa/evidence/derived-data-unthinned/Build/Intermediates.noindex/vino_iPhone.build/Debug-iphonesimulator/vino_iPhone.build/Objects-normal/x86_64/vino_iPhone_const_extract_protocols.json -enable-experimental-feature DebugDescriptionMacro -enable-experimental-feature OpaqueTypeErasure -enable-bare-slash-regex -empty-abi-descriptor -validate-clang-modules-once -clang-build-session-file /Users/cengcheng/Documents/GitHub/vino/docs/1.0.0/qa/evidence/derived-data-unthinned/ModuleCache.noindex/Session.modulevalidation -Xcc -working-directory -Xcc /Users/cengcheng/Documents/GitHub/vino/vino_iPhone -resource-dir /Applications/Xcode.app/Contents/Developer/Toolchains/XcodeDefault.xctoolchain/usr/lib/swift -enable-anonymous-context-mangled-names -file-compilation-dir /Users/cengcheng/Documents/GitHub/vino/vino_iPhone -Xcc -D_LIBCPP_HARDENING_MODE\=_LIBCPP_HARDENING_MODE_DEBUG -Xcc -ivfsstatcache -Xcc /Users/cengcheng/Documents/GitHub/vino/docs/1.0.0/qa/evidence/derived-data-unthinned/SDKStatCaches.noindex/iphonesimulator18.2-22C146-07b28473f605e47e75261259d3ef3b5a.sdkstatcache -Xcc -I/Users/cengcheng/Documents/GitHub/vino/docs/1.0.0/qa/evidence/derived-data-unthinned/Build/Intermediates.noindex/vino_iPhone.build/Debug-iphonesimulator/vino_iPhone.build/swift-overrides.hmap -Xcc -iquote -Xcc /Users/cengcheng/Documents/GitHub/vino/docs/1.0.0/qa/evidence/derived-data-unthinned/Build/Intermediates.noindex/vino_iPhone.build/Debug-iphonesimulator/vino_iPhone.build/灵眼GX-generated-files.hmap -Xcc -I/Users/cengcheng/Documents/GitHub/vino/docs/1.0.0/qa/evidence/derived-data-unthinned/Build/Intermediates.noindex/vino_iPhone.build/Debug-iphonesimulator/vino_iPhone.build/灵眼GX-own-target-headers.hmap -Xcc -I/Users/cengcheng/Documents/GitHub/vino/docs/1.0.0/qa/evidence/derived-data-unthinned/Build/Intermediates.noindex/vino_iPhone.build/Debug-iphonesimulator/vino_iPhone.build/灵眼GX-all-target-headers.hmap -Xcc -iquote -Xcc /Users/cengcheng/Documents/GitHub/vino/docs/1.0.0/qa/evidence/derived-data-unthinned/Build/Intermediates.noindex/vino_iPhone.build/Debug-iphonesimulator/vino_iPhone.build/灵眼GX-project-headers.hmap -Xcc -I/Users/cengcheng/Documents/GitHub/vino/docs/1.0.0/qa/evidence/derived-data-unthinned/Build/Products/Debug-iphonesimulator/include -Xcc -I/Users/cengcheng/Documents/GitHub/vino/docs/1.0.0/qa/evidence/derived-data-unthinned/Build/Intermediates.noindex/vino_iPhone.build/Debug-iphonesimulator/vino_iPhone.build/DerivedSources-normal/x86_64 -Xcc -I/Users/cengcheng/Documents/GitHub/vino/docs/1.0.0/qa/evidence/derived-data-unthinned/Build/Intermediates.noindex/vino_iPhone.build/Debug-iphonesimulator/vino_iPhone.build/DerivedSources/x86_64 -Xcc -I/Users/cengcheng/Documents/GitHub/vino/docs/1.0.0/qa/evidence/derived-data-unthinned/Build/Intermediates.noindex/vino_iPhone.build/Debug-iphonesimulator/vino_iPhone.build/DerivedSources -Xcc -DDEBUG\=1 -module-name vino_iPhone -frontend-parseable-output -disable-clang-spi -target-sdk-version 18.2 -target-sdk-name iphonesimulator18.2 -external-plugin-path /Applications/Xcode.app/Contents/Developer/Platforms/iPhoneOS.platform/Developer/usr/lib/swift/host/plugins\#/Applications/Xcode.app/Contents/Developer/Platforms/iPhoneOS.platform/Developer/usr/bin/swift-plugin-server -external-plugin-path /Applications/Xcode.app/Contents/Developer/Platforms/iPhoneOS.platform/Developer/usr/local/lib/swift/host/plugins\#/Applications/Xcode.app/Contents/Developer/Platforms/iPhoneOS.platform/Developer/usr/bin/swift-plugin-server -plugin-path /Applications/Xcode.app/Contents/Developer/Toolchains/XcodeDefault.xctoolchain/usr/lib/swift/host/plugins -plugin-path /Applications/Xcode.app/Contents/Developer/Toolchains/XcodeDefault.xctoolchain/usr/local/lib/swift/host/plugins -o /Users/cengcheng/Documents/GitHub/vino/docs/1.0.0/qa/evidence/derived-data-unthinned/Build/Intermediates.noindex/vino_iPhone.build/Debug-iphonesimulator/vino_iPhone.build/Objects-normal/x86_64/InferenceResultsOverlayView.o -o /Users/cengcheng/Documents/GitHub/vino/docs/1.0.0/qa/evidence/derived-data-unthinned/Build/Intermediates.noindex/vino_iPhone.build/Debug-iphonesimulator/vino_iPhone.build/Objects-normal/x86_64/AuthModels.o -index-unit-output-path /vino_iPhone.build/Debug-iphonesimulator/vino_iPhone.build/Objects-normal/x86_64/InferenceResultsOverlayView.o -index-unit-output-path /vino_iPhone.build/Debug-iphonesimulator/vino_iPhone.build/Objects-normal/x86_64/AuthModels.o -index-store-path /Users/cengcheng/Documents/GitHub/vino/docs/1.0.0/qa/evidence/derived-data-unthinned/Index.noindex/DataStore -index-system-modules

SwiftCompile normal x86_64 /Users/cengcheng/Documents/GitHub/vino/vino_iPhone/Sources/Auth/AuthModels.swift (in target 'vino_iPhone' from project 'vino_iPhone')
    cd /Users/cengcheng/Documents/GitHub/vino/vino_iPhone
    /Applications/Xcode.app/Contents/Developer/Toolchains/XcodeDefault.xctoolchain/usr/bin/swift-frontend -c /Users/cengcheng/Documents/GitHub/vino/vino_iPhone/AppHost/VinoPhoneApp.swift /Users/cengcheng/Documents/GitHub/vino/vino_iPhone/Sources/App/VinoPhoneShellView.swift /Users/cengcheng/Documents/GitHub/vino/vino_iPhone/Sources/Camera/CameraPreviewView.swift /Users/cengcheng/Documents/GitHub/vino/vino_iPhone/Sources/Camera/CameraSessionController.swift /Users/cengcheng/Documents/GitHub/vino/vino_iPhone/Sources/Inference/InferenceRuntime.swift /Users/cengcheng/Documents/GitHub/vino/vino_iPhone/Sources/Models/CoreMLCatalog.swift /Users/cengcheng/Documents/GitHub/vino/vino_iPhone/Sources/Models/InferenceModels.swift /Users/cengcheng/Documents/GitHub/vino/vino_iPhone/Sources/Models/ModelFileStore.swift /Users/cengcheng/Documents/GitHub/vino/vino_iPhone/Sources/Models/VinoAppState.swift /Users/cengcheng/Documents/GitHub/vino/vino_iPhone/Sources/Models/VinoTheme.swift /Users/cengcheng/Documents/GitHub/vino/vino_iPhone/Sources/Networking/ControlPlaneCoordinator.swift /Users/cengcheng/Documents/GitHub/vino/vino_iPhone/Sources/Networking/IPAddressMonitor.swift /Users/cengcheng/Documents/GitHub/vino/vino_iPhone/Sources/Networking/VinoProtocol.swift /Users/cengcheng/Documents/GitHub/vino/vino_iPhone/Sources/Overlay/CameraOverlayView.swift -primary-file /Users/cengcheng/Documents/GitHub/vino/vino_iPhone/Sources/Overlay/InferenceResultsOverlayView.swift -primary-file /Users/cengcheng/Documents/GitHub/vino/vino_iPhone/Sources/Auth/AuthModels.swift /Users/cengcheng/Documents/GitHub/vino/vino_iPhone/Sources/Auth/KeychainStore.swift /Users/cengcheng/Documents/GitHub/vino/vino_iPhone/Sources/Auth/AuthSessionStore.swift /Users/cengcheng/Documents/GitHub/vino/vino_iPhone/Sources/Auth/AuthService.swift /Users/cengcheng/Documents/GitHub/vino/vino_iPhone/Sources/Models/CloudModelCatalog.swift /Users/cengcheng/Documents/GitHub/vino/vino_iPhone/Sources/Models/ModelLicenseVerifier.swift /Users/cengcheng/Documents/GitHub/vino/vino_iPhone/Sources/Networking/AssetUploadService.swift /Users/cengcheng/Documents/GitHub/vino/vino_iPhone/Sources/Networking/CloudControlCoordinator.swift /Users/cengcheng/Documents/GitHub/vino/docs/1.0.0/qa/evidence/derived-data-unthinned/Build/Intermediates.noindex/vino_iPhone.build/Debug-iphonesimulator/vino_iPhone.build/DerivedSources/GeneratedAssetSymbols.swift -emit-dependencies-path /Users/cengcheng/Documents/GitHub/vino/docs/1.0.0/qa/evidence/derived-data-unthinned/Build/Intermediates.noindex/vino_iPhone.build/Debug-iphonesimulator/vino_iPhone.build/Objects-normal/x86_64/InferenceResultsOverlayView.d -emit-const-values-path /Users/cengcheng/Documents/GitHub/vino/docs/1.0.0/qa/evidence/derived-data-unthinned/Build/Intermediates.noindex/vino_iPhone.build/Debug-iphonesimulator/vino_iPhone.build/Objects-normal/x86_64/InferenceResultsOverlayView.swiftconstvalues -emit-reference-dependencies-path /Users/cengcheng/Documents/GitHub/vino/docs/1.0.0/qa/evidence/derived-data-unthinned/Build/Intermediates.noindex/vino_iPhone.build/Debug-iphonesimulator/vino_iPhone.build/Objects-normal/x86_64/InferenceResultsOverlayView.swiftdeps -serialize-diagnostics-path /Users/cengcheng/Documents/GitHub/vino/docs/1.0.0/qa/evidence/derived-data-unthinned/Build/Intermediates.noindex/vino_iPhone.build/Debug-iphonesimulator/vino_iPhone.build/Objects-normal/x86_64/InferenceResultsOverlayView.dia -emit-dependencies-path /Users/cengcheng/Documents/GitHub/vino/docs/1.0.0/qa/evidence/derived-data-unthinned/Build/Intermediates.noindex/vino_iPhone.build/Debug-iphonesimulator/vino_iPhone.build/Objects-normal/x86_64/AuthModels.d -emit-const-values-path /Users/cengcheng/Documents/GitHub/vino/docs/1.0.0/qa/evidence/derived-data-unthinned/Build/Intermediates.noindex/vino_iPhone.build/Debug-iphonesimulator/vino_iPhone.build/Objects-normal/x86_64/AuthModels.swiftconstvalues -emit-reference-dependencies-path /Users/cengcheng/Documents/GitHub/vino/docs/1.0.0/qa/evidence/derived-data-unthinned/Build/Intermediates.noindex/vino_iPhone.build/Debug-iphonesimulator/vino_iPhone.build/Objects-normal/x86_64/AuthModels.swiftdeps -serialize-diagnostics-path /Users/cengcheng/Documents/GitHub/vino/docs/1.0.0/qa/evidence/derived-data-unthinned/Build/Intermediates.noindex/vino_iPhone.build/Debug-iphonesimulator/vino_iPhone.build/Objects-normal/x86_64/AuthModels.dia -emit-localized-strings -emit-localized-strings-path /Users/cengcheng/Documents/GitHub/vino/docs/1.0.0/qa/evidence/derived-data-unthinned/Build/Intermediates.noindex/vino_iPhone.build/Debug-iphonesimulator/vino_iPhone.build/Objects-normal/x86_64 -target x86_64-apple-ios17.6-simulator -enable-objc-interop -sdk /Applications/Xcode.app/Contents/Developer/Platforms/iPhoneSimulator.platform/Developer/SDKs/iPhoneSimulator18.2.sdk -I /Users/cengcheng/Documents/GitHub/vino/docs/1.0.0/qa/evidence/derived-data-unthinned/Build/Products/Debug-iphonesimulator -F /Users/cengcheng/Documents/GitHub/vino/docs/1.0.0/qa/evidence/derived-data-unthinned/Build/Products/Debug-iphonesimulator -no-color-diagnostics -enable-testing -g -debug-info-format\=dwarf -dwarf-version\=4 -module-cache-path /Users/cengcheng/Documents/GitHub/vino/docs/1.0.0/qa/evidence/derived-data-unthinned/ModuleCache.noindex -swift-version 5 -enforce-exclusivity\=checked -Onone -D DEBUG -serialize-debugging-options -const-gather-protocols-file /Users/cengcheng/Documents/GitHub/vino/docs/1.0.0/qa/evidence/derived-data-unthinned/Build/Intermediates.noindex/vino_iPhone.build/Debug-iphonesimulator/vino_iPhone.build/Objects-normal/x86_64/vino_iPhone_const_extract_protocols.json -enable-experimental-feature DebugDescriptionMacro -enable-experimental-feature OpaqueTypeErasure -enable-bare-slash-regex -empty-abi-descriptor -validate-clang-modules-once -clang-build-session-file /Users/cengcheng/Documents/GitHub/vino/docs/1.0.0/qa/evidence/derived-data-unthinned/ModuleCache.noindex/Session.modulevalidation -Xcc -working-directory -Xcc /Users/cengcheng/Documents/GitHub/vino/vino_iPhone -resource-dir /Applications/Xcode.app/Contents/Developer/Toolchains/XcodeDefault.xctoolchain/usr/lib/swift -enable-anonymous-context-mangled-names -file-compilation-dir /Users/cengcheng/Documents/GitHub/vino/vino_iPhone -Xcc -D_LIBCPP_HARDENING_MODE\=_LIBCPP_HARDENING_MODE_DEBUG -Xcc -ivfsstatcache -Xcc /Users/cengcheng/Documents/GitHub/vino/docs/1.0.0/qa/evidence/derived-data-unthinned/SDKStatCaches.noindex/iphonesimulator18.2-22C146-07b28473f605e47e75261259d3ef3b5a.sdkstatcache -Xcc -I/Users/cengcheng/Documents/GitHub/vino/docs/1.0.0/qa/evidence/derived-data-unthinned/Build/Intermediates.noindex/vino_iPhone.build/Debug-iphonesimulator/vino_iPhone.build/swift-overrides.hmap -Xcc -iquote -Xcc /Users/cengcheng/Documents/GitHub/vino/docs/1.0.0/qa/evidence/derived-data-unthinned/Build/Intermediates.noindex/vino_iPhone.build/Debug-iphonesimulator/vino_iPhone.build/灵眼GX-generated-files.hmap -Xcc -I/Users/cengcheng/Documents/GitHub/vino/docs/1.0.0/qa/evidence/derived-data-unthinned/Build/Intermediates.noindex/vino_iPhone.build/Debug-iphonesimulator/vino_iPhone.build/灵眼GX-own-target-headers.hmap -Xcc -I/Users/cengcheng/Documents/GitHub/vino/docs/1.0.0/qa/evidence/derived-data-unthinned/Build/Intermediates.noindex/vino_iPhone.build/Debug-iphonesimulator/vino_iPhone.build/灵眼GX-all-target-headers.hmap -Xcc -iquote -Xcc /Users/cengcheng/Documents/GitHub/vino/docs/1.0.0/qa/evidence/derived-data-unthinned/Build/Intermediates.noindex/vino_iPhone.build/Debug-iphonesimulator/vino_iPhone.build/灵眼GX-project-headers.hmap -Xcc -I/Users/cengcheng/Documents/GitHub/vino/docs/1.0.0/qa/evidence/derived-data-unthinned/Build/Products/Debug-iphonesimulator/include -Xcc -I/Users/cengcheng/Documents/GitHub/vino/docs/1.0.0/qa/evidence/derived-data-unthinned/Build/Intermediates.noindex/vino_iPhone.build/Debug-iphonesimulator/vino_iPhone.build/DerivedSources-normal/x86_64 -Xcc -I/Users/cengcheng/Documents/GitHub/vino/docs/1.0.0/qa/evidence/derived-data-unthinned/Build/Intermediates.noindex/vino_iPhone.build/Debug-iphonesimulator/vino_iPhone.build/DerivedSources/x86_64 -Xcc -I/Users/cengcheng/Documents/GitHub/vino/docs/1.0.0/qa/evidence/derived-data-unthinned/Build/Intermediates.noindex/vino_iPhone.build/Debug-iphonesimulator/vino_iPhone.build/DerivedSources -Xcc -DDEBUG\=1 -module-name vino_iPhone -frontend-parseable-output -disable-clang-spi -target-sdk-version 18.2 -target-sdk-name iphonesimulator18.2 -external-plugin-path /Applications/Xcode.app/Contents/Developer/Platforms/iPhoneOS.platform/Developer/usr/lib/swift/host/plugins\#/Applications/Xcode.app/Contents/Developer/Platforms/iPhoneOS.platform/Developer/usr/bin/swift-plugin-server -external-plugin-path /Applications/Xcode.app/Contents/Developer/Platforms/iPhoneOS.platform/Developer/usr/local/lib/swift/host/plugins\#/Applications/Xcode.app/Contents/Developer/Platforms/iPhoneOS.platform/Developer/usr/bin/swift-plugin-server -plugin-path /Applications/Xcode.app/Contents/Developer/Toolchains/XcodeDefault.xctoolchain/usr/lib/swift/host/plugins -plugin-path /Applications/Xcode.app/Contents/Developer/Toolchains/XcodeDefault.xctoolchain/usr/local/lib/swift/host/plugins -o /Users/cengcheng/Documents/GitHub/vino/docs/1.0.0/qa/evidence/derived-data-unthinned/Build/Intermediates.noindex/vino_iPhone.build/Debug-iphonesimulator/vino_iPhone.build/Objects-normal/x86_64/InferenceResultsOverlayView.o -o /Users/cengcheng/Documents/GitHub/vino/docs/1.0.0/qa/evidence/derived-data-unthinned/Build/Intermediates.noindex/vino_iPhone.build/Debug-iphonesimulator/vino_iPhone.build/Objects-normal/x86_64/AuthModels.o -index-unit-output-path /vino_iPhone.build/Debug-iphonesimulator/vino_iPhone.build/Objects-normal/x86_64/InferenceResultsOverlayView.o -index-unit-output-path /vino_iPhone.build/Debug-iphonesimulator/vino_iPhone.build/Objects-normal/x86_64/AuthModels.o -index-store-path /Users/cengcheng/Documents/GitHub/vino/docs/1.0.0/qa/evidence/derived-data-unthinned/Index.noindex/DataStore -index-system-modules

SwiftCompile normal x86_64 Compiling\ VinoTheme.swift,\ ControlPlaneCoordinator.swift,\ IPAddressMonitor.swift /Users/cengcheng/Documents/GitHub/vino/vino_iPhone/Sources/Models/VinoTheme.swift /Users/cengcheng/Documents/GitHub/vino/vino_iPhone/Sources/Networking/ControlPlaneCoordinator.swift /Users/cengcheng/Documents/GitHub/vino/vino_iPhone/Sources/Networking/IPAddressMonitor.swift (in target 'vino_iPhone' from project 'vino_iPhone')
    cd /Users/cengcheng/Documents/GitHub/vino/vino_iPhone
    builtin-swiftTaskExecution -- /Applications/Xcode.app/Contents/Developer/Toolchains/XcodeDefault.xctoolchain/usr/bin/swift-frontend -frontend -c /Users/cengcheng/Documents/GitHub/vino/vino_iPhone/AppHost/VinoPhoneApp.swift /Users/cengcheng/Documents/GitHub/vino/vino_iPhone/Sources/App/VinoPhoneShellView.swift /Users/cengcheng/Documents/GitHub/vino/vino_iPhone/Sources/Camera/CameraPreviewView.swift /Users/cengcheng/Documents/GitHub/vino/vino_iPhone/Sources/Camera/CameraSessionController.swift /Users/cengcheng/Documents/GitHub/vino/vino_iPhone/Sources/Inference/InferenceRuntime.swift /Users/cengcheng/Documents/GitHub/vino/vino_iPhone/Sources/Models/CoreMLCatalog.swift /Users/cengcheng/Documents/GitHub/vino/vino_iPhone/Sources/Models/InferenceModels.swift /Users/cengcheng/Documents/GitHub/vino/vino_iPhone/Sources/Models/ModelFileStore.swift /Users/cengcheng/Documents/GitHub/vino/vino_iPhone/Sources/Models/VinoAppState.swift -primary-file /Users/cengcheng/Documents/GitHub/vino/vino_iPhone/Sources/Models/VinoTheme.swift -primary-file /Users/cengcheng/Documents/GitHub/vino/vino_iPhone/Sources/Networking/ControlPlaneCoordinator.swift -primary-file /Users/cengcheng/Documents/GitHub/vino/vino_iPhone/Sources/Networking/IPAddressMonitor.swift /Users/cengcheng/Documents/GitHub/vino/vino_iPhone/Sources/Networking/VinoProtocol.swift /Users/cengcheng/Documents/GitHub/vino/vino_iPhone/Sources/Overlay/CameraOverlayView.swift /Users/cengcheng/Documents/GitHub/vino/vino_iPhone/Sources/Overlay/InferenceResultsOverlayView.swift /Users/cengcheng/Documents/GitHub/vino/vino_iPhone/Sources/Auth/AuthModels.swift /Users/cengcheng/Documents/GitHub/vino/vino_iPhone/Sources/Auth/KeychainStore.swift /Users/cengcheng/Documents/GitHub/vino/vino_iPhone/Sources/Auth/AuthSessionStore.swift /Users/cengcheng/Documents/GitHub/vino/vino_iPhone/Sources/Auth/AuthService.swift /Users/cengcheng/Documents/GitHub/vino/vino_iPhone/Sources/Models/CloudModelCatalog.swift /Users/cengcheng/Documents/GitHub/vino/vino_iPhone/Sources/Models/ModelLicenseVerifier.swift /Users/cengcheng/Documents/GitHub/vino/vino_iPhone/Sources/Networking/AssetUploadService.swift /Users/cengcheng/Documents/GitHub/vino/vino_iPhone/Sources/Networking/CloudControlCoordinator.swift /Users/cengcheng/Documents/GitHub/vino/docs/1.0.0/qa/evidence/derived-data-unthinned/Build/Intermediates.noindex/vino_iPhone.build/Debug-iphonesimulator/vino_iPhone.build/DerivedSources/GeneratedAssetSymbols.swift -supplementary-output-file-map /Users/cengcheng/Documents/GitHub/vino/docs/1.0.0/qa/evidence/derived-data-unthinned/Build/Intermediates.noindex/vino_iPhone.build/Debug-iphonesimulator/vino_iPhone.build/Objects-normal/x86_64/supplementaryOutputs-7 -emit-localized-strings -emit-localized-strings-path /Users/cengcheng/Documents/GitHub/vino/docs/1.0.0/qa/evidence/derived-data-unthinned/Build/Intermediates.noindex/vino_iPhone.build/Debug-iphonesimulator/vino_iPhone.build/Objects-normal/x86_64 -target x86_64-apple-ios17.6-simulator -enable-objc-interop -sdk /Applications/Xcode.app/Contents/Developer/Platforms/iPhoneSimulator.platform/Developer/SDKs/iPhoneSimulator18.2.sdk -I /Users/cengcheng/Documents/GitHub/vino/docs/1.0.0/qa/evidence/derived-data-unthinned/Build/Products/Debug-iphonesimulator -F /Users/cengcheng/Documents/GitHub/vino/docs/1.0.0/qa/evidence/derived-data-unthinned/Build/Products/Debug-iphonesimulator -no-color-diagnostics -enable-testing -g -debug-info-format\=dwarf -dwarf-version\=4 -module-cache-path /Users/cengcheng/Documents/GitHub/vino/docs/1.0.0/qa/evidence/derived-data-unthinned/ModuleCache.noindex -swift-version 5 -enforce-exclusivity\=checked -Onone -D DEBUG -serialize-debugging-options -const-gather-protocols-file /Users/cengcheng/Documents/GitHub/vino/docs/1.0.0/qa/evidence/derived-data-unthinned/Build/Intermediates.noindex/vino_iPhone.build/Debug-iphonesimulator/vino_iPhone.build/Objects-normal/x86_64/vino_iPhone_const_extract_protocols.json -enable-experimental-feature DebugDescriptionMacro -enable-experimental-feature OpaqueTypeErasure -enable-bare-slash-regex -empty-abi-descriptor -validate-clang-modules-once -clang-build-session-file /Users/cengcheng/Documents/GitHub/vino/docs/1.0.0/qa/evidence/derived-data-unthinned/ModuleCache.noindex/Session.modulevalidation -Xcc -working-directory -Xcc /Users/cengcheng/Documents/GitHub/vino/vino_iPhone -resource-dir /Applications/Xcode.app/Contents/Developer/Toolchains/XcodeDefault.xctoolchain/usr/lib/swift -enable-anonymous-context-mangled-names -file-compilation-dir /Users/cengcheng/Documents/GitHub/vino/vino_iPhone -Xcc -D_LIBCPP_HARDENING_MODE\=_LIBCPP_HARDENING_MODE_DEBUG -Xcc -ivfsstatcache -Xcc /Users/cengcheng/Documents/GitHub/vino/docs/1.0.0/qa/evidence/derived-data-unthinned/SDKStatCaches.noindex/iphonesimulator18.2-22C146-07b28473f605e47e75261259d3ef3b5a.sdkstatcache -Xcc -I/Users/cengcheng/Documents/GitHub/vino/docs/1.0.0/qa/evidence/derived-data-unthinned/Build/Intermediates.noindex/vino_iPhone.build/Debug-iphonesimulator/vino_iPhone.build/swift-overrides.hmap -Xcc -iquote -Xcc /Users/cengcheng/Documents/GitHub/vino/docs/1.0.0/qa/evidence/derived-data-unthinned/Build/Intermediates.noindex/vino_iPhone.build/Debug-iphonesimulator/vino_iPhone.build/灵眼GX-generated-files.hmap -Xcc -I/Users/cengcheng/Documents/GitHub/vino/docs/1.0.0/qa/evidence/derived-data-unthinned/Build/Intermediates.noindex/vino_iPhone.build/Debug-iphonesimulator/vino_iPhone.build/灵眼GX-own-target-headers.hmap -Xcc -I/Users/cengcheng/Documents/GitHub/vino/docs/1.0.0/qa/evidence/derived-data-unthinned/Build/Intermediates.noindex/vino_iPhone.build/Debug-iphonesimulator/vino_iPhone.build/灵眼GX-all-target-headers.hmap -Xcc -iquote -Xcc /Users/cengcheng/Documents/GitHub/vino/docs/1.0.0/qa/evidence/derived-data-unthinned/Build/Intermediates.noindex/vino_iPhone.build/Debug-iphonesimulator/vino_iPhone.build/灵眼GX-project-headers.hmap -Xcc -I/Users/cengcheng/Documents/GitHub/vino/docs/1.0.0/qa/evidence/derived-data-unthinned/Build/Products/Debug-iphonesimulator/include -Xcc -I/Users/cengcheng/Documents/GitHub/vino/docs/1.0.0/qa/evidence/derived-data-unthinned/Build/Intermediates.noindex/vino_iPhone.build/Debug-iphonesimulator/vino_iPhone.build/DerivedSources-normal/x86_64 -Xcc -I/Users/cengcheng/Documents/GitHub/vino/docs/1.0.0/qa/evidence/derived-data-unthinned/Build/Intermediates.noindex/vino_iPhone.build/Debug-iphonesimulator/vino_iPhone.build/DerivedSources/x86_64 -Xcc -I/Users/cengcheng/Documents/GitHub/vino/docs/1.0.0/qa/evidence/derived-data-unthinned/Build/Intermediates.noindex/vino_iPhone.build/Debug-iphonesimulator/vino_iPhone.build/DerivedSources -Xcc -DDEBUG\=1 -module-name vino_iPhone -frontend-parseable-output -disable-clang-spi -target-sdk-version 18.2 -target-sdk-name iphonesimulator18.2 -external-plugin-path /Applications/Xcode.app/Contents/Developer/Platforms/iPhoneOS.platform/Developer/usr/lib/swift/host/plugins\#/Applications/Xcode.app/Contents/Developer/Platforms/iPhoneOS.platform/Developer/usr/bin/swift-plugin-server -external-plugin-path /Applications/Xcode.app/Contents/Developer/Platforms/iPhoneOS.platform/Developer/usr/local/lib/swift/host/plugins\#/Applications/Xcode.app/Contents/Developer/Platforms/iPhoneOS.platform/Developer/usr/bin/swift-plugin-server -plugin-path /Applications/Xcode.app/Contents/Developer/Toolchains/XcodeDefault.xctoolchain/usr/lib/swift/host/plugins -plugin-path /Applications/Xcode.app/Contents/Developer/Toolchains/XcodeDefault.xctoolchain/usr/local/lib/swift/host/plugins -o /Users/cengcheng/Documents/GitHub/vino/docs/1.0.0/qa/evidence/derived-data-unthinned/Build/Intermediates.noindex/vino_iPhone.build/Debug-iphonesimulator/vino_iPhone.build/Objects-normal/x86_64/VinoTheme.o -o /Users/cengcheng/Documents/GitHub/vino/docs/1.0.0/qa/evidence/derived-data-unthinned/Build/Intermediates.noindex/vino_iPhone.build/Debug-iphonesimulator/vino_iPhone.build/Objects-normal/x86_64/ControlPlaneCoordinator.o -o /Users/cengcheng/Documents/GitHub/vino/docs/1.0.0/qa/evidence/derived-data-unthinned/Build/Intermediates.noindex/vino_iPhone.build/Debug-iphonesimulator/vino_iPhone.build/Objects-normal/x86_64/IPAddressMonitor.o -index-unit-output-path /vino_iPhone.build/Debug-iphonesimulator/vino_iPhone.build/Objects-normal/x86_64/VinoTheme.o -index-unit-output-path /vino_iPhone.build/Debug-iphonesimulator/vino_iPhone.build/Objects-normal/x86_64/ControlPlaneCoordinator.o -index-unit-output-path /vino_iPhone.build/Debug-iphonesimulator/vino_iPhone.build/Objects-normal/x86_64/IPAddressMonitor.o -index-store-path /Users/cengcheng/Documents/GitHub/vino/docs/1.0.0/qa/evidence/derived-data-unthinned/Index.noindex/DataStore -index-system-modules

SwiftCompile normal x86_64 /Users/cengcheng/Documents/GitHub/vino/vino_iPhone/Sources/Models/VinoTheme.swift (in target 'vino_iPhone' from project 'vino_iPhone')
    cd /Users/cengcheng/Documents/GitHub/vino/vino_iPhone
    /Applications/Xcode.app/Contents/Developer/Toolchains/XcodeDefault.xctoolchain/usr/bin/swift-frontend -c /Users/cengcheng/Documents/GitHub/vino/vino_iPhone/AppHost/VinoPhoneApp.swift /Users/cengcheng/Documents/GitHub/vino/vino_iPhone/Sources/App/VinoPhoneShellView.swift /Users/cengcheng/Documents/GitHub/vino/vino_iPhone/Sources/Camera/CameraPreviewView.swift /Users/cengcheng/Documents/GitHub/vino/vino_iPhone/Sources/Camera/CameraSessionController.swift /Users/cengcheng/Documents/GitHub/vino/vino_iPhone/Sources/Inference/InferenceRuntime.swift /Users/cengcheng/Documents/GitHub/vino/vino_iPhone/Sources/Models/CoreMLCatalog.swift /Users/cengcheng/Documents/GitHub/vino/vino_iPhone/Sources/Models/InferenceModels.swift /Users/cengcheng/Documents/GitHub/vino/vino_iPhone/Sources/Models/ModelFileStore.swift /Users/cengcheng/Documents/GitHub/vino/vino_iPhone/Sources/Models/VinoAppState.swift -primary-file /Users/cengcheng/Documents/GitHub/vino/vino_iPhone/Sources/Models/VinoTheme.swift -primary-file /Users/cengcheng/Documents/GitHub/vino/vino_iPhone/Sources/Networking/ControlPlaneCoordinator.swift -primary-file /Users/cengcheng/Documents/GitHub/vino/vino_iPhone/Sources/Networking/IPAddressMonitor.swift /Users/cengcheng/Documents/GitHub/vino/vino_iPhone/Sources/Networking/VinoProtocol.swift /Users/cengcheng/Documents/GitHub/vino/vino_iPhone/Sources/Overlay/CameraOverlayView.swift /Users/cengcheng/Documents/GitHub/vino/vino_iPhone/Sources/Overlay/InferenceResultsOverlayView.swift /Users/cengcheng/Documents/GitHub/vino/vino_iPhone/Sources/Auth/AuthModels.swift /Users/cengcheng/Documents/GitHub/vino/vino_iPhone/Sources/Auth/KeychainStore.swift /Users/cengcheng/Documents/GitHub/vino/vino_iPhone/Sources/Auth/AuthSessionStore.swift /Users/cengcheng/Documents/GitHub/vino/vino_iPhone/Sources/Auth/AuthService.swift /Users/cengcheng/Documents/GitHub/vino/vino_iPhone/Sources/Models/CloudModelCatalog.swift /Users/cengcheng/Documents/GitHub/vino/vino_iPhone/Sources/Models/ModelLicenseVerifier.swift /Users/cengcheng/Documents/GitHub/vino/vino_iPhone/Sources/Networking/AssetUploadService.swift /Users/cengcheng/Documents/GitHub/vino/vino_iPhone/Sources/Networking/CloudControlCoordinator.swift /Users/cengcheng/Documents/GitHub/vino/docs/1.0.0/qa/evidence/derived-data-unthinned/Build/Intermediates.noindex/vino_iPhone.build/Debug-iphonesimulator/vino_iPhone.build/DerivedSources/GeneratedAssetSymbols.swift -supplementary-output-file-map /Users/cengcheng/Documents/GitHub/vino/docs/1.0.0/qa/evidence/derived-data-unthinned/Build/Intermediates.noindex/vino_iPhone.build/Debug-iphonesimulator/vino_iPhone.build/Objects-normal/x86_64/supplementaryOutputs-7 -emit-localized-strings -emit-localized-strings-path /Users/cengcheng/Documents/GitHub/vino/docs/1.0.0/qa/evidence/derived-data-unthinned/Build/Intermediates.noindex/vino_iPhone.build/Debug-iphonesimulator/vino_iPhone.build/Objects-normal/x86_64 -target x86_64-apple-ios17.6-simulator -enable-objc-interop -sdk /Applications/Xcode.app/Contents/Developer/Platforms/iPhoneSimulator.platform/Developer/SDKs/iPhoneSimulator18.2.sdk -I /Users/cengcheng/Documents/GitHub/vino/docs/1.0.0/qa/evidence/derived-data-unthinned/Build/Products/Debug-iphonesimulator -F /Users/cengcheng/Documents/GitHub/vino/docs/1.0.0/qa/evidence/derived-data-unthinned/Build/Products/Debug-iphonesimulator -no-color-diagnostics -enable-testing -g -debug-info-format\=dwarf -dwarf-version\=4 -module-cache-path /Users/cengcheng/Documents/GitHub/vino/docs/1.0.0/qa/evidence/derived-data-unthinned/ModuleCache.noindex -swift-version 5 -enforce-exclusivity\=checked -Onone -D DEBUG -serialize-debugging-options -const-gather-protocols-file /Users/cengcheng/Documents/GitHub/vino/docs/1.0.0/qa/evidence/derived-data-unthinned/Build/Intermediates.noindex/vino_iPhone.build/Debug-iphonesimulator/vino_iPhone.build/Objects-normal/x86_64/vino_iPhone_const_extract_protocols.json -enable-experimental-feature DebugDescriptionMacro -enable-experimental-feature OpaqueTypeErasure -enable-bare-slash-regex -empty-abi-descriptor -validate-clang-modules-once -clang-build-session-file /Users/cengcheng/Documents/GitHub/vino/docs/1.0.0/qa/evidence/derived-data-unthinned/ModuleCache.noindex/Session.modulevalidation -Xcc -working-directory -Xcc /Users/cengcheng/Documents/GitHub/vino/vino_iPhone -resource-dir /Applications/Xcode.app/Contents/Developer/Toolchains/XcodeDefault.xctoolchain/usr/lib/swift -enable-anonymous-context-mangled-names -file-compilation-dir /Users/cengcheng/Documents/GitHub/vino/vino_iPhone -Xcc -D_LIBCPP_HARDENING_MODE\=_LIBCPP_HARDENING_MODE_DEBUG -Xcc -ivfsstatcache -Xcc /Users/cengcheng/Documents/GitHub/vino/docs/1.0.0/qa/evidence/derived-data-unthinned/SDKStatCaches.noindex/iphonesimulator18.2-22C146-07b28473f605e47e75261259d3ef3b5a.sdkstatcache -Xcc -I/Users/cengcheng/Documents/GitHub/vino/docs/1.0.0/qa/evidence/derived-data-unthinned/Build/Intermediates.noindex/vino_iPhone.build/Debug-iphonesimulator/vino_iPhone.build/swift-overrides.hmap -Xcc -iquote -Xcc /Users/cengcheng/Documents/GitHub/vino/docs/1.0.0/qa/evidence/derived-data-unthinned/Build/Intermediates.noindex/vino_iPhone.build/Debug-iphonesimulator/vino_iPhone.build/灵眼GX-generated-files.hmap -Xcc -I/Users/cengcheng/Documents/GitHub/vino/docs/1.0.0/qa/evidence/derived-data-unthinned/Build/Intermediates.noindex/vino_iPhone.build/Debug-iphonesimulator/vino_iPhone.build/灵眼GX-own-target-headers.hmap -Xcc -I/Users/cengcheng/Documents/GitHub/vino/docs/1.0.0/qa/evidence/derived-data-unthinned/Build/Intermediates.noindex/vino_iPhone.build/Debug-iphonesimulator/vino_iPhone.build/灵眼GX-all-target-headers.hmap -Xcc -iquote -Xcc /Users/cengcheng/Documents/GitHub/vino/docs/1.0.0/qa/evidence/derived-data-unthinned/Build/Intermediates.noindex/vino_iPhone.build/Debug-iphonesimulator/vino_iPhone.build/灵眼GX-project-headers.hmap -Xcc -I/Users/cengcheng/Documents/GitHub/vino/docs/1.0.0/qa/evidence/derived-data-unthinned/Build/Products/Debug-iphonesimulator/include -Xcc -I/Users/cengcheng/Documents/GitHub/vino/docs/1.0.0/qa/evidence/derived-data-unthinned/Build/Intermediates.noindex/vino_iPhone.build/Debug-iphonesimulator/vino_iPhone.build/DerivedSources-normal/x86_64 -Xcc -I/Users/cengcheng/Documents/GitHub/vino/docs/1.0.0/qa/evidence/derived-data-unthinned/Build/Intermediates.noindex/vino_iPhone.build/Debug-iphonesimulator/vino_iPhone.build/DerivedSources/x86_64 -Xcc -I/Users/cengcheng/Documents/GitHub/vino/docs/1.0.0/qa/evidence/derived-data-unthinned/Build/Intermediates.noindex/vino_iPhone.build/Debug-iphonesimulator/vino_iPhone.build/DerivedSources -Xcc -DDEBUG\=1 -module-name vino_iPhone -frontend-parseable-output -disable-clang-spi -target-sdk-version 18.2 -target-sdk-name iphonesimulator18.2 -external-plugin-path /Applications/Xcode.app/Contents/Developer/Platforms/iPhoneOS.platform/Developer/usr/lib/swift/host/plugins\#/Applications/Xcode.app/Contents/Developer/Platforms/iPhoneOS.platform/Developer/usr/bin/swift-plugin-server -external-plugin-path /Applications/Xcode.app/Contents/Developer/Platforms/iPhoneOS.platform/Developer/usr/local/lib/swift/host/plugins\#/Applications/Xcode.app/Contents/Developer/Platforms/iPhoneOS.platform/Developer/usr/bin/swift-plugin-server -plugin-path /Applications/Xcode.app/Contents/Developer/Toolchains/XcodeDefault.xctoolchain/usr/lib/swift/host/plugins -plugin-path /Applications/Xcode.app/Contents/Developer/Toolchains/XcodeDefault.xctoolchain/usr/local/lib/swift/host/plugins -o /Users/cengcheng/Documents/GitHub/vino/docs/1.0.0/qa/evidence/derived-data-unthinned/Build/Intermediates.noindex/vino_iPhone.build/Debug-iphonesimulator/vino_iPhone.build/Objects-normal/x86_64/VinoTheme.o -o /Users/cengcheng/Documents/GitHub/vino/docs/1.0.0/qa/evidence/derived-data-unthinned/Build/Intermediates.noindex/vino_iPhone.build/Debug-iphonesimulator/vino_iPhone.build/Objects-normal/x86_64/ControlPlaneCoordinator.o -o /Users/cengcheng/Documents/GitHub/vino/docs/1.0.0/qa/evidence/derived-data-unthinned/Build/Intermediates.noindex/vino_iPhone.build/Debug-iphonesimulator/vino_iPhone.build/Objects-normal/x86_64/IPAddressMonitor.o -index-unit-output-path /vino_iPhone.build/Debug-iphonesimulator/vino_iPhone.build/Objects-normal/x86_64/VinoTheme.o -index-unit-output-path /vino_iPhone.build/Debug-iphonesimulator/vino_iPhone.build/Objects-normal/x86_64/ControlPlaneCoordinator.o -index-unit-output-path /vino_iPhone.build/Debug-iphonesimulator/vino_iPhone.build/Objects-normal/x86_64/IPAddressMonitor.o -index-store-path /Users/cengcheng/Documents/GitHub/vino/docs/1.0.0/qa/evidence/derived-data-unthinned/Index.noindex/DataStore -index-system-modules

SwiftCompile normal x86_64 /Users/cengcheng/Documents/GitHub/vino/vino_iPhone/Sources/Networking/ControlPlaneCoordinator.swift (in target 'vino_iPhone' from project 'vino_iPhone')
    cd /Users/cengcheng/Documents/GitHub/vino/vino_iPhone
    /Applications/Xcode.app/Contents/Developer/Toolchains/XcodeDefault.xctoolchain/usr/bin/swift-frontend -c /Users/cengcheng/Documents/GitHub/vino/vino_iPhone/AppHost/VinoPhoneApp.swift /Users/cengcheng/Documents/GitHub/vino/vino_iPhone/Sources/App/VinoPhoneShellView.swift /Users/cengcheng/Documents/GitHub/vino/vino_iPhone/Sources/Camera/CameraPreviewView.swift /Users/cengcheng/Documents/GitHub/vino/vino_iPhone/Sources/Camera/CameraSessionController.swift /Users/cengcheng/Documents/GitHub/vino/vino_iPhone/Sources/Inference/InferenceRuntime.swift /Users/cengcheng/Documents/GitHub/vino/vino_iPhone/Sources/Models/CoreMLCatalog.swift /Users/cengcheng/Documents/GitHub/vino/vino_iPhone/Sources/Models/InferenceModels.swift /Users/cengcheng/Documents/GitHub/vino/vino_iPhone/Sources/Models/ModelFileStore.swift /Users/cengcheng/Documents/GitHub/vino/vino_iPhone/Sources/Models/VinoAppState.swift -primary-file /Users/cengcheng/Documents/GitHub/vino/vino_iPhone/Sources/Models/VinoTheme.swift -primary-file /Users/cengcheng/Documents/GitHub/vino/vino_iPhone/Sources/Networking/ControlPlaneCoordinator.swift -primary-file /Users/cengcheng/Documents/GitHub/vino/vino_iPhone/Sources/Networking/IPAddressMonitor.swift /Users/cengcheng/Documents/GitHub/vino/vino_iPhone/Sources/Networking/VinoProtocol.swift /Users/cengcheng/Documents/GitHub/vino/vino_iPhone/Sources/Overlay/CameraOverlayView.swift /Users/cengcheng/Documents/GitHub/vino/vino_iPhone/Sources/Overlay/InferenceResultsOverlayView.swift /Users/cengcheng/Documents/GitHub/vino/vino_iPhone/Sources/Auth/AuthModels.swift /Users/cengcheng/Documents/GitHub/vino/vino_iPhone/Sources/Auth/KeychainStore.swift /Users/cengcheng/Documents/GitHub/vino/vino_iPhone/Sources/Auth/AuthSessionStore.swift /Users/cengcheng/Documents/GitHub/vino/vino_iPhone/Sources/Auth/AuthService.swift /Users/cengcheng/Documents/GitHub/vino/vino_iPhone/Sources/Models/CloudModelCatalog.swift /Users/cengcheng/Documents/GitHub/vino/vino_iPhone/Sources/Models/ModelLicenseVerifier.swift /Users/cengcheng/Documents/GitHub/vino/vino_iPhone/Sources/Networking/AssetUploadService.swift /Users/cengcheng/Documents/GitHub/vino/vino_iPhone/Sources/Networking/CloudControlCoordinator.swift /Users/cengcheng/Documents/GitHub/vino/docs/1.0.0/qa/evidence/derived-data-unthinned/Build/Intermediates.noindex/vino_iPhone.build/Debug-iphonesimulator/vino_iPhone.build/DerivedSources/GeneratedAssetSymbols.swift -supplementary-output-file-map /Users/cengcheng/Documents/GitHub/vino/docs/1.0.0/qa/evidence/derived-data-unthinned/Build/Intermediates.noindex/vino_iPhone.build/Debug-iphonesimulator/vino_iPhone.build/Objects-normal/x86_64/supplementaryOutputs-7 -emit-localized-strings -emit-localized-strings-path /Users/cengcheng/Documents/GitHub/vino/docs/1.0.0/qa/evidence/derived-data-unthinned/Build/Intermediates.noindex/vino_iPhone.build/Debug-iphonesimulator/vino_iPhone.build/Objects-normal/x86_64 -target x86_64-apple-ios17.6-simulator -enable-objc-interop -sdk /Applications/Xcode.app/Contents/Developer/Platforms/iPhoneSimulator.platform/Developer/SDKs/iPhoneSimulator18.2.sdk -I /Users/cengcheng/Documents/GitHub/vino/docs/1.0.0/qa/evidence/derived-data-unthinned/Build/Products/Debug-iphonesimulator -F /Users/cengcheng/Documents/GitHub/vino/docs/1.0.0/qa/evidence/derived-data-unthinned/Build/Products/Debug-iphonesimulator -no-color-diagnostics -enable-testing -g -debug-info-format\=dwarf -dwarf-version\=4 -module-cache-path /Users/cengcheng/Documents/GitHub/vino/docs/1.0.0/qa/evidence/derived-data-unthinned/ModuleCache.noindex -swift-version 5 -enforce-exclusivity\=checked -Onone -D DEBUG -serialize-debugging-options -const-gather-protocols-file /Users/cengcheng/Documents/GitHub/vino/docs/1.0.0/qa/evidence/derived-data-unthinned/Build/Intermediates.noindex/vino_iPhone.build/Debug-iphonesimulator/vino_iPhone.build/Objects-normal/x86_64/vino_iPhone_const_extract_protocols.json -enable-experimental-feature DebugDescriptionMacro -enable-experimental-feature OpaqueTypeErasure -enable-bare-slash-regex -empty-abi-descriptor -validate-clang-modules-once -clang-build-session-file /Users/cengcheng/Documents/GitHub/vino/docs/1.0.0/qa/evidence/derived-data-unthinned/ModuleCache.noindex/Session.modulevalidation -Xcc -working-directory -Xcc /Users/cengcheng/Documents/GitHub/vino/vino_iPhone -resource-dir /Applications/Xcode.app/Contents/Developer/Toolchains/XcodeDefault.xctoolchain/usr/lib/swift -enable-anonymous-context-mangled-names -file-compilation-dir /Users/cengcheng/Documents/GitHub/vino/vino_iPhone -Xcc -D_LIBCPP_HARDENING_MODE\=_LIBCPP_HARDENING_MODE_DEBUG -Xcc -ivfsstatcache -Xcc /Users/cengcheng/Documents/GitHub/vino/docs/1.0.0/qa/evidence/derived-data-unthinned/SDKStatCaches.noindex/iphonesimulator18.2-22C146-07b28473f605e47e75261259d3ef3b5a.sdkstatcache -Xcc -I/Users/cengcheng/Documents/GitHub/vino/docs/1.0.0/qa/evidence/derived-data-unthinned/Build/Intermediates.noindex/vino_iPhone.build/Debug-iphonesimulator/vino_iPhone.build/swift-overrides.hmap -Xcc -iquote -Xcc /Users/cengcheng/Documents/GitHub/vino/docs/1.0.0/qa/evidence/derived-data-unthinned/Build/Intermediates.noindex/vino_iPhone.build/Debug-iphonesimulator/vino_iPhone.build/灵眼GX-generated-files.hmap -Xcc -I/Users/cengcheng/Documents/GitHub/vino/docs/1.0.0/qa/evidence/derived-data-unthinned/Build/Intermediates.noindex/vino_iPhone.build/Debug-iphonesimulator/vino_iPhone.build/灵眼GX-own-target-headers.hmap -Xcc -I/Users/cengcheng/Documents/GitHub/vino/docs/1.0.0/qa/evidence/derived-data-unthinned/Build/Intermediates.noindex/vino_iPhone.build/Debug-iphonesimulator/vino_iPhone.build/灵眼GX-all-target-headers.hmap -Xcc -iquote -Xcc /Users/cengcheng/Documents/GitHub/vino/docs/1.0.0/qa/evidence/derived-data-unthinned/Build/Intermediates.noindex/vino_iPhone.build/Debug-iphonesimulator/vino_iPhone.build/灵眼GX-project-headers.hmap -Xcc -I/Users/cengcheng/Documents/GitHub/vino/docs/1.0.0/qa/evidence/derived-data-unthinned/Build/Products/Debug-iphonesimulator/include -Xcc -I/Users/cengcheng/Documents/GitHub/vino/docs/1.0.0/qa/evidence/derived-data-unthinned/Build/Intermediates.noindex/vino_iPhone.build/Debug-iphonesimulator/vino_iPhone.build/DerivedSources-normal/x86_64 -Xcc -I/Users/cengcheng/Documents/GitHub/vino/docs/1.0.0/qa/evidence/derived-data-unthinned/Build/Intermediates.noindex/vino_iPhone.build/Debug-iphonesimulator/vino_iPhone.build/DerivedSources/x86_64 -Xcc -I/Users/cengcheng/Documents/GitHub/vino/docs/1.0.0/qa/evidence/derived-data-unthinned/Build/Intermediates.noindex/vino_iPhone.build/Debug-iphonesimulator/vino_iPhone.build/DerivedSources -Xcc -DDEBUG\=1 -module-name vino_iPhone -frontend-parseable-output -disable-clang-spi -target-sdk-version 18.2 -target-sdk-name iphonesimulator18.2 -external-plugin-path /Applications/Xcode.app/Contents/Developer/Platforms/iPhoneOS.platform/Developer/usr/lib/swift/host/plugins\#/Applications/Xcode.app/Contents/Developer/Platforms/iPhoneOS.platform/Developer/usr/bin/swift-plugin-server -external-plugin-path /Applications/Xcode.app/Contents/Developer/Platforms/iPhoneOS.platform/Developer/usr/local/lib/swift/host/plugins\#/Applications/Xcode.app/Contents/Developer/Platforms/iPhoneOS.platform/Developer/usr/bin/swift-plugin-server -plugin-path /Applications/Xcode.app/Contents/Developer/Toolchains/XcodeDefault.xctoolchain/usr/lib/swift/host/plugins -plugin-path /Applications/Xcode.app/Contents/Developer/Toolchains/XcodeDefault.xctoolchain/usr/local/lib/swift/host/plugins -o /Users/cengcheng/Documents/GitHub/vino/docs/1.0.0/qa/evidence/derived-data-unthinned/Build/Intermediates.noindex/vino_iPhone.build/Debug-iphonesimulator/vino_iPhone.build/Objects-normal/x86_64/VinoTheme.o -o /Users/cengcheng/Documents/GitHub/vino/docs/1.0.0/qa/evidence/derived-data-unthinned/Build/Intermediates.noindex/vino_iPhone.build/Debug-iphonesimulator/vino_iPhone.build/Objects-normal/x86_64/ControlPlaneCoordinator.o -o /Users/cengcheng/Documents/GitHub/vino/docs/1.0.0/qa/evidence/derived-data-unthinned/Build/Intermediates.noindex/vino_iPhone.build/Debug-iphonesimulator/vino_iPhone.build/Objects-normal/x86_64/IPAddressMonitor.o -index-unit-output-path /vino_iPhone.build/Debug-iphonesimulator/vino_iPhone.build/Objects-normal/x86_64/VinoTheme.o -index-unit-output-path /vino_iPhone.build/Debug-iphonesimulator/vino_iPhone.build/Objects-normal/x86_64/ControlPlaneCoordinator.o -index-unit-output-path /vino_iPhone.build/Debug-iphonesimulator/vino_iPhone.build/Objects-normal/x86_64/IPAddressMonitor.o -index-store-path /Users/cengcheng/Documents/GitHub/vino/docs/1.0.0/qa/evidence/derived-data-unthinned/Index.noindex/DataStore -index-system-modules

SwiftCompile normal x86_64 /Users/cengcheng/Documents/GitHub/vino/vino_iPhone/Sources/Networking/IPAddressMonitor.swift (in target 'vino_iPhone' from project 'vino_iPhone')
    cd /Users/cengcheng/Documents/GitHub/vino/vino_iPhone
    /Applications/Xcode.app/Contents/Developer/Toolchains/XcodeDefault.xctoolchain/usr/bin/swift-frontend -c /Users/cengcheng/Documents/GitHub/vino/vino_iPhone/AppHost/VinoPhoneApp.swift /Users/cengcheng/Documents/GitHub/vino/vino_iPhone/Sources/App/VinoPhoneShellView.swift /Users/cengcheng/Documents/GitHub/vino/vino_iPhone/Sources/Camera/CameraPreviewView.swift /Users/cengcheng/Documents/GitHub/vino/vino_iPhone/Sources/Camera/CameraSessionController.swift /Users/cengcheng/Documents/GitHub/vino/vino_iPhone/Sources/Inference/InferenceRuntime.swift /Users/cengcheng/Documents/GitHub/vino/vino_iPhone/Sources/Models/CoreMLCatalog.swift /Users/cengcheng/Documents/GitHub/vino/vino_iPhone/Sources/Models/InferenceModels.swift /Users/cengcheng/Documents/GitHub/vino/vino_iPhone/Sources/Models/ModelFileStore.swift /Users/cengcheng/Documents/GitHub/vino/vino_iPhone/Sources/Models/VinoAppState.swift -primary-file /Users/cengcheng/Documents/GitHub/vino/vino_iPhone/Sources/Models/VinoTheme.swift -primary-file /Users/cengcheng/Documents/GitHub/vino/vino_iPhone/Sources/Networking/ControlPlaneCoordinator.swift -primary-file /Users/cengcheng/Documents/GitHub/vino/vino_iPhone/Sources/Networking/IPAddressMonitor.swift /Users/cengcheng/Documents/GitHub/vino/vino_iPhone/Sources/Networking/VinoProtocol.swift /Users/cengcheng/Documents/GitHub/vino/vino_iPhone/Sources/Overlay/CameraOverlayView.swift /Users/cengcheng/Documents/GitHub/vino/vino_iPhone/Sources/Overlay/InferenceResultsOverlayView.swift /Users/cengcheng/Documents/GitHub/vino/vino_iPhone/Sources/Auth/AuthModels.swift /Users/cengcheng/Documents/GitHub/vino/vino_iPhone/Sources/Auth/KeychainStore.swift /Users/cengcheng/Documents/GitHub/vino/vino_iPhone/Sources/Auth/AuthSessionStore.swift /Users/cengcheng/Documents/GitHub/vino/vino_iPhone/Sources/Auth/AuthService.swift /Users/cengcheng/Documents/GitHub/vino/vino_iPhone/Sources/Models/CloudModelCatalog.swift /Users/cengcheng/Documents/GitHub/vino/vino_iPhone/Sources/Models/ModelLicenseVerifier.swift /Users/cengcheng/Documents/GitHub/vino/vino_iPhone/Sources/Networking/AssetUploadService.swift /Users/cengcheng/Documents/GitHub/vino/vino_iPhone/Sources/Networking/CloudControlCoordinator.swift /Users/cengcheng/Documents/GitHub/vino/docs/1.0.0/qa/evidence/derived-data-unthinned/Build/Intermediates.noindex/vino_iPhone.build/Debug-iphonesimulator/vino_iPhone.build/DerivedSources/GeneratedAssetSymbols.swift -supplementary-output-file-map /Users/cengcheng/Documents/GitHub/vino/docs/1.0.0/qa/evidence/derived-data-unthinned/Build/Intermediates.noindex/vino_iPhone.build/Debug-iphonesimulator/vino_iPhone.build/Objects-normal/x86_64/supplementaryOutputs-7 -emit-localized-strings -emit-localized-strings-path /Users/cengcheng/Documents/GitHub/vino/docs/1.0.0/qa/evidence/derived-data-unthinned/Build/Intermediates.noindex/vino_iPhone.build/Debug-iphonesimulator/vino_iPhone.build/Objects-normal/x86_64 -target x86_64-apple-ios17.6-simulator -enable-objc-interop -sdk /Applications/Xcode.app/Contents/Developer/Platforms/iPhoneSimulator.platform/Developer/SDKs/iPhoneSimulator18.2.sdk -I /Users/cengcheng/Documents/GitHub/vino/docs/1.0.0/qa/evidence/derived-data-unthinned/Build/Products/Debug-iphonesimulator -F /Users/cengcheng/Documents/GitHub/vino/docs/1.0.0/qa/evidence/derived-data-unthinned/Build/Products/Debug-iphonesimulator -no-color-diagnostics -enable-testing -g -debug-info-format\=dwarf -dwarf-version\=4 -module-cache-path /Users/cengcheng/Documents/GitHub/vino/docs/1.0.0/qa/evidence/derived-data-unthinned/ModuleCache.noindex -swift-version 5 -enforce-exclusivity\=checked -Onone -D DEBUG -serialize-debugging-options -const-gather-protocols-file /Users/cengcheng/Documents/GitHub/vino/docs/1.0.0/qa/evidence/derived-data-unthinned/Build/Intermediates.noindex/vino_iPhone.build/Debug-iphonesimulator/vino_iPhone.build/Objects-normal/x86_64/vino_iPhone_const_extract_protocols.json -enable-experimental-feature DebugDescriptionMacro -enable-experimental-feature OpaqueTypeErasure -enable-bare-slash-regex -empty-abi-descriptor -validate-clang-modules-once -clang-build-session-file /Users/cengcheng/Documents/GitHub/vino/docs/1.0.0/qa/evidence/derived-data-unthinned/ModuleCache.noindex/Session.modulevalidation -Xcc -working-directory -Xcc /Users/cengcheng/Documents/GitHub/vino/vino_iPhone -resource-dir /Applications/Xcode.app/Contents/Developer/Toolchains/XcodeDefault.xctoolchain/usr/lib/swift -enable-anonymous-context-mangled-names -file-compilation-dir /Users/cengcheng/Documents/GitHub/vino/vino_iPhone -Xcc -D_LIBCPP_HARDENING_MODE\=_LIBCPP_HARDENING_MODE_DEBUG -Xcc -ivfsstatcache -Xcc /Users/cengcheng/Documents/GitHub/vino/docs/1.0.0/qa/evidence/derived-data-unthinned/SDKStatCaches.noindex/iphonesimulator18.2-22C146-07b28473f605e47e75261259d3ef3b5a.sdkstatcache -Xcc -I/Users/cengcheng/Documents/GitHub/vino/docs/1.0.0/qa/evidence/derived-data-unthinned/Build/Intermediates.noindex/vino_iPhone.build/Debug-iphonesimulator/vino_iPhone.build/swift-overrides.hmap -Xcc -iquote -Xcc /Users/cengcheng/Documents/GitHub/vino/docs/1.0.0/qa/evidence/derived-data-unthinned/Build/Intermediates.noindex/vino_iPhone.build/Debug-iphonesimulator/vino_iPhone.build/灵眼GX-generated-files.hmap -Xcc -I/Users/cengcheng/Documents/GitHub/vino/docs/1.0.0/qa/evidence/derived-data-unthinned/Build/Intermediates.noindex/vino_iPhone.build/Debug-iphonesimulator/vino_iPhone.build/灵眼GX-own-target-headers.hmap -Xcc -I/Users/cengcheng/Documents/GitHub/vino/docs/1.0.0/qa/evidence/derived-data-unthinned/Build/Intermediates.noindex/vino_iPhone.build/Debug-iphonesimulator/vino_iPhone.build/灵眼GX-all-target-headers.hmap -Xcc -iquote -Xcc /Users/cengcheng/Documents/GitHub/vino/docs/1.0.0/qa/evidence/derived-data-unthinned/Build/Intermediates.noindex/vino_iPhone.build/Debug-iphonesimulator/vino_iPhone.build/灵眼GX-project-headers.hmap -Xcc -I/Users/cengcheng/Documents/GitHub/vino/docs/1.0.0/qa/evidence/derived-data-unthinned/Build/Products/Debug-iphonesimulator/include -Xcc -I/Users/cengcheng/Documents/GitHub/vino/docs/1.0.0/qa/evidence/derived-data-unthinned/Build/Intermediates.noindex/vino_iPhone.build/Debug-iphonesimulator/vino_iPhone.build/DerivedSources-normal/x86_64 -Xcc -I/Users/cengcheng/Documents/GitHub/vino/docs/1.0.0/qa/evidence/derived-data-unthinned/Build/Intermediates.noindex/vino_iPhone.build/Debug-iphonesimulator/vino_iPhone.build/DerivedSources/x86_64 -Xcc -I/Users/cengcheng/Documents/GitHub/vino/docs/1.0.0/qa/evidence/derived-data-unthinned/Build/Intermediates.noindex/vino_iPhone.build/Debug-iphonesimulator/vino_iPhone.build/DerivedSources -Xcc -DDEBUG\=1 -module-name vino_iPhone -frontend-parseable-output -disable-clang-spi -target-sdk-version 18.2 -target-sdk-name iphonesimulator18.2 -external-plugin-path /Applications/Xcode.app/Contents/Developer/Platforms/iPhoneOS.platform/Developer/usr/lib/swift/host/plugins\#/Applications/Xcode.app/Contents/Developer/Platforms/iPhoneOS.platform/Developer/usr/bin/swift-plugin-server -external-plugin-path /Applications/Xcode.app/Contents/Developer/Platforms/iPhoneOS.platform/Developer/usr/local/lib/swift/host/plugins\#/Applications/Xcode.app/Contents/Developer/Platforms/iPhoneOS.platform/Developer/usr/bin/swift-plugin-server -plugin-path /Applications/Xcode.app/Contents/Developer/Toolchains/XcodeDefault.xctoolchain/usr/lib/swift/host/plugins -plugin-path /Applications/Xcode.app/Contents/Developer/Toolchains/XcodeDefault.xctoolchain/usr/local/lib/swift/host/plugins -o /Users/cengcheng/Documents/GitHub/vino/docs/1.0.0/qa/evidence/derived-data-unthinned/Build/Intermediates.noindex/vino_iPhone.build/Debug-iphonesimulator/vino_iPhone.build/Objects-normal/x86_64/VinoTheme.o -o /Users/cengcheng/Documents/GitHub/vino/docs/1.0.0/qa/evidence/derived-data-unthinned/Build/Intermediates.noindex/vino_iPhone.build/Debug-iphonesimulator/vino_iPhone.build/Objects-normal/x86_64/ControlPlaneCoordinator.o -o /Users/cengcheng/Documents/GitHub/vino/docs/1.0.0/qa/evidence/derived-data-unthinned/Build/Intermediates.noindex/vino_iPhone.build/Debug-iphonesimulator/vino_iPhone.build/Objects-normal/x86_64/IPAddressMonitor.o -index-unit-output-path /vino_iPhone.build/Debug-iphonesimulator/vino_iPhone.build/Objects-normal/x86_64/VinoTheme.o -index-unit-output-path /vino_iPhone.build/Debug-iphonesimulator/vino_iPhone.build/Objects-normal/x86_64/ControlPlaneCoordinator.o -index-unit-output-path /vino_iPhone.build/Debug-iphonesimulator/vino_iPhone.build/Objects-normal/x86_64/IPAddressMonitor.o -index-store-path /Users/cengcheng/Documents/GitHub/vino/docs/1.0.0/qa/evidence/derived-data-unthinned/Index.noindex/DataStore -index-system-modules

SwiftDriverJobDiscovery normal x86_64 Emitting module for vino_iPhone (in target 'vino_iPhone' from project 'vino_iPhone')

SwiftDriverJobDiscovery normal arm64 Emitting module for vino_iPhone (in target 'vino_iPhone' from project 'vino_iPhone')

SwiftDriverJobDiscovery normal arm64 Compiling KeychainStore.swift, AuthSessionStore.swift (in target 'vino_iPhone' from project 'vino_iPhone')

SwiftDriver\ Compilation\ Requirements vino_iPhone normal x86_64 com.apple.xcode.tools.swift.compiler (in target 'vino_iPhone' from project 'vino_iPhone')
    cd /Users/cengcheng/Documents/GitHub/vino/vino_iPhone
    builtin-Swift-Compilation-Requirements -- /Applications/Xcode.app/Contents/Developer/Toolchains/XcodeDefault.xctoolchain/usr/bin/swiftc -module-name vino_iPhone -Onone -enforce-exclusivity\=checked @/Users/cengcheng/Documents/GitHub/vino/docs/1.0.0/qa/evidence/derived-data-unthinned/Build/Intermediates.noindex/vino_iPhone.build/Debug-iphonesimulator/vino_iPhone.build/Objects-normal/x86_64/灵眼GX.SwiftFileList -DDEBUG -enable-bare-slash-regex -enable-experimental-feature DebugDescriptionMacro -sdk /Applications/Xcode.app/Contents/Developer/Platforms/iPhoneSimulator.platform/Developer/SDKs/iPhoneSimulator18.2.sdk -target x86_64-apple-ios17.6-simulator -g -module-cache-path /Users/cengcheng/Documents/GitHub/vino/docs/1.0.0/qa/evidence/derived-data-unthinned/ModuleCache.noindex -Xfrontend -serialize-debugging-options -enable-testing -index-store-path /Users/cengcheng/Documents/GitHub/vino/docs/1.0.0/qa/evidence/derived-data-unthinned/Index.noindex/DataStore -enable-experimental-feature OpaqueTypeErasure -Xcc -D_LIBCPP_HARDENING_MODE\=_LIBCPP_HARDENING_MODE_DEBUG -swift-version 5 -I /Users/cengcheng/Documents/GitHub/vino/docs/1.0.0/qa/evidence/derived-data-unthinned/Build/Products/Debug-iphonesimulator -F /Users/cengcheng/Documents/GitHub/vino/docs/1.0.0/qa/evidence/derived-data-unthinned/Build/Products/Debug-iphonesimulator -emit-localized-strings -emit-localized-strings-path /Users/cengcheng/Documents/GitHub/vino/docs/1.0.0/qa/evidence/derived-data-unthinned/Build/Intermediates.noindex/vino_iPhone.build/Debug-iphonesimulator/vino_iPhone.build/Objects-normal/x86_64 -c -j10 -enable-batch-mode -incremental -Xcc -ivfsstatcache -Xcc /Users/cengcheng/Documents/GitHub/vino/docs/1.0.0/qa/evidence/derived-data-unthinned/SDKStatCaches.noindex/iphonesimulator18.2-22C146-07b28473f605e47e75261259d3ef3b5a.sdkstatcache -output-file-map /Users/cengcheng/Documents/GitHub/vino/docs/1.0.0/qa/evidence/derived-data-unthinned/Build/Intermediates.noindex/vino_iPhone.build/Debug-iphonesimulator/vino_iPhone.build/Objects-normal/x86_64/vino_iPhone-OutputFileMap.json -use-frontend-parseable-output -save-temps -no-color-diagnostics -serialize-diagnostics -emit-dependencies -emit-module -emit-module-path /Users/cengcheng/Documents/GitHub/vino/docs/1.0.0/qa/evidence/derived-data-unthinned/Build/Intermediates.noindex/vino_iPhone.build/Debug-iphonesimulator/vino_iPhone.build/Objects-normal/x86_64/vino_iPhone.swiftmodule -validate-clang-modules-once -clang-build-session-file /Users/cengcheng/Documents/GitHub/vino/docs/1.0.0/qa/evidence/derived-data-unthinned/ModuleCache.noindex/Session.modulevalidation -Xcc -I/Users/cengcheng/Documents/GitHub/vino/docs/1.0.0/qa/evidence/derived-data-unthinned/Build/Intermediates.noindex/vino_iPhone.build/Debug-iphonesimulator/vino_iPhone.build/swift-overrides.hmap -emit-const-values -Xfrontend -const-gather-protocols-file -Xfrontend /Users/cengcheng/Documents/GitHub/vino/docs/1.0.0/qa/evidence/derived-data-unthinned/Build/Intermediates.noindex/vino_iPhone.build/Debug-iphonesimulator/vino_iPhone.build/Objects-normal/x86_64/vino_iPhone_const_extract_protocols.json -Xcc -iquote -Xcc /Users/cengcheng/Documents/GitHub/vino/docs/1.0.0/qa/evidence/derived-data-unthinned/Build/Intermediates.noindex/vino_iPhone.build/Debug-iphonesimulator/vino_iPhone.build/灵眼GX-generated-files.hmap -Xcc -I/Users/cengcheng/Documents/GitHub/vino/docs/1.0.0/qa/evidence/derived-data-unthinned/Build/Intermediates.noindex/vino_iPhone.build/Debug-iphonesimulator/vino_iPhone.build/灵眼GX-own-target-headers.hmap -Xcc -I/Users/cengcheng/Documents/GitHub/vino/docs/1.0.0/qa/evidence/derived-data-unthinned/Build/Intermediates.noindex/vino_iPhone.build/Debug-iphonesimulator/vino_iPhone.build/灵眼GX-all-target-headers.hmap -Xcc -iquote -Xcc /Users/cengcheng/Documents/GitHub/vino/docs/1.0.0/qa/evidence/derived-data-unthinned/Build/Intermediates.noindex/vino_iPhone.build/Debug-iphonesimulator/vino_iPhone.build/灵眼GX-project-headers.hmap -Xcc -I/Users/cengcheng/Documents/GitHub/vino/docs/1.0.0/qa/evidence/derived-data-unthinned/Build/Products/Debug-iphonesimulator/include -Xcc -I/Users/cengcheng/Documents/GitHub/vino/docs/1.0.0/qa/evidence/derived-data-unthinned/Build/Intermediates.noindex/vino_iPhone.build/Debug-iphonesimulator/vino_iPhone.build/DerivedSources-normal/x86_64 -Xcc -I/Users/cengcheng/Documents/GitHub/vino/docs/1.0.0/qa/evidence/derived-data-unthinned/Build/Intermediates.noindex/vino_iPhone.build/Debug-iphonesimulator/vino_iPhone.build/DerivedSources/x86_64 -Xcc -I/Users/cengcheng/Documents/GitHub/vino/docs/1.0.0/qa/evidence/derived-data-unthinned/Build/Intermediates.noindex/vino_iPhone.build/Debug-iphonesimulator/vino_iPhone.build/DerivedSources -Xcc -DDEBUG\=1 -emit-objc-header -emit-objc-header-path /Users/cengcheng/Documents/GitHub/vino/docs/1.0.0/qa/evidence/derived-data-unthinned/Build/Intermediates.noindex/vino_iPhone.build/Debug-iphonesimulator/vino_iPhone.build/Objects-normal/x86_64/vino_iPhone-Swift.h -working-directory /Users/cengcheng/Documents/GitHub/vino/vino_iPhone -experimental-emit-module-separately -disable-cmo

SwiftDriver\ Compilation\ Requirements vino_iPhone normal arm64 com.apple.xcode.tools.swift.compiler (in target 'vino_iPhone' from project 'vino_iPhone')
    cd /Users/cengcheng/Documents/GitHub/vino/vino_iPhone
    builtin-Swift-Compilation-Requirements -- /Applications/Xcode.app/Contents/Developer/Toolchains/XcodeDefault.xctoolchain/usr/bin/swiftc -module-name vino_iPhone -Onone -enforce-exclusivity\=checked @/Users/cengcheng/Documents/GitHub/vino/docs/1.0.0/qa/evidence/derived-data-unthinned/Build/Intermediates.noindex/vino_iPhone.build/Debug-iphonesimulator/vino_iPhone.build/Objects-normal/arm64/灵眼GX.SwiftFileList -DDEBUG -enable-bare-slash-regex -enable-experimental-feature DebugDescriptionMacro -sdk /Applications/Xcode.app/Contents/Developer/Platforms/iPhoneSimulator.platform/Developer/SDKs/iPhoneSimulator18.2.sdk -target arm64-apple-ios17.6-simulator -g -module-cache-path /Users/cengcheng/Documents/GitHub/vino/docs/1.0.0/qa/evidence/derived-data-unthinned/ModuleCache.noindex -Xfrontend -serialize-debugging-options -enable-testing -index-store-path /Users/cengcheng/Documents/GitHub/vino/docs/1.0.0/qa/evidence/derived-data-unthinned/Index.noindex/DataStore -enable-experimental-feature OpaqueTypeErasure -Xcc -D_LIBCPP_HARDENING_MODE\=_LIBCPP_HARDENING_MODE_DEBUG -swift-version 5 -I /Users/cengcheng/Documents/GitHub/vino/docs/1.0.0/qa/evidence/derived-data-unthinned/Build/Products/Debug-iphonesimulator -F /Users/cengcheng/Documents/GitHub/vino/docs/1.0.0/qa/evidence/derived-data-unthinned/Build/Products/Debug-iphonesimulator -emit-localized-strings -emit-localized-strings-path /Users/cengcheng/Documents/GitHub/vino/docs/1.0.0/qa/evidence/derived-data-unthinned/Build/Intermediates.noindex/vino_iPhone.build/Debug-iphonesimulator/vino_iPhone.build/Objects-normal/arm64 -c -j10 -enable-batch-mode -incremental -Xcc -ivfsstatcache -Xcc /Users/cengcheng/Documents/GitHub/vino/docs/1.0.0/qa/evidence/derived-data-unthinned/SDKStatCaches.noindex/iphonesimulator18.2-22C146-07b28473f605e47e75261259d3ef3b5a.sdkstatcache -output-file-map /Users/cengcheng/Documents/GitHub/vino/docs/1.0.0/qa/evidence/derived-data-unthinned/Build/Intermediates.noindex/vino_iPhone.build/Debug-iphonesimulator/vino_iPhone.build/Objects-normal/arm64/vino_iPhone-OutputFileMap.json -use-frontend-parseable-output -save-temps -no-color-diagnostics -serialize-diagnostics -emit-dependencies -emit-module -emit-module-path /Users/cengcheng/Documents/GitHub/vino/docs/1.0.0/qa/evidence/derived-data-unthinned/Build/Intermediates.noindex/vino_iPhone.build/Debug-iphonesimulator/vino_iPhone.build/Objects-normal/arm64/vino_iPhone.swiftmodule -validate-clang-modules-once -clang-build-session-file /Users/cengcheng/Documents/GitHub/vino/docs/1.0.0/qa/evidence/derived-data-unthinned/ModuleCache.noindex/Session.modulevalidation -Xcc -I/Users/cengcheng/Documents/GitHub/vino/docs/1.0.0/qa/evidence/derived-data-unthinned/Build/Intermediates.noindex/vino_iPhone.build/Debug-iphonesimulator/vino_iPhone.build/swift-overrides.hmap -emit-const-values -Xfrontend -const-gather-protocols-file -Xfrontend /Users/cengcheng/Documents/GitHub/vino/docs/1.0.0/qa/evidence/derived-data-unthinned/Build/Intermediates.noindex/vino_iPhone.build/Debug-iphonesimulator/vino_iPhone.build/Objects-normal/arm64/vino_iPhone_const_extract_protocols.json -Xcc -iquote -Xcc /Users/cengcheng/Documents/GitHub/vino/docs/1.0.0/qa/evidence/derived-data-unthinned/Build/Intermediates.noindex/vino_iPhone.build/Debug-iphonesimulator/vino_iPhone.build/灵眼GX-generated-files.hmap -Xcc -I/Users/cengcheng/Documents/GitHub/vino/docs/1.0.0/qa/evidence/derived-data-unthinned/Build/Intermediates.noindex/vino_iPhone.build/Debug-iphonesimulator/vino_iPhone.build/灵眼GX-own-target-headers.hmap -Xcc -I/Users/cengcheng/Documents/GitHub/vino/docs/1.0.0/qa/evidence/derived-data-unthinned/Build/Intermediates.noindex/vino_iPhone.build/Debug-iphonesimulator/vino_iPhone.build/灵眼GX-all-target-headers.hmap -Xcc -iquote -Xcc /Users/cengcheng/Documents/GitHub/vino/docs/1.0.0/qa/evidence/derived-data-unthinned/Build/Intermediates.noindex/vino_iPhone.build/Debug-iphonesimulator/vino_iPhone.build/灵眼GX-project-headers.hmap -Xcc -I/Users/cengcheng/Documents/GitHub/vino/docs/1.0.0/qa/evidence/derived-data-unthinned/Build/Products/Debug-iphonesimulator/include -Xcc -I/Users/cengcheng/Documents/GitHub/vino/docs/1.0.0/qa/evidence/derived-data-unthinned/Build/Intermediates.noindex/vino_iPhone.build/Debug-iphonesimulator/vino_iPhone.build/DerivedSources-normal/arm64 -Xcc -I/Users/cengcheng/Documents/GitHub/vino/docs/1.0.0/qa/evidence/derived-data-unthinned/Build/Intermediates.noindex/vino_iPhone.build/Debug-iphonesimulator/vino_iPhone.build/DerivedSources/arm64 -Xcc -I/Users/cengcheng/Documents/GitHub/vino/docs/1.0.0/qa/evidence/derived-data-unthinned/Build/Intermediates.noindex/vino_iPhone.build/Debug-iphonesimulator/vino_iPhone.build/DerivedSources -Xcc -DDEBUG\=1 -emit-objc-header -emit-objc-header-path /Users/cengcheng/Documents/GitHub/vino/docs/1.0.0/qa/evidence/derived-data-unthinned/Build/Intermediates.noindex/vino_iPhone.build/Debug-iphonesimulator/vino_iPhone.build/Objects-normal/arm64/vino_iPhone-Swift.h -working-directory /Users/cengcheng/Documents/GitHub/vino/vino_iPhone -experimental-emit-module-separately -disable-cmo

Copy /Users/cengcheng/Documents/GitHub/vino/docs/1.0.0/qa/evidence/derived-data-unthinned/Build/Products/Debug-iphonesimulator/vino_iPhone.swiftmodule/x86_64-apple-ios-simulator.swiftmodule /Users/cengcheng/Documents/GitHub/vino/docs/1.0.0/qa/evidence/derived-data-unthinned/Build/Intermediates.noindex/vino_iPhone.build/Debug-iphonesimulator/vino_iPhone.build/Objects-normal/x86_64/vino_iPhone.swiftmodule (in target 'vino_iPhone' from project 'vino_iPhone')
    cd /Users/cengcheng/Documents/GitHub/vino/vino_iPhone
    builtin-copy -exclude .DS_Store -exclude CVS -exclude .svn -exclude .git -exclude .hg -resolve-src-symlinks -rename /Users/cengcheng/Documents/GitHub/vino/docs/1.0.0/qa/evidence/derived-data-unthinned/Build/Intermediates.noindex/vino_iPhone.build/Debug-iphonesimulator/vino_iPhone.build/Objects-normal/x86_64/vino_iPhone.swiftmodule /Users/cengcheng/Documents/GitHub/vino/docs/1.0.0/qa/evidence/derived-data-unthinned/Build/Products/Debug-iphonesimulator/vino_iPhone.swiftmodule/x86_64-apple-ios-simulator.swiftmodule

SwiftMergeGeneratedHeaders /Users/cengcheng/Documents/GitHub/vino/docs/1.0.0/qa/evidence/derived-data-unthinned/Build/Intermediates.noindex/vino_iPhone.build/Debug-iphonesimulator/vino_iPhone.build/DerivedSources/vino_iPhone-Swift.h /Users/cengcheng/Documents/GitHub/vino/docs/1.0.0/qa/evidence/derived-data-unthinned/Build/Intermediates.noindex/vino_iPhone.build/Debug-iphonesimulator/vino_iPhone.build/Objects-normal/arm64/vino_iPhone-Swift.h /Users/cengcheng/Documents/GitHub/vino/docs/1.0.0/qa/evidence/derived-data-unthinned/Build/Intermediates.noindex/vino_iPhone.build/Debug-iphonesimulator/vino_iPhone.build/Objects-normal/x86_64/vino_iPhone-Swift.h (in target 'vino_iPhone' from project 'vino_iPhone')
    cd /Users/cengcheng/Documents/GitHub/vino/vino_iPhone
    builtin-swiftHeaderTool -arch arm64 /Users/cengcheng/Documents/GitHub/vino/docs/1.0.0/qa/evidence/derived-data-unthinned/Build/Intermediates.noindex/vino_iPhone.build/Debug-iphonesimulator/vino_iPhone.build/Objects-normal/arm64/vino_iPhone-Swift.h -arch x86_64 /Users/cengcheng/Documents/GitHub/vino/docs/1.0.0/qa/evidence/derived-data-unthinned/Build/Intermediates.noindex/vino_iPhone.build/Debug-iphonesimulator/vino_iPhone.build/Objects-normal/x86_64/vino_iPhone-Swift.h -o /Users/cengcheng/Documents/GitHub/vino/docs/1.0.0/qa/evidence/derived-data-unthinned/Build/Intermediates.noindex/vino_iPhone.build/Debug-iphonesimulator/vino_iPhone.build/DerivedSources/vino_iPhone-Swift.h

Copy /Users/cengcheng/Documents/GitHub/vino/docs/1.0.0/qa/evidence/derived-data-unthinned/Build/Products/Debug-iphonesimulator/vino_iPhone.swiftmodule/x86_64-apple-ios-simulator.swiftdoc /Users/cengcheng/Documents/GitHub/vino/docs/1.0.0/qa/evidence/derived-data-unthinned/Build/Intermediates.noindex/vino_iPhone.build/Debug-iphonesimulator/vino_iPhone.build/Objects-normal/x86_64/vino_iPhone.swiftdoc (in target 'vino_iPhone' from project 'vino_iPhone')
    cd /Users/cengcheng/Documents/GitHub/vino/vino_iPhone
    builtin-copy -exclude .DS_Store -exclude CVS -exclude .svn -exclude .git -exclude .hg -resolve-src-symlinks -rename /Users/cengcheng/Documents/GitHub/vino/docs/1.0.0/qa/evidence/derived-data-unthinned/Build/Intermediates.noindex/vino_iPhone.build/Debug-iphonesimulator/vino_iPhone.build/Objects-normal/x86_64/vino_iPhone.swiftdoc /Users/cengcheng/Documents/GitHub/vino/docs/1.0.0/qa/evidence/derived-data-unthinned/Build/Products/Debug-iphonesimulator/vino_iPhone.swiftmodule/x86_64-apple-ios-simulator.swiftdoc

Copy /Users/cengcheng/Documents/GitHub/vino/docs/1.0.0/qa/evidence/derived-data-unthinned/Build/Products/Debug-iphonesimulator/vino_iPhone.swiftmodule/x86_64-apple-ios-simulator.abi.json /Users/cengcheng/Documents/GitHub/vino/docs/1.0.0/qa/evidence/derived-data-unthinned/Build/Intermediates.noindex/vino_iPhone.build/Debug-iphonesimulator/vino_iPhone.build/Objects-normal/x86_64/vino_iPhone.abi.json (in target 'vino_iPhone' from project 'vino_iPhone')
    cd /Users/cengcheng/Documents/GitHub/vino/vino_iPhone
    builtin-copy -exclude .DS_Store -exclude CVS -exclude .svn -exclude .git -exclude .hg -resolve-src-symlinks -rename /Users/cengcheng/Documents/GitHub/vino/docs/1.0.0/qa/evidence/derived-data-unthinned/Build/Intermediates.noindex/vino_iPhone.build/Debug-iphonesimulator/vino_iPhone.build/Objects-normal/x86_64/vino_iPhone.abi.json /Users/cengcheng/Documents/GitHub/vino/docs/1.0.0/qa/evidence/derived-data-unthinned/Build/Products/Debug-iphonesimulator/vino_iPhone.swiftmodule/x86_64-apple-ios-simulator.abi.json

Copy /Users/cengcheng/Documents/GitHub/vino/docs/1.0.0/qa/evidence/derived-data-unthinned/Build/Products/Debug-iphonesimulator/vino_iPhone.swiftmodule/arm64-apple-ios-simulator.swiftmodule /Users/cengcheng/Documents/GitHub/vino/docs/1.0.0/qa/evidence/derived-data-unthinned/Build/Intermediates.noindex/vino_iPhone.build/Debug-iphonesimulator/vino_iPhone.build/Objects-normal/arm64/vino_iPhone.swiftmodule (in target 'vino_iPhone' from project 'vino_iPhone')
    cd /Users/cengcheng/Documents/GitHub/vino/vino_iPhone
    builtin-copy -exclude .DS_Store -exclude CVS -exclude .svn -exclude .git -exclude .hg -resolve-src-symlinks -rename /Users/cengcheng/Documents/GitHub/vino/docs/1.0.0/qa/evidence/derived-data-unthinned/Build/Intermediates.noindex/vino_iPhone.build/Debug-iphonesimulator/vino_iPhone.build/Objects-normal/arm64/vino_iPhone.swiftmodule /Users/cengcheng/Documents/GitHub/vino/docs/1.0.0/qa/evidence/derived-data-unthinned/Build/Products/Debug-iphonesimulator/vino_iPhone.swiftmodule/arm64-apple-ios-simulator.swiftmodule

Copy /Users/cengcheng/Documents/GitHub/vino/docs/1.0.0/qa/evidence/derived-data-unthinned/Build/Products/Debug-iphonesimulator/vino_iPhone.swiftmodule/arm64-apple-ios-simulator.swiftdoc /Users/cengcheng/Documents/GitHub/vino/docs/1.0.0/qa/evidence/derived-data-unthinned/Build/Intermediates.noindex/vino_iPhone.build/Debug-iphonesimulator/vino_iPhone.build/Objects-normal/arm64/vino_iPhone.swiftdoc (in target 'vino_iPhone' from project 'vino_iPhone')
    cd /Users/cengcheng/Documents/GitHub/vino/vino_iPhone
    builtin-copy -exclude .DS_Store -exclude CVS -exclude .svn -exclude .git -exclude .hg -resolve-src-symlinks -rename /Users/cengcheng/Documents/GitHub/vino/docs/1.0.0/qa/evidence/derived-data-unthinned/Build/Intermediates.noindex/vino_iPhone.build/Debug-iphonesimulator/vino_iPhone.build/Objects-normal/arm64/vino_iPhone.swiftdoc /Users/cengcheng/Documents/GitHub/vino/docs/1.0.0/qa/evidence/derived-data-unthinned/Build/Products/Debug-iphonesimulator/vino_iPhone.swiftmodule/arm64-apple-ios-simulator.swiftdoc

Copy /Users/cengcheng/Documents/GitHub/vino/docs/1.0.0/qa/evidence/derived-data-unthinned/Build/Products/Debug-iphonesimulator/vino_iPhone.swiftmodule/arm64-apple-ios-simulator.abi.json /Users/cengcheng/Documents/GitHub/vino/docs/1.0.0/qa/evidence/derived-data-unthinned/Build/Intermediates.noindex/vino_iPhone.build/Debug-iphonesimulator/vino_iPhone.build/Objects-normal/arm64/vino_iPhone.abi.json (in target 'vino_iPhone' from project 'vino_iPhone')
    cd /Users/cengcheng/Documents/GitHub/vino/vino_iPhone
    builtin-copy -exclude .DS_Store -exclude CVS -exclude .svn -exclude .git -exclude .hg -resolve-src-symlinks -rename /Users/cengcheng/Documents/GitHub/vino/docs/1.0.0/qa/evidence/derived-data-unthinned/Build/Intermediates.noindex/vino_iPhone.build/Debug-iphonesimulator/vino_iPhone.build/Objects-normal/arm64/vino_iPhone.abi.json /Users/cengcheng/Documents/GitHub/vino/docs/1.0.0/qa/evidence/derived-data-unthinned/Build/Products/Debug-iphonesimulator/vino_iPhone.swiftmodule/arm64-apple-ios-simulator.abi.json

Copy /Users/cengcheng/Documents/GitHub/vino/docs/1.0.0/qa/evidence/derived-data-unthinned/Build/Products/Debug-iphonesimulator/vino_iPhone.swiftmodule/Project/x86_64-apple-ios-simulator.swiftsourceinfo /Users/cengcheng/Documents/GitHub/vino/docs/1.0.0/qa/evidence/derived-data-unthinned/Build/Intermediates.noindex/vino_iPhone.build/Debug-iphonesimulator/vino_iPhone.build/Objects-normal/x86_64/vino_iPhone.swiftsourceinfo (in target 'vino_iPhone' from project 'vino_iPhone')
    cd /Users/cengcheng/Documents/GitHub/vino/vino_iPhone
    builtin-copy -exclude .DS_Store -exclude CVS -exclude .svn -exclude .git -exclude .hg -resolve-src-symlinks -rename /Users/cengcheng/Documents/GitHub/vino/docs/1.0.0/qa/evidence/derived-data-unthinned/Build/Intermediates.noindex/vino_iPhone.build/Debug-iphonesimulator/vino_iPhone.build/Objects-normal/x86_64/vino_iPhone.swiftsourceinfo /Users/cengcheng/Documents/GitHub/vino/docs/1.0.0/qa/evidence/derived-data-unthinned/Build/Products/Debug-iphonesimulator/vino_iPhone.swiftmodule/Project/x86_64-apple-ios-simulator.swiftsourceinfo

Copy /Users/cengcheng/Documents/GitHub/vino/docs/1.0.0/qa/evidence/derived-data-unthinned/Build/Products/Debug-iphonesimulator/vino_iPhone.swiftmodule/Project/arm64-apple-ios-simulator.swiftsourceinfo /Users/cengcheng/Documents/GitHub/vino/docs/1.0.0/qa/evidence/derived-data-unthinned/Build/Intermediates.noindex/vino_iPhone.build/Debug-iphonesimulator/vino_iPhone.build/Objects-normal/arm64/vino_iPhone.swiftsourceinfo (in target 'vino_iPhone' from project 'vino_iPhone')
    cd /Users/cengcheng/Documents/GitHub/vino/vino_iPhone
    builtin-copy -exclude .DS_Store -exclude CVS -exclude .svn -exclude .git -exclude .hg -resolve-src-symlinks -rename /Users/cengcheng/Documents/GitHub/vino/docs/1.0.0/qa/evidence/derived-data-unthinned/Build/Intermediates.noindex/vino_iPhone.build/Debug-iphonesimulator/vino_iPhone.build/Objects-normal/arm64/vino_iPhone.swiftsourceinfo /Users/cengcheng/Documents/GitHub/vino/docs/1.0.0/qa/evidence/derived-data-unthinned/Build/Products/Debug-iphonesimulator/vino_iPhone.swiftmodule/Project/arm64-apple-ios-simulator.swiftsourceinfo

SwiftCompile normal arm64 Compiling\ VinoPhoneApp.swift,\ VinoPhoneShellView.swift,\ CameraPreviewView.swift /Users/cengcheng/Documents/GitHub/vino/vino_iPhone/AppHost/VinoPhoneApp.swift /Users/cengcheng/Documents/GitHub/vino/vino_iPhone/Sources/App/VinoPhoneShellView.swift /Users/cengcheng/Documents/GitHub/vino/vino_iPhone/Sources/Camera/CameraPreviewView.swift (in target 'vino_iPhone' from project 'vino_iPhone')
    cd /Users/cengcheng/Documents/GitHub/vino/vino_iPhone
    builtin-swiftTaskExecution -- /Applications/Xcode.app/Contents/Developer/Toolchains/XcodeDefault.xctoolchain/usr/bin/swift-frontend -frontend -c -primary-file /Users/cengcheng/Documents/GitHub/vino/vino_iPhone/AppHost/VinoPhoneApp.swift -primary-file /Users/cengcheng/Documents/GitHub/vino/vino_iPhone/Sources/App/VinoPhoneShellView.swift -primary-file /Users/cengcheng/Documents/GitHub/vino/vino_iPhone/Sources/Camera/CameraPreviewView.swift /Users/cengcheng/Documents/GitHub/vino/vino_iPhone/Sources/Camera/CameraSessionController.swift /Users/cengcheng/Documents/GitHub/vino/vino_iPhone/Sources/Inference/InferenceRuntime.swift /Users/cengcheng/Documents/GitHub/vino/vino_iPhone/Sources/Models/CoreMLCatalog.swift /Users/cengcheng/Documents/GitHub/vino/vino_iPhone/Sources/Models/InferenceModels.swift /Users/cengcheng/Documents/GitHub/vino/vino_iPhone/Sources/Models/ModelFileStore.swift /Users/cengcheng/Documents/GitHub/vino/vino_iPhone/Sources/Models/VinoAppState.swift /Users/cengcheng/Documents/GitHub/vino/vino_iPhone/Sources/Models/VinoTheme.swift /Users/cengcheng/Documents/GitHub/vino/vino_iPhone/Sources/Networking/ControlPlaneCoordinator.swift /Users/cengcheng/Documents/GitHub/vino/vino_iPhone/Sources/Networking/IPAddressMonitor.swift /Users/cengcheng/Documents/GitHub/vino/vino_iPhone/Sources/Networking/VinoProtocol.swift /Users/cengcheng/Documents/GitHub/vino/vino_iPhone/Sources/Overlay/CameraOverlayView.swift /Users/cengcheng/Documents/GitHub/vino/vino_iPhone/Sources/Overlay/InferenceResultsOverlayView.swift /Users/cengcheng/Documents/GitHub/vino/vino_iPhone/Sources/Auth/AuthModels.swift /Users/cengcheng/Documents/GitHub/vino/vino_iPhone/Sources/Auth/KeychainStore.swift /Users/cengcheng/Documents/GitHub/vino/vino_iPhone/Sources/Auth/AuthSessionStore.swift /Users/cengcheng/Documents/GitHub/vino/vino_iPhone/Sources/Auth/AuthService.swift /Users/cengcheng/Documents/GitHub/vino/vino_iPhone/Sources/Models/CloudModelCatalog.swift /Users/cengcheng/Documents/GitHub/vino/vino_iPhone/Sources/Models/ModelLicenseVerifier.swift /Users/cengcheng/Documents/GitHub/vino/vino_iPhone/Sources/Networking/AssetUploadService.swift /Users/cengcheng/Documents/GitHub/vino/vino_iPhone/Sources/Networking/CloudControlCoordinator.swift /Users/cengcheng/Documents/GitHub/vino/docs/1.0.0/qa/evidence/derived-data-unthinned/Build/Intermediates.noindex/vino_iPhone.build/Debug-iphonesimulator/vino_iPhone.build/DerivedSources/GeneratedAssetSymbols.swift -supplementary-output-file-map /Users/cengcheng/Documents/GitHub/vino/docs/1.0.0/qa/evidence/derived-data-unthinned/Build/Intermediates.noindex/vino_iPhone.build/Debug-iphonesimulator/vino_iPhone.build/Objects-normal/arm64/supplementaryOutputs-2 -emit-localized-strings -emit-localized-strings-path /Users/cengcheng/Documents/GitHub/vino/docs/1.0.0/qa/evidence/derived-data-unthinned/Build/Intermediates.noindex/vino_iPhone.build/Debug-iphonesimulator/vino_iPhone.build/Objects-normal/arm64 -target arm64-apple-ios17.6-simulator -Xllvm -aarch64-use-tbi -enable-objc-interop -sdk /Applications/Xcode.app/Contents/Developer/Platforms/iPhoneSimulator.platform/Developer/SDKs/iPhoneSimulator18.2.sdk -I /Users/cengcheng/Documents/GitHub/vino/docs/1.0.0/qa/evidence/derived-data-unthinned/Build/Products/Debug-iphonesimulator -F /Users/cengcheng/Documents/GitHub/vino/docs/1.0.0/qa/evidence/derived-data-unthinned/Build/Products/Debug-iphonesimulator -no-color-diagnostics -enable-testing -g -debug-info-format\=dwarf -dwarf-version\=4 -module-cache-path /Users/cengcheng/Documents/GitHub/vino/docs/1.0.0/qa/evidence/derived-data-unthinned/ModuleCache.noindex -swift-version 5 -enforce-exclusivity\=checked -Onone -D DEBUG -serialize-debugging-options -const-gather-protocols-file /Users/cengcheng/Documents/GitHub/vino/docs/1.0.0/qa/evidence/derived-data-unthinned/Build/Intermediates.noindex/vino_iPhone.build/Debug-iphonesimulator/vino_iPhone.build/Objects-normal/arm64/vino_iPhone_const_extract_protocols.json -enable-experimental-feature DebugDescriptionMacro -enable-experimental-feature OpaqueTypeErasure -enable-bare-slash-regex -empty-abi-descriptor -validate-clang-modules-once -clang-build-session-file /Users/cengcheng/Documents/GitHub/vino/docs/1.0.0/qa/evidence/derived-data-unthinned/ModuleCache.noindex/Session.modulevalidation -Xcc -working-directory -Xcc /Users/cengcheng/Documents/GitHub/vino/vino_iPhone -resource-dir /Applications/Xcode.app/Contents/Developer/Toolchains/XcodeDefault.xctoolchain/usr/lib/swift -enable-anonymous-context-mangled-names -file-compilation-dir /Users/cengcheng/Documents/GitHub/vino/vino_iPhone -Xcc -D_LIBCPP_HARDENING_MODE\=_LIBCPP_HARDENING_MODE_DEBUG -Xcc -ivfsstatcache -Xcc /Users/cengcheng/Documents/GitHub/vino/docs/1.0.0/qa/evidence/derived-data-unthinned/SDKStatCaches.noindex/iphonesimulator18.2-22C146-07b28473f605e47e75261259d3ef3b5a.sdkstatcache -Xcc -I/Users/cengcheng/Documents/GitHub/vino/docs/1.0.0/qa/evidence/derived-data-unthinned/Build/Intermediates.noindex/vino_iPhone.build/Debug-iphonesimulator/vino_iPhone.build/swift-overrides.hmap -Xcc -iquote -Xcc /Users/cengcheng/Documents/GitHub/vino/docs/1.0.0/qa/evidence/derived-data-unthinned/Build/Intermediates.noindex/vino_iPhone.build/Debug-iphonesimulator/vino_iPhone.build/灵眼GX-generated-files.hmap -Xcc -I/Users/cengcheng/Documents/GitHub/vino/docs/1.0.0/qa/evidence/derived-data-unthinned/Build/Intermediates.noindex/vino_iPhone.build/Debug-iphonesimulator/vino_iPhone.build/灵眼GX-own-target-headers.hmap -Xcc -I/Users/cengcheng/Documents/GitHub/vino/docs/1.0.0/qa/evidence/derived-data-unthinned/Build/Intermediates.noindex/vino_iPhone.build/Debug-iphonesimulator/vino_iPhone.build/灵眼GX-all-target-headers.hmap -Xcc -iquote -Xcc /Users/cengcheng/Documents/GitHub/vino/docs/1.0.0/qa/evidence/derived-data-unthinned/Build/Intermediates.noindex/vino_iPhone.build/Debug-iphonesimulator/vino_iPhone.build/灵眼GX-project-headers.hmap -Xcc -I/Users/cengcheng/Documents/GitHub/vino/docs/1.0.0/qa/evidence/derived-data-unthinned/Build/Products/Debug-iphonesimulator/include -Xcc -I/Users/cengcheng/Documents/GitHub/vino/docs/1.0.0/qa/evidence/derived-data-unthinned/Build/Intermediates.noindex/vino_iPhone.build/Debug-iphonesimulator/vino_iPhone.build/DerivedSources-normal/arm64 -Xcc -I/Users/cengcheng/Documents/GitHub/vino/docs/1.0.0/qa/evidence/derived-data-unthinned/Build/Intermediates.noindex/vino_iPhone.build/Debug-iphonesimulator/vino_iPhone.build/DerivedSources/arm64 -Xcc -I/Users/cengcheng/Documents/GitHub/vino/docs/1.0.0/qa/evidence/derived-data-unthinned/Build/Intermediates.noindex/vino_iPhone.build/Debug-iphonesimulator/vino_iPhone.build/DerivedSources -Xcc -DDEBUG\=1 -module-name vino_iPhone -frontend-parseable-output -disable-clang-spi -target-sdk-version 18.2 -target-sdk-name iphonesimulator18.2 -external-plugin-path /Applications/Xcode.app/Contents/Developer/Platforms/iPhoneOS.platform/Developer/usr/lib/swift/host/plugins\#/Applications/Xcode.app/Contents/Developer/Platforms/iPhoneOS.platform/Developer/usr/bin/swift-plugin-server -external-plugin-path /Applications/Xcode.app/Contents/Developer/Platforms/iPhoneOS.platform/Developer/usr/local/lib/swift/host/plugins\#/Applications/Xcode.app/Contents/Developer/Platforms/iPhoneOS.platform/Developer/usr/bin/swift-plugin-server -plugin-path /Applications/Xcode.app/Contents/Developer/Toolchains/XcodeDefault.xctoolchain/usr/lib/swift/host/plugins -plugin-path /Applications/Xcode.app/Contents/Developer/Toolchains/XcodeDefault.xctoolchain/usr/local/lib/swift/host/plugins -o /Users/cengcheng/Documents/GitHub/vino/docs/1.0.0/qa/evidence/derived-data-unthinned/Build/Intermediates.noindex/vino_iPhone.build/Debug-iphonesimulator/vino_iPhone.build/Objects-normal/arm64/VinoPhoneApp.o -o /Users/cengcheng/Documents/GitHub/vino/docs/1.0.0/qa/evidence/derived-data-unthinned/Build/Intermediates.noindex/vino_iPhone.build/Debug-iphonesimulator/vino_iPhone.build/Objects-normal/arm64/VinoPhoneShellView.o -o /Users/cengcheng/Documents/GitHub/vino/docs/1.0.0/qa/evidence/derived-data-unthinned/Build/Intermediates.noindex/vino_iPhone.build/Debug-iphonesimulator/vino_iPhone.build/Objects-normal/arm64/CameraPreviewView.o -index-unit-output-path /vino_iPhone.build/Debug-iphonesimulator/vino_iPhone.build/Objects-normal/arm64/VinoPhoneApp.o -index-unit-output-path /vino_iPhone.build/Debug-iphonesimulator/vino_iPhone.build/Objects-normal/arm64/VinoPhoneShellView.o -index-unit-output-path /vino_iPhone.build/Debug-iphonesimulator/vino_iPhone.build/Objects-normal/arm64/CameraPreviewView.o -index-store-path /Users/cengcheng/Documents/GitHub/vino/docs/1.0.0/qa/evidence/derived-data-unthinned/Index.noindex/DataStore -index-system-modules

SwiftCompile normal arm64 /Users/cengcheng/Documents/GitHub/vino/vino_iPhone/AppHost/VinoPhoneApp.swift (in target 'vino_iPhone' from project 'vino_iPhone')
    cd /Users/cengcheng/Documents/GitHub/vino/vino_iPhone
    /Applications/Xcode.app/Contents/Developer/Toolchains/XcodeDefault.xctoolchain/usr/bin/swift-frontend -c -primary-file /Users/cengcheng/Documents/GitHub/vino/vino_iPhone/AppHost/VinoPhoneApp.swift -primary-file /Users/cengcheng/Documents/GitHub/vino/vino_iPhone/Sources/App/VinoPhoneShellView.swift -primary-file /Users/cengcheng/Documents/GitHub/vino/vino_iPhone/Sources/Camera/CameraPreviewView.swift /Users/cengcheng/Documents/GitHub/vino/vino_iPhone/Sources/Camera/CameraSessionController.swift /Users/cengcheng/Documents/GitHub/vino/vino_iPhone/Sources/Inference/InferenceRuntime.swift /Users/cengcheng/Documents/GitHub/vino/vino_iPhone/Sources/Models/CoreMLCatalog.swift /Users/cengcheng/Documents/GitHub/vino/vino_iPhone/Sources/Models/InferenceModels.swift /Users/cengcheng/Documents/GitHub/vino/vino_iPhone/Sources/Models/ModelFileStore.swift /Users/cengcheng/Documents/GitHub/vino/vino_iPhone/Sources/Models/VinoAppState.swift /Users/cengcheng/Documents/GitHub/vino/vino_iPhone/Sources/Models/VinoTheme.swift /Users/cengcheng/Documents/GitHub/vino/vino_iPhone/Sources/Networking/ControlPlaneCoordinator.swift /Users/cengcheng/Documents/GitHub/vino/vino_iPhone/Sources/Networking/IPAddressMonitor.swift /Users/cengcheng/Documents/GitHub/vino/vino_iPhone/Sources/Networking/VinoProtocol.swift /Users/cengcheng/Documents/GitHub/vino/vino_iPhone/Sources/Overlay/CameraOverlayView.swift /Users/cengcheng/Documents/GitHub/vino/vino_iPhone/Sources/Overlay/InferenceResultsOverlayView.swift /Users/cengcheng/Documents/GitHub/vino/vino_iPhone/Sources/Auth/AuthModels.swift /Users/cengcheng/Documents/GitHub/vino/vino_iPhone/Sources/Auth/KeychainStore.swift /Users/cengcheng/Documents/GitHub/vino/vino_iPhone/Sources/Auth/AuthSessionStore.swift /Users/cengcheng/Documents/GitHub/vino/vino_iPhone/Sources/Auth/AuthService.swift /Users/cengcheng/Documents/GitHub/vino/vino_iPhone/Sources/Models/CloudModelCatalog.swift /Users/cengcheng/Documents/GitHub/vino/vino_iPhone/Sources/Models/ModelLicenseVerifier.swift /Users/cengcheng/Documents/GitHub/vino/vino_iPhone/Sources/Networking/AssetUploadService.swift /Users/cengcheng/Documents/GitHub/vino/vino_iPhone/Sources/Networking/CloudControlCoordinator.swift /Users/cengcheng/Documents/GitHub/vino/docs/1.0.0/qa/evidence/derived-data-unthinned/Build/Intermediates.noindex/vino_iPhone.build/Debug-iphonesimulator/vino_iPhone.build/DerivedSources/GeneratedAssetSymbols.swift -supplementary-output-file-map /Users/cengcheng/Documents/GitHub/vino/docs/1.0.0/qa/evidence/derived-data-unthinned/Build/Intermediates.noindex/vino_iPhone.build/Debug-iphonesimulator/vino_iPhone.build/Objects-normal/arm64/supplementaryOutputs-2 -emit-localized-strings -emit-localized-strings-path /Users/cengcheng/Documents/GitHub/vino/docs/1.0.0/qa/evidence/derived-data-unthinned/Build/Intermediates.noindex/vino_iPhone.build/Debug-iphonesimulator/vino_iPhone.build/Objects-normal/arm64 -target arm64-apple-ios17.6-simulator -Xllvm -aarch64-use-tbi -enable-objc-interop -sdk /Applications/Xcode.app/Contents/Developer/Platforms/iPhoneSimulator.platform/Developer/SDKs/iPhoneSimulator18.2.sdk -I /Users/cengcheng/Documents/GitHub/vino/docs/1.0.0/qa/evidence/derived-data-unthinned/Build/Products/Debug-iphonesimulator -F /Users/cengcheng/Documents/GitHub/vino/docs/1.0.0/qa/evidence/derived-data-unthinned/Build/Products/Debug-iphonesimulator -no-color-diagnostics -enable-testing -g -debug-info-format\=dwarf -dwarf-version\=4 -module-cache-path /Users/cengcheng/Documents/GitHub/vino/docs/1.0.0/qa/evidence/derived-data-unthinned/ModuleCache.noindex -swift-version 5 -enforce-exclusivity\=checked -Onone -D DEBUG -serialize-debugging-options -const-gather-protocols-file /Users/cengcheng/Documents/GitHub/vino/docs/1.0.0/qa/evidence/derived-data-unthinned/Build/Intermediates.noindex/vino_iPhone.build/Debug-iphonesimulator/vino_iPhone.build/Objects-normal/arm64/vino_iPhone_const_extract_protocols.json -enable-experimental-feature DebugDescriptionMacro -enable-experimental-feature OpaqueTypeErasure -enable-bare-slash-regex -empty-abi-descriptor -validate-clang-modules-once -clang-build-session-file /Users/cengcheng/Documents/GitHub/vino/docs/1.0.0/qa/evidence/derived-data-unthinned/ModuleCache.noindex/Session.modulevalidation -Xcc -working-directory -Xcc /Users/cengcheng/Documents/GitHub/vino/vino_iPhone -resource-dir /Applications/Xcode.app/Contents/Developer/Toolchains/XcodeDefault.xctoolchain/usr/lib/swift -enable-anonymous-context-mangled-names -file-compilation-dir /Users/cengcheng/Documents/GitHub/vino/vino_iPhone -Xcc -D_LIBCPP_HARDENING_MODE\=_LIBCPP_HARDENING_MODE_DEBUG -Xcc -ivfsstatcache -Xcc /Users/cengcheng/Documents/GitHub/vino/docs/1.0.0/qa/evidence/derived-data-unthinned/SDKStatCaches.noindex/iphonesimulator18.2-22C146-07b28473f605e47e75261259d3ef3b5a.sdkstatcache -Xcc -I/Users/cengcheng/Documents/GitHub/vino/docs/1.0.0/qa/evidence/derived-data-unthinned/Build/Intermediates.noindex/vino_iPhone.build/Debug-iphonesimulator/vino_iPhone.build/swift-overrides.hmap -Xcc -iquote -Xcc /Users/cengcheng/Documents/GitHub/vino/docs/1.0.0/qa/evidence/derived-data-unthinned/Build/Intermediates.noindex/vino_iPhone.build/Debug-iphonesimulator/vino_iPhone.build/灵眼GX-generated-files.hmap -Xcc -I/Users/cengcheng/Documents/GitHub/vino/docs/1.0.0/qa/evidence/derived-data-unthinned/Build/Intermediates.noindex/vino_iPhone.build/Debug-iphonesimulator/vino_iPhone.build/灵眼GX-own-target-headers.hmap -Xcc -I/Users/cengcheng/Documents/GitHub/vino/docs/1.0.0/qa/evidence/derived-data-unthinned/Build/Intermediates.noindex/vino_iPhone.build/Debug-iphonesimulator/vino_iPhone.build/灵眼GX-all-target-headers.hmap -Xcc -iquote -Xcc /Users/cengcheng/Documents/GitHub/vino/docs/1.0.0/qa/evidence/derived-data-unthinned/Build/Intermediates.noindex/vino_iPhone.build/Debug-iphonesimulator/vino_iPhone.build/灵眼GX-project-headers.hmap -Xcc -I/Users/cengcheng/Documents/GitHub/vino/docs/1.0.0/qa/evidence/derived-data-unthinned/Build/Products/Debug-iphonesimulator/include -Xcc -I/Users/cengcheng/Documents/GitHub/vino/docs/1.0.0/qa/evidence/derived-data-unthinned/Build/Intermediates.noindex/vino_iPhone.build/Debug-iphonesimulator/vino_iPhone.build/DerivedSources-normal/arm64 -Xcc -I/Users/cengcheng/Documents/GitHub/vino/docs/1.0.0/qa/evidence/derived-data-unthinned/Build/Intermediates.noindex/vino_iPhone.build/Debug-iphonesimulator/vino_iPhone.build/DerivedSources/arm64 -Xcc -I/Users/cengcheng/Documents/GitHub/vino/docs/1.0.0/qa/evidence/derived-data-unthinned/Build/Intermediates.noindex/vino_iPhone.build/Debug-iphonesimulator/vino_iPhone.build/DerivedSources -Xcc -DDEBUG\=1 -module-name vino_iPhone -frontend-parseable-output -disable-clang-spi -target-sdk-version 18.2 -target-sdk-name iphonesimulator18.2 -external-plugin-path /Applications/Xcode.app/Contents/Developer/Platforms/iPhoneOS.platform/Developer/usr/lib/swift/host/plugins\#/Applications/Xcode.app/Contents/Developer/Platforms/iPhoneOS.platform/Developer/usr/bin/swift-plugin-server -external-plugin-path /Applications/Xcode.app/Contents/Developer/Platforms/iPhoneOS.platform/Developer/usr/local/lib/swift/host/plugins\#/Applications/Xcode.app/Contents/Developer/Platforms/iPhoneOS.platform/Developer/usr/bin/swift-plugin-server -plugin-path /Applications/Xcode.app/Contents/Developer/Toolchains/XcodeDefault.xctoolchain/usr/lib/swift/host/plugins -plugin-path /Applications/Xcode.app/Contents/Developer/Toolchains/XcodeDefault.xctoolchain/usr/local/lib/swift/host/plugins -o /Users/cengcheng/Documents/GitHub/vino/docs/1.0.0/qa/evidence/derived-data-unthinned/Build/Intermediates.noindex/vino_iPhone.build/Debug-iphonesimulator/vino_iPhone.build/Objects-normal/arm64/VinoPhoneApp.o -o /Users/cengcheng/Documents/GitHub/vino/docs/1.0.0/qa/evidence/derived-data-unthinned/Build/Intermediates.noindex/vino_iPhone.build/Debug-iphonesimulator/vino_iPhone.build/Objects-normal/arm64/VinoPhoneShellView.o -o /Users/cengcheng/Documents/GitHub/vino/docs/1.0.0/qa/evidence/derived-data-unthinned/Build/Intermediates.noindex/vino_iPhone.build/Debug-iphonesimulator/vino_iPhone.build/Objects-normal/arm64/CameraPreviewView.o -index-unit-output-path /vino_iPhone.build/Debug-iphonesimulator/vino_iPhone.build/Objects-normal/arm64/VinoPhoneApp.o -index-unit-output-path /vino_iPhone.build/Debug-iphonesimulator/vino_iPhone.build/Objects-normal/arm64/VinoPhoneShellView.o -index-unit-output-path /vino_iPhone.build/Debug-iphonesimulator/vino_iPhone.build/Objects-normal/arm64/CameraPreviewView.o -index-store-path /Users/cengcheng/Documents/GitHub/vino/docs/1.0.0/qa/evidence/derived-data-unthinned/Index.noindex/DataStore -index-system-modules

SwiftCompile normal arm64 /Users/cengcheng/Documents/GitHub/vino/vino_iPhone/Sources/App/VinoPhoneShellView.swift (in target 'vino_iPhone' from project 'vino_iPhone')
    cd /Users/cengcheng/Documents/GitHub/vino/vino_iPhone
    /Applications/Xcode.app/Contents/Developer/Toolchains/XcodeDefault.xctoolchain/usr/bin/swift-frontend -c -primary-file /Users/cengcheng/Documents/GitHub/vino/vino_iPhone/AppHost/VinoPhoneApp.swift -primary-file /Users/cengcheng/Documents/GitHub/vino/vino_iPhone/Sources/App/VinoPhoneShellView.swift -primary-file /Users/cengcheng/Documents/GitHub/vino/vino_iPhone/Sources/Camera/CameraPreviewView.swift /Users/cengcheng/Documents/GitHub/vino/vino_iPhone/Sources/Camera/CameraSessionController.swift /Users/cengcheng/Documents/GitHub/vino/vino_iPhone/Sources/Inference/InferenceRuntime.swift /Users/cengcheng/Documents/GitHub/vino/vino_iPhone/Sources/Models/CoreMLCatalog.swift /Users/cengcheng/Documents/GitHub/vino/vino_iPhone/Sources/Models/InferenceModels.swift /Users/cengcheng/Documents/GitHub/vino/vino_iPhone/Sources/Models/ModelFileStore.swift /Users/cengcheng/Documents/GitHub/vino/vino_iPhone/Sources/Models/VinoAppState.swift /Users/cengcheng/Documents/GitHub/vino/vino_iPhone/Sources/Models/VinoTheme.swift /Users/cengcheng/Documents/GitHub/vino/vino_iPhone/Sources/Networking/ControlPlaneCoordinator.swift /Users/cengcheng/Documents/GitHub/vino/vino_iPhone/Sources/Networking/IPAddressMonitor.swift /Users/cengcheng/Documents/GitHub/vino/vino_iPhone/Sources/Networking/VinoProtocol.swift /Users/cengcheng/Documents/GitHub/vino/vino_iPhone/Sources/Overlay/CameraOverlayView.swift /Users/cengcheng/Documents/GitHub/vino/vino_iPhone/Sources/Overlay/InferenceResultsOverlayView.swift /Users/cengcheng/Documents/GitHub/vino/vino_iPhone/Sources/Auth/AuthModels.swift /Users/cengcheng/Documents/GitHub/vino/vino_iPhone/Sources/Auth/KeychainStore.swift /Users/cengcheng/Documents/GitHub/vino/vino_iPhone/Sources/Auth/AuthSessionStore.swift /Users/cengcheng/Documents/GitHub/vino/vino_iPhone/Sources/Auth/AuthService.swift /Users/cengcheng/Documents/GitHub/vino/vino_iPhone/Sources/Models/CloudModelCatalog.swift /Users/cengcheng/Documents/GitHub/vino/vino_iPhone/Sources/Models/ModelLicenseVerifier.swift /Users/cengcheng/Documents/GitHub/vino/vino_iPhone/Sources/Networking/AssetUploadService.swift /Users/cengcheng/Documents/GitHub/vino/vino_iPhone/Sources/Networking/CloudControlCoordinator.swift /Users/cengcheng/Documents/GitHub/vino/docs/1.0.0/qa/evidence/derived-data-unthinned/Build/Intermediates.noindex/vino_iPhone.build/Debug-iphonesimulator/vino_iPhone.build/DerivedSources/GeneratedAssetSymbols.swift -supplementary-output-file-map /Users/cengcheng/Documents/GitHub/vino/docs/1.0.0/qa/evidence/derived-data-unthinned/Build/Intermediates.noindex/vino_iPhone.build/Debug-iphonesimulator/vino_iPhone.build/Objects-normal/arm64/supplementaryOutputs-2 -emit-localized-strings -emit-localized-strings-path /Users/cengcheng/Documents/GitHub/vino/docs/1.0.0/qa/evidence/derived-data-unthinned/Build/Intermediates.noindex/vino_iPhone.build/Debug-iphonesimulator/vino_iPhone.build/Objects-normal/arm64 -target arm64-apple-ios17.6-simulator -Xllvm -aarch64-use-tbi -enable-objc-interop -sdk /Applications/Xcode.app/Contents/Developer/Platforms/iPhoneSimulator.platform/Developer/SDKs/iPhoneSimulator18.2.sdk -I /Users/cengcheng/Documents/GitHub/vino/docs/1.0.0/qa/evidence/derived-data-unthinned/Build/Products/Debug-iphonesimulator -F /Users/cengcheng/Documents/GitHub/vino/docs/1.0.0/qa/evidence/derived-data-unthinned/Build/Products/Debug-iphonesimulator -no-color-diagnostics -enable-testing -g -debug-info-format\=dwarf -dwarf-version\=4 -module-cache-path /Users/cengcheng/Documents/GitHub/vino/docs/1.0.0/qa/evidence/derived-data-unthinned/ModuleCache.noindex -swift-version 5 -enforce-exclusivity\=checked -Onone -D DEBUG -serialize-debugging-options -const-gather-protocols-file /Users/cengcheng/Documents/GitHub/vino/docs/1.0.0/qa/evidence/derived-data-unthinned/Build/Intermediates.noindex/vino_iPhone.build/Debug-iphonesimulator/vino_iPhone.build/Objects-normal/arm64/vino_iPhone_const_extract_protocols.json -enable-experimental-feature DebugDescriptionMacro -enable-experimental-feature OpaqueTypeErasure -enable-bare-slash-regex -empty-abi-descriptor -validate-clang-modules-once -clang-build-session-file /Users/cengcheng/Documents/GitHub/vino/docs/1.0.0/qa/evidence/derived-data-unthinned/ModuleCache.noindex/Session.modulevalidation -Xcc -working-directory -Xcc /Users/cengcheng/Documents/GitHub/vino/vino_iPhone -resource-dir /Applications/Xcode.app/Contents/Developer/Toolchains/XcodeDefault.xctoolchain/usr/lib/swift -enable-anonymous-context-mangled-names -file-compilation-dir /Users/cengcheng/Documents/GitHub/vino/vino_iPhone -Xcc -D_LIBCPP_HARDENING_MODE\=_LIBCPP_HARDENING_MODE_DEBUG -Xcc -ivfsstatcache -Xcc /Users/cengcheng/Documents/GitHub/vino/docs/1.0.0/qa/evidence/derived-data-unthinned/SDKStatCaches.noindex/iphonesimulator18.2-22C146-07b28473f605e47e75261259d3ef3b5a.sdkstatcache -Xcc -I/Users/cengcheng/Documents/GitHub/vino/docs/1.0.0/qa/evidence/derived-data-unthinned/Build/Intermediates.noindex/vino_iPhone.build/Debug-iphonesimulator/vino_iPhone.build/swift-overrides.hmap -Xcc -iquote -Xcc /Users/cengcheng/Documents/GitHub/vino/docs/1.0.0/qa/evidence/derived-data-unthinned/Build/Intermediates.noindex/vino_iPhone.build/Debug-iphonesimulator/vino_iPhone.build/灵眼GX-generated-files.hmap -Xcc -I/Users/cengcheng/Documents/GitHub/vino/docs/1.0.0/qa/evidence/derived-data-unthinned/Build/Intermediates.noindex/vino_iPhone.build/Debug-iphonesimulator/vino_iPhone.build/灵眼GX-own-target-headers.hmap -Xcc -I/Users/cengcheng/Documents/GitHub/vino/docs/1.0.0/qa/evidence/derived-data-unthinned/Build/Intermediates.noindex/vino_iPhone.build/Debug-iphonesimulator/vino_iPhone.build/灵眼GX-all-target-headers.hmap -Xcc -iquote -Xcc /Users/cengcheng/Documents/GitHub/vino/docs/1.0.0/qa/evidence/derived-data-unthinned/Build/Intermediates.noindex/vino_iPhone.build/Debug-iphonesimulator/vino_iPhone.build/灵眼GX-project-headers.hmap -Xcc -I/Users/cengcheng/Documents/GitHub/vino/docs/1.0.0/qa/evidence/derived-data-unthinned/Build/Products/Debug-iphonesimulator/include -Xcc -I/Users/cengcheng/Documents/GitHub/vino/docs/1.0.0/qa/evidence/derived-data-unthinned/Build/Intermediates.noindex/vino_iPhone.build/Debug-iphonesimulator/vino_iPhone.build/DerivedSources-normal/arm64 -Xcc -I/Users/cengcheng/Documents/GitHub/vino/docs/1.0.0/qa/evidence/derived-data-unthinned/Build/Intermediates.noindex/vino_iPhone.build/Debug-iphonesimulator/vino_iPhone.build/DerivedSources/arm64 -Xcc -I/Users/cengcheng/Documents/GitHub/vino/docs/1.0.0/qa/evidence/derived-data-unthinned/Build/Intermediates.noindex/vino_iPhone.build/Debug-iphonesimulator/vino_iPhone.build/DerivedSources -Xcc -DDEBUG\=1 -module-name vino_iPhone -frontend-parseable-output -disable-clang-spi -target-sdk-version 18.2 -target-sdk-name iphonesimulator18.2 -external-plugin-path /Applications/Xcode.app/Contents/Developer/Platforms/iPhoneOS.platform/Developer/usr/lib/swift/host/plugins\#/Applications/Xcode.app/Contents/Developer/Platforms/iPhoneOS.platform/Developer/usr/bin/swift-plugin-server -external-plugin-path /Applications/Xcode.app/Contents/Developer/Platforms/iPhoneOS.platform/Developer/usr/local/lib/swift/host/plugins\#/Applications/Xcode.app/Contents/Developer/Platforms/iPhoneOS.platform/Developer/usr/bin/swift-plugin-server -plugin-path /Applications/Xcode.app/Contents/Developer/Toolchains/XcodeDefault.xctoolchain/usr/lib/swift/host/plugins -plugin-path /Applications/Xcode.app/Contents/Developer/Toolchains/XcodeDefault.xctoolchain/usr/local/lib/swift/host/plugins -o /Users/cengcheng/Documents/GitHub/vino/docs/1.0.0/qa/evidence/derived-data-unthinned/Build/Intermediates.noindex/vino_iPhone.build/Debug-iphonesimulator/vino_iPhone.build/Objects-normal/arm64/VinoPhoneApp.o -o /Users/cengcheng/Documents/GitHub/vino/docs/1.0.0/qa/evidence/derived-data-unthinned/Build/Intermediates.noindex/vino_iPhone.build/Debug-iphonesimulator/vino_iPhone.build/Objects-normal/arm64/VinoPhoneShellView.o -o /Users/cengcheng/Documents/GitHub/vino/docs/1.0.0/qa/evidence/derived-data-unthinned/Build/Intermediates.noindex/vino_iPhone.build/Debug-iphonesimulator/vino_iPhone.build/Objects-normal/arm64/CameraPreviewView.o -index-unit-output-path /vino_iPhone.build/Debug-iphonesimulator/vino_iPhone.build/Objects-normal/arm64/VinoPhoneApp.o -index-unit-output-path /vino_iPhone.build/Debug-iphonesimulator/vino_iPhone.build/Objects-normal/arm64/VinoPhoneShellView.o -index-unit-output-path /vino_iPhone.build/Debug-iphonesimulator/vino_iPhone.build/Objects-normal/arm64/CameraPreviewView.o -index-store-path /Users/cengcheng/Documents/GitHub/vino/docs/1.0.0/qa/evidence/derived-data-unthinned/Index.noindex/DataStore -index-system-modules

SwiftCompile normal arm64 /Users/cengcheng/Documents/GitHub/vino/vino_iPhone/Sources/Camera/CameraPreviewView.swift (in target 'vino_iPhone' from project 'vino_iPhone')
    cd /Users/cengcheng/Documents/GitHub/vino/vino_iPhone
    /Applications/Xcode.app/Contents/Developer/Toolchains/XcodeDefault.xctoolchain/usr/bin/swift-frontend -c -primary-file /Users/cengcheng/Documents/GitHub/vino/vino_iPhone/AppHost/VinoPhoneApp.swift -primary-file /Users/cengcheng/Documents/GitHub/vino/vino_iPhone/Sources/App/VinoPhoneShellView.swift -primary-file /Users/cengcheng/Documents/GitHub/vino/vino_iPhone/Sources/Camera/CameraPreviewView.swift /Users/cengcheng/Documents/GitHub/vino/vino_iPhone/Sources/Camera/CameraSessionController.swift /Users/cengcheng/Documents/GitHub/vino/vino_iPhone/Sources/Inference/InferenceRuntime.swift /Users/cengcheng/Documents/GitHub/vino/vino_iPhone/Sources/Models/CoreMLCatalog.swift /Users/cengcheng/Documents/GitHub/vino/vino_iPhone/Sources/Models/InferenceModels.swift /Users/cengcheng/Documents/GitHub/vino/vino_iPhone/Sources/Models/ModelFileStore.swift /Users/cengcheng/Documents/GitHub/vino/vino_iPhone/Sources/Models/VinoAppState.swift /Users/cengcheng/Documents/GitHub/vino/vino_iPhone/Sources/Models/VinoTheme.swift /Users/cengcheng/Documents/GitHub/vino/vino_iPhone/Sources/Networking/ControlPlaneCoordinator.swift /Users/cengcheng/Documents/GitHub/vino/vino_iPhone/Sources/Networking/IPAddressMonitor.swift /Users/cengcheng/Documents/GitHub/vino/vino_iPhone/Sources/Networking/VinoProtocol.swift /Users/cengcheng/Documents/GitHub/vino/vino_iPhone/Sources/Overlay/CameraOverlayView.swift /Users/cengcheng/Documents/GitHub/vino/vino_iPhone/Sources/Overlay/InferenceResultsOverlayView.swift /Users/cengcheng/Documents/GitHub/vino/vino_iPhone/Sources/Auth/AuthModels.swift /Users/cengcheng/Documents/GitHub/vino/vino_iPhone/Sources/Auth/KeychainStore.swift /Users/cengcheng/Documents/GitHub/vino/vino_iPhone/Sources/Auth/AuthSessionStore.swift /Users/cengcheng/Documents/GitHub/vino/vino_iPhone/Sources/Auth/AuthService.swift /Users/cengcheng/Documents/GitHub/vino/vino_iPhone/Sources/Models/CloudModelCatalog.swift /Users/cengcheng/Documents/GitHub/vino/vino_iPhone/Sources/Models/ModelLicenseVerifier.swift /Users/cengcheng/Documents/GitHub/vino/vino_iPhone/Sources/Networking/AssetUploadService.swift /Users/cengcheng/Documents/GitHub/vino/vino_iPhone/Sources/Networking/CloudControlCoordinator.swift /Users/cengcheng/Documents/GitHub/vino/docs/1.0.0/qa/evidence/derived-data-unthinned/Build/Intermediates.noindex/vino_iPhone.build/Debug-iphonesimulator/vino_iPhone.build/DerivedSources/GeneratedAssetSymbols.swift -supplementary-output-file-map /Users/cengcheng/Documents/GitHub/vino/docs/1.0.0/qa/evidence/derived-data-unthinned/Build/Intermediates.noindex/vino_iPhone.build/Debug-iphonesimulator/vino_iPhone.build/Objects-normal/arm64/supplementaryOutputs-2 -emit-localized-strings -emit-localized-strings-path /Users/cengcheng/Documents/GitHub/vino/docs/1.0.0/qa/evidence/derived-data-unthinned/Build/Intermediates.noindex/vino_iPhone.build/Debug-iphonesimulator/vino_iPhone.build/Objects-normal/arm64 -target arm64-apple-ios17.6-simulator -Xllvm -aarch64-use-tbi -enable-objc-interop -sdk /Applications/Xcode.app/Contents/Developer/Platforms/iPhoneSimulator.platform/Developer/SDKs/iPhoneSimulator18.2.sdk -I /Users/cengcheng/Documents/GitHub/vino/docs/1.0.0/qa/evidence/derived-data-unthinned/Build/Products/Debug-iphonesimulator -F /Users/cengcheng/Documents/GitHub/vino/docs/1.0.0/qa/evidence/derived-data-unthinned/Build/Products/Debug-iphonesimulator -no-color-diagnostics -enable-testing -g -debug-info-format\=dwarf -dwarf-version\=4 -module-cache-path /Users/cengcheng/Documents/GitHub/vino/docs/1.0.0/qa/evidence/derived-data-unthinned/ModuleCache.noindex -swift-version 5 -enforce-exclusivity\=checked -Onone -D DEBUG -serialize-debugging-options -const-gather-protocols-file /Users/cengcheng/Documents/GitHub/vino/docs/1.0.0/qa/evidence/derived-data-unthinned/Build/Intermediates.noindex/vino_iPhone.build/Debug-iphonesimulator/vino_iPhone.build/Objects-normal/arm64/vino_iPhone_const_extract_protocols.json -enable-experimental-feature DebugDescriptionMacro -enable-experimental-feature OpaqueTypeErasure -enable-bare-slash-regex -empty-abi-descriptor -validate-clang-modules-once -clang-build-session-file /Users/cengcheng/Documents/GitHub/vino/docs/1.0.0/qa/evidence/derived-data-unthinned/ModuleCache.noindex/Session.modulevalidation -Xcc -working-directory -Xcc /Users/cengcheng/Documents/GitHub/vino/vino_iPhone -resource-dir /Applications/Xcode.app/Contents/Developer/Toolchains/XcodeDefault.xctoolchain/usr/lib/swift -enable-anonymous-context-mangled-names -file-compilation-dir /Users/cengcheng/Documents/GitHub/vino/vino_iPhone -Xcc -D_LIBCPP_HARDENING_MODE\=_LIBCPP_HARDENING_MODE_DEBUG -Xcc -ivfsstatcache -Xcc /Users/cengcheng/Documents/GitHub/vino/docs/1.0.0/qa/evidence/derived-data-unthinned/SDKStatCaches.noindex/iphonesimulator18.2-22C146-07b28473f605e47e75261259d3ef3b5a.sdkstatcache -Xcc -I/Users/cengcheng/Documents/GitHub/vino/docs/1.0.0/qa/evidence/derived-data-unthinned/Build/Intermediates.noindex/vino_iPhone.build/Debug-iphonesimulator/vino_iPhone.build/swift-overrides.hmap -Xcc -iquote -Xcc /Users/cengcheng/Documents/GitHub/vino/docs/1.0.0/qa/evidence/derived-data-unthinned/Build/Intermediates.noindex/vino_iPhone.build/Debug-iphonesimulator/vino_iPhone.build/灵眼GX-generated-files.hmap -Xcc -I/Users/cengcheng/Documents/GitHub/vino/docs/1.0.0/qa/evidence/derived-data-unthinned/Build/Intermediates.noindex/vino_iPhone.build/Debug-iphonesimulator/vino_iPhone.build/灵眼GX-own-target-headers.hmap -Xcc -I/Users/cengcheng/Documents/GitHub/vino/docs/1.0.0/qa/evidence/derived-data-unthinned/Build/Intermediates.noindex/vino_iPhone.build/Debug-iphonesimulator/vino_iPhone.build/灵眼GX-all-target-headers.hmap -Xcc -iquote -Xcc /Users/cengcheng/Documents/GitHub/vino/docs/1.0.0/qa/evidence/derived-data-unthinned/Build/Intermediates.noindex/vino_iPhone.build/Debug-iphonesimulator/vino_iPhone.build/灵眼GX-project-headers.hmap -Xcc -I/Users/cengcheng/Documents/GitHub/vino/docs/1.0.0/qa/evidence/derived-data-unthinned/Build/Products/Debug-iphonesimulator/include -Xcc -I/Users/cengcheng/Documents/GitHub/vino/docs/1.0.0/qa/evidence/derived-data-unthinned/Build/Intermediates.noindex/vino_iPhone.build/Debug-iphonesimulator/vino_iPhone.build/DerivedSources-normal/arm64 -Xcc -I/Users/cengcheng/Documents/GitHub/vino/docs/1.0.0/qa/evidence/derived-data-unthinned/Build/Intermediates.noindex/vino_iPhone.build/Debug-iphonesimulator/vino_iPhone.build/DerivedSources/arm64 -Xcc -I/Users/cengcheng/Documents/GitHub/vino/docs/1.0.0/qa/evidence/derived-data-unthinned/Build/Intermediates.noindex/vino_iPhone.build/Debug-iphonesimulator/vino_iPhone.build/DerivedSources -Xcc -DDEBUG\=1 -module-name vino_iPhone -frontend-parseable-output -disable-clang-spi -target-sdk-version 18.2 -target-sdk-name iphonesimulator18.2 -external-plugin-path /Applications/Xcode.app/Contents/Developer/Platforms/iPhoneOS.platform/Developer/usr/lib/swift/host/plugins\#/Applications/Xcode.app/Contents/Developer/Platforms/iPhoneOS.platform/Developer/usr/bin/swift-plugin-server -external-plugin-path /Applications/Xcode.app/Contents/Developer/Platforms/iPhoneOS.platform/Developer/usr/local/lib/swift/host/plugins\#/Applications/Xcode.app/Contents/Developer/Platforms/iPhoneOS.platform/Developer/usr/bin/swift-plugin-server -plugin-path /Applications/Xcode.app/Contents/Developer/Toolchains/XcodeDefault.xctoolchain/usr/lib/swift/host/plugins -plugin-path /Applications/Xcode.app/Contents/Developer/Toolchains/XcodeDefault.xctoolchain/usr/local/lib/swift/host/plugins -o /Users/cengcheng/Documents/GitHub/vino/docs/1.0.0/qa/evidence/derived-data-unthinned/Build/Intermediates.noindex/vino_iPhone.build/Debug-iphonesimulator/vino_iPhone.build/Objects-normal/arm64/VinoPhoneApp.o -o /Users/cengcheng/Documents/GitHub/vino/docs/1.0.0/qa/evidence/derived-data-unthinned/Build/Intermediates.noindex/vino_iPhone.build/Debug-iphonesimulator/vino_iPhone.build/Objects-normal/arm64/VinoPhoneShellView.o -o /Users/cengcheng/Documents/GitHub/vino/docs/1.0.0/qa/evidence/derived-data-unthinned/Build/Intermediates.noindex/vino_iPhone.build/Debug-iphonesimulator/vino_iPhone.build/Objects-normal/arm64/CameraPreviewView.o -index-unit-output-path /vino_iPhone.build/Debug-iphonesimulator/vino_iPhone.build/Objects-normal/arm64/VinoPhoneApp.o -index-unit-output-path /vino_iPhone.build/Debug-iphonesimulator/vino_iPhone.build/Objects-normal/arm64/VinoPhoneShellView.o -index-unit-output-path /vino_iPhone.build/Debug-iphonesimulator/vino_iPhone.build/Objects-normal/arm64/CameraPreviewView.o -index-store-path /Users/cengcheng/Documents/GitHub/vino/docs/1.0.0/qa/evidence/derived-data-unthinned/Index.noindex/DataStore -index-system-modules

SwiftDriverJobDiscovery normal arm64 Compiling AuthService.swift, CloudModelCatalog.swift (in target 'vino_iPhone' from project 'vino_iPhone')

SwiftCompile normal x86_64 Compiling\ ModelLicenseVerifier.swift,\ AssetUploadService.swift /Users/cengcheng/Documents/GitHub/vino/vino_iPhone/Sources/Models/ModelLicenseVerifier.swift /Users/cengcheng/Documents/GitHub/vino/vino_iPhone/Sources/Networking/AssetUploadService.swift (in target 'vino_iPhone' from project 'vino_iPhone')
    cd /Users/cengcheng/Documents/GitHub/vino/vino_iPhone
    builtin-swiftTaskExecution -- /Applications/Xcode.app/Contents/Developer/Toolchains/XcodeDefault.xctoolchain/usr/bin/swift-frontend -frontend -c /Users/cengcheng/Documents/GitHub/vino/vino_iPhone/AppHost/VinoPhoneApp.swift /Users/cengcheng/Documents/GitHub/vino/vino_iPhone/Sources/App/VinoPhoneShellView.swift /Users/cengcheng/Documents/GitHub/vino/vino_iPhone/Sources/Camera/CameraPreviewView.swift /Users/cengcheng/Documents/GitHub/vino/vino_iPhone/Sources/Camera/CameraSessionController.swift /Users/cengcheng/Documents/GitHub/vino/vino_iPhone/Sources/Inference/InferenceRuntime.swift /Users/cengcheng/Documents/GitHub/vino/vino_iPhone/Sources/Models/CoreMLCatalog.swift /Users/cengcheng/Documents/GitHub/vino/vino_iPhone/Sources/Models/InferenceModels.swift /Users/cengcheng/Documents/GitHub/vino/vino_iPhone/Sources/Models/ModelFileStore.swift /Users/cengcheng/Documents/GitHub/vino/vino_iPhone/Sources/Models/VinoAppState.swift /Users/cengcheng/Documents/GitHub/vino/vino_iPhone/Sources/Models/VinoTheme.swift /Users/cengcheng/Documents/GitHub/vino/vino_iPhone/Sources/Networking/ControlPlaneCoordinator.swift /Users/cengcheng/Documents/GitHub/vino/vino_iPhone/Sources/Networking/IPAddressMonitor.swift /Users/cengcheng/Documents/GitHub/vino/vino_iPhone/Sources/Networking/VinoProtocol.swift /Users/cengcheng/Documents/GitHub/vino/vino_iPhone/Sources/Overlay/CameraOverlayView.swift /Users/cengcheng/Documents/GitHub/vino/vino_iPhone/Sources/Overlay/InferenceResultsOverlayView.swift /Users/cengcheng/Documents/GitHub/vino/vino_iPhone/Sources/Auth/AuthModels.swift /Users/cengcheng/Documents/GitHub/vino/vino_iPhone/Sources/Auth/KeychainStore.swift /Users/cengcheng/Documents/GitHub/vino/vino_iPhone/Sources/Auth/AuthSessionStore.swift /Users/cengcheng/Documents/GitHub/vino/vino_iPhone/Sources/Auth/AuthService.swift /Users/cengcheng/Documents/GitHub/vino/vino_iPhone/Sources/Models/CloudModelCatalog.swift -primary-file /Users/cengcheng/Documents/GitHub/vino/vino_iPhone/Sources/Models/ModelLicenseVerifier.swift -primary-file /Users/cengcheng/Documents/GitHub/vino/vino_iPhone/Sources/Networking/AssetUploadService.swift /Users/cengcheng/Documents/GitHub/vino/vino_iPhone/Sources/Networking/CloudControlCoordinator.swift /Users/cengcheng/Documents/GitHub/vino/docs/1.0.0/qa/evidence/derived-data-unthinned/Build/Intermediates.noindex/vino_iPhone.build/Debug-iphonesimulator/vino_iPhone.build/DerivedSources/GeneratedAssetSymbols.swift -emit-dependencies-path /Users/cengcheng/Documents/GitHub/vino/docs/1.0.0/qa/evidence/derived-data-unthinned/Build/Intermediates.noindex/vino_iPhone.build/Debug-iphonesimulator/vino_iPhone.build/Objects-normal/x86_64/ModelLicenseVerifier.d -emit-const-values-path /Users/cengcheng/Documents/GitHub/vino/docs/1.0.0/qa/evidence/derived-data-unthinned/Build/Intermediates.noindex/vino_iPhone.build/Debug-iphonesimulator/vino_iPhone.build/Objects-normal/x86_64/ModelLicenseVerifier.swiftconstvalues -emit-reference-dependencies-path /Users/cengcheng/Documents/GitHub/vino/docs/1.0.0/qa/evidence/derived-data-unthinned/Build/Intermediates.noindex/vino_iPhone.build/Debug-iphonesimulator/vino_iPhone.build/Objects-normal/x86_64/ModelLicenseVerifier.swiftdeps -serialize-diagnostics-path /Users/cengcheng/Documents/GitHub/vino/docs/1.0.0/qa/evidence/derived-data-unthinned/Build/Intermediates.noindex/vino_iPhone.build/Debug-iphonesimulator/vino_iPhone.build/Objects-normal/x86_64/ModelLicenseVerifier.dia -emit-dependencies-path /Users/cengcheng/Documents/GitHub/vino/docs/1.0.0/qa/evidence/derived-data-unthinned/Build/Intermediates.noindex/vino_iPhone.build/Debug-iphonesimulator/vino_iPhone.build/Objects-normal/x86_64/AssetUploadService.d -emit-const-values-path /Users/cengcheng/Documents/GitHub/vino/docs/1.0.0/qa/evidence/derived-data-unthinned/Build/Intermediates.noindex/vino_iPhone.build/Debug-iphonesimulator/vino_iPhone.build/Objects-normal/x86_64/AssetUploadService.swiftconstvalues -emit-reference-dependencies-path /Users/cengcheng/Documents/GitHub/vino/docs/1.0.0/qa/evidence/derived-data-unthinned/Build/Intermediates.noindex/vino_iPhone.build/Debug-iphonesimulator/vino_iPhone.build/Objects-normal/x86_64/AssetUploadService.swiftdeps -serialize-diagnostics-path /Users/cengcheng/Documents/GitHub/vino/docs/1.0.0/qa/evidence/derived-data-unthinned/Build/Intermediates.noindex/vino_iPhone.build/Debug-iphonesimulator/vino_iPhone.build/Objects-normal/x86_64/AssetUploadService.dia -emit-localized-strings -emit-localized-strings-path /Users/cengcheng/Documents/GitHub/vino/docs/1.0.0/qa/evidence/derived-data-unthinned/Build/Intermediates.noindex/vino_iPhone.build/Debug-iphonesimulator/vino_iPhone.build/Objects-normal/x86_64 -target x86_64-apple-ios17.6-simulator -enable-objc-interop -sdk /Applications/Xcode.app/Contents/Developer/Platforms/iPhoneSimulator.platform/Developer/SDKs/iPhoneSimulator18.2.sdk -I /Users/cengcheng/Documents/GitHub/vino/docs/1.0.0/qa/evidence/derived-data-unthinned/Build/Products/Debug-iphonesimulator -F /Users/cengcheng/Documents/GitHub/vino/docs/1.0.0/qa/evidence/derived-data-unthinned/Build/Products/Debug-iphonesimulator -no-color-diagnostics -enable-testing -g -debug-info-format\=dwarf -dwarf-version\=4 -module-cache-path /Users/cengcheng/Documents/GitHub/vino/docs/1.0.0/qa/evidence/derived-data-unthinned/ModuleCache.noindex -swift-version 5 -enforce-exclusivity\=checked -Onone -D DEBUG -serialize-debugging-options -const-gather-protocols-file /Users/cengcheng/Documents/GitHub/vino/docs/1.0.0/qa/evidence/derived-data-unthinned/Build/Intermediates.noindex/vino_iPhone.build/Debug-iphonesimulator/vino_iPhone.build/Objects-normal/x86_64/vino_iPhone_const_extract_protocols.json -enable-experimental-feature DebugDescriptionMacro -enable-experimental-feature OpaqueTypeErasure -enable-bare-slash-regex -empty-abi-descriptor -validate-clang-modules-once -clang-build-session-file /Users/cengcheng/Documents/GitHub/vino/docs/1.0.0/qa/evidence/derived-data-unthinned/ModuleCache.noindex/Session.modulevalidation -Xcc -working-directory -Xcc /Users/cengcheng/Documents/GitHub/vino/vino_iPhone -resource-dir /Applications/Xcode.app/Contents/Developer/Toolchains/XcodeDefault.xctoolchain/usr/lib/swift -enable-anonymous-context-mangled-names -file-compilation-dir /Users/cengcheng/Documents/GitHub/vino/vino_iPhone -Xcc -D_LIBCPP_HARDENING_MODE\=_LIBCPP_HARDENING_MODE_DEBUG -Xcc -ivfsstatcache -Xcc /Users/cengcheng/Documents/GitHub/vino/docs/1.0.0/qa/evidence/derived-data-unthinned/SDKStatCaches.noindex/iphonesimulator18.2-22C146-07b28473f605e47e75261259d3ef3b5a.sdkstatcache -Xcc -I/Users/cengcheng/Documents/GitHub/vino/docs/1.0.0/qa/evidence/derived-data-unthinned/Build/Intermediates.noindex/vino_iPhone.build/Debug-iphonesimulator/vino_iPhone.build/swift-overrides.hmap -Xcc -iquote -Xcc /Users/cengcheng/Documents/GitHub/vino/docs/1.0.0/qa/evidence/derived-data-unthinned/Build/Intermediates.noindex/vino_iPhone.build/Debug-iphonesimulator/vino_iPhone.build/灵眼GX-generated-files.hmap -Xcc -I/Users/cengcheng/Documents/GitHub/vino/docs/1.0.0/qa/evidence/derived-data-unthinned/Build/Intermediates.noindex/vino_iPhone.build/Debug-iphonesimulator/vino_iPhone.build/灵眼GX-own-target-headers.hmap -Xcc -I/Users/cengcheng/Documents/GitHub/vino/docs/1.0.0/qa/evidence/derived-data-unthinned/Build/Intermediates.noindex/vino_iPhone.build/Debug-iphonesimulator/vino_iPhone.build/灵眼GX-all-target-headers.hmap -Xcc -iquote -Xcc /Users/cengcheng/Documents/GitHub/vino/docs/1.0.0/qa/evidence/derived-data-unthinned/Build/Intermediates.noindex/vino_iPhone.build/Debug-iphonesimulator/vino_iPhone.build/灵眼GX-project-headers.hmap -Xcc -I/Users/cengcheng/Documents/GitHub/vino/docs/1.0.0/qa/evidence/derived-data-unthinned/Build/Products/Debug-iphonesimulator/include -Xcc -I/Users/cengcheng/Documents/GitHub/vino/docs/1.0.0/qa/evidence/derived-data-unthinned/Build/Intermediates.noindex/vino_iPhone.build/Debug-iphonesimulator/vino_iPhone.build/DerivedSources-normal/x86_64 -Xcc -I/Users/cengcheng/Documents/GitHub/vino/docs/1.0.0/qa/evidence/derived-data-unthinned/Build/Intermediates.noindex/vino_iPhone.build/Debug-iphonesimulator/vino_iPhone.build/DerivedSources/x86_64 -Xcc -I/Users/cengcheng/Documents/GitHub/vino/docs/1.0.0/qa/evidence/derived-data-unthinned/Build/Intermediates.noindex/vino_iPhone.build/Debug-iphonesimulator/vino_iPhone.build/DerivedSources -Xcc -DDEBUG\=1 -module-name vino_iPhone -frontend-parseable-output -disable-clang-spi -target-sdk-version 18.2 -target-sdk-name iphonesimulator18.2 -external-plugin-path /Applications/Xcode.app/Contents/Developer/Platforms/iPhoneOS.platform/Developer/usr/lib/swift/host/plugins\#/Applications/Xcode.app/Contents/Developer/Platforms/iPhoneOS.platform/Developer/usr/bin/swift-plugin-server -external-plugin-path /Applications/Xcode.app/Contents/Developer/Platforms/iPhoneOS.platform/Developer/usr/local/lib/swift/host/plugins\#/Applications/Xcode.app/Contents/Developer/Platforms/iPhoneOS.platform/Developer/usr/bin/swift-plugin-server -plugin-path /Applications/Xcode.app/Contents/Developer/Toolchains/XcodeDefault.xctoolchain/usr/lib/swift/host/plugins -plugin-path /Applications/Xcode.app/Contents/Developer/Toolchains/XcodeDefault.xctoolchain/usr/local/lib/swift/host/plugins -o /Users/cengcheng/Documents/GitHub/vino/docs/1.0.0/qa/evidence/derived-data-unthinned/Build/Intermediates.noindex/vino_iPhone.build/Debug-iphonesimulator/vino_iPhone.build/Objects-normal/x86_64/ModelLicenseVerifier.o -o /Users/cengcheng/Documents/GitHub/vino/docs/1.0.0/qa/evidence/derived-data-unthinned/Build/Intermediates.noindex/vino_iPhone.build/Debug-iphonesimulator/vino_iPhone.build/Objects-normal/x86_64/AssetUploadService.o -index-unit-output-path /vino_iPhone.build/Debug-iphonesimulator/vino_iPhone.build/Objects-normal/x86_64/ModelLicenseVerifier.o -index-unit-output-path /vino_iPhone.build/Debug-iphonesimulator/vino_iPhone.build/Objects-normal/x86_64/AssetUploadService.o -index-store-path /Users/cengcheng/Documents/GitHub/vino/docs/1.0.0/qa/evidence/derived-data-unthinned/Index.noindex/DataStore -index-system-modules

SwiftCompile normal x86_64 /Users/cengcheng/Documents/GitHub/vino/vino_iPhone/Sources/Models/ModelLicenseVerifier.swift (in target 'vino_iPhone' from project 'vino_iPhone')
    cd /Users/cengcheng/Documents/GitHub/vino/vino_iPhone
    /Applications/Xcode.app/Contents/Developer/Toolchains/XcodeDefault.xctoolchain/usr/bin/swift-frontend -c /Users/cengcheng/Documents/GitHub/vino/vino_iPhone/AppHost/VinoPhoneApp.swift /Users/cengcheng/Documents/GitHub/vino/vino_iPhone/Sources/App/VinoPhoneShellView.swift /Users/cengcheng/Documents/GitHub/vino/vino_iPhone/Sources/Camera/CameraPreviewView.swift /Users/cengcheng/Documents/GitHub/vino/vino_iPhone/Sources/Camera/CameraSessionController.swift /Users/cengcheng/Documents/GitHub/vino/vino_iPhone/Sources/Inference/InferenceRuntime.swift /Users/cengcheng/Documents/GitHub/vino/vino_iPhone/Sources/Models/CoreMLCatalog.swift /Users/cengcheng/Documents/GitHub/vino/vino_iPhone/Sources/Models/InferenceModels.swift /Users/cengcheng/Documents/GitHub/vino/vino_iPhone/Sources/Models/ModelFileStore.swift /Users/cengcheng/Documents/GitHub/vino/vino_iPhone/Sources/Models/VinoAppState.swift /Users/cengcheng/Documents/GitHub/vino/vino_iPhone/Sources/Models/VinoTheme.swift /Users/cengcheng/Documents/GitHub/vino/vino_iPhone/Sources/Networking/ControlPlaneCoordinator.swift /Users/cengcheng/Documents/GitHub/vino/vino_iPhone/Sources/Networking/IPAddressMonitor.swift /Users/cengcheng/Documents/GitHub/vino/vino_iPhone/Sources/Networking/VinoProtocol.swift /Users/cengcheng/Documents/GitHub/vino/vino_iPhone/Sources/Overlay/CameraOverlayView.swift /Users/cengcheng/Documents/GitHub/vino/vino_iPhone/Sources/Overlay/InferenceResultsOverlayView.swift /Users/cengcheng/Documents/GitHub/vino/vino_iPhone/Sources/Auth/AuthModels.swift /Users/cengcheng/Documents/GitHub/vino/vino_iPhone/Sources/Auth/KeychainStore.swift /Users/cengcheng/Documents/GitHub/vino/vino_iPhone/Sources/Auth/AuthSessionStore.swift /Users/cengcheng/Documents/GitHub/vino/vino_iPhone/Sources/Auth/AuthService.swift /Users/cengcheng/Documents/GitHub/vino/vino_iPhone/Sources/Models/CloudModelCatalog.swift -primary-file /Users/cengcheng/Documents/GitHub/vino/vino_iPhone/Sources/Models/ModelLicenseVerifier.swift -primary-file /Users/cengcheng/Documents/GitHub/vino/vino_iPhone/Sources/Networking/AssetUploadService.swift /Users/cengcheng/Documents/GitHub/vino/vino_iPhone/Sources/Networking/CloudControlCoordinator.swift /Users/cengcheng/Documents/GitHub/vino/docs/1.0.0/qa/evidence/derived-data-unthinned/Build/Intermediates.noindex/vino_iPhone.build/Debug-iphonesimulator/vino_iPhone.build/DerivedSources/GeneratedAssetSymbols.swift -emit-dependencies-path /Users/cengcheng/Documents/GitHub/vino/docs/1.0.0/qa/evidence/derived-data-unthinned/Build/Intermediates.noindex/vino_iPhone.build/Debug-iphonesimulator/vino_iPhone.build/Objects-normal/x86_64/ModelLicenseVerifier.d -emit-const-values-path /Users/cengcheng/Documents/GitHub/vino/docs/1.0.0/qa/evidence/derived-data-unthinned/Build/Intermediates.noindex/vino_iPhone.build/Debug-iphonesimulator/vino_iPhone.build/Objects-normal/x86_64/ModelLicenseVerifier.swiftconstvalues -emit-reference-dependencies-path /Users/cengcheng/Documents/GitHub/vino/docs/1.0.0/qa/evidence/derived-data-unthinned/Build/Intermediates.noindex/vino_iPhone.build/Debug-iphonesimulator/vino_iPhone.build/Objects-normal/x86_64/ModelLicenseVerifier.swiftdeps -serialize-diagnostics-path /Users/cengcheng/Documents/GitHub/vino/docs/1.0.0/qa/evidence/derived-data-unthinned/Build/Intermediates.noindex/vino_iPhone.build/Debug-iphonesimulator/vino_iPhone.build/Objects-normal/x86_64/ModelLicenseVerifier.dia -emit-dependencies-path /Users/cengcheng/Documents/GitHub/vino/docs/1.0.0/qa/evidence/derived-data-unthinned/Build/Intermediates.noindex/vino_iPhone.build/Debug-iphonesimulator/vino_iPhone.build/Objects-normal/x86_64/AssetUploadService.d -emit-const-values-path /Users/cengcheng/Documents/GitHub/vino/docs/1.0.0/qa/evidence/derived-data-unthinned/Build/Intermediates.noindex/vino_iPhone.build/Debug-iphonesimulator/vino_iPhone.build/Objects-normal/x86_64/AssetUploadService.swiftconstvalues -emit-reference-dependencies-path /Users/cengcheng/Documents/GitHub/vino/docs/1.0.0/qa/evidence/derived-data-unthinned/Build/Intermediates.noindex/vino_iPhone.build/Debug-iphonesimulator/vino_iPhone.build/Objects-normal/x86_64/AssetUploadService.swiftdeps -serialize-diagnostics-path /Users/cengcheng/Documents/GitHub/vino/docs/1.0.0/qa/evidence/derived-data-unthinned/Build/Intermediates.noindex/vino_iPhone.build/Debug-iphonesimulator/vino_iPhone.build/Objects-normal/x86_64/AssetUploadService.dia -emit-localized-strings -emit-localized-strings-path /Users/cengcheng/Documents/GitHub/vino/docs/1.0.0/qa/evidence/derived-data-unthinned/Build/Intermediates.noindex/vino_iPhone.build/Debug-iphonesimulator/vino_iPhone.build/Objects-normal/x86_64 -target x86_64-apple-ios17.6-simulator -enable-objc-interop -sdk /Applications/Xcode.app/Contents/Developer/Platforms/iPhoneSimulator.platform/Developer/SDKs/iPhoneSimulator18.2.sdk -I /Users/cengcheng/Documents/GitHub/vino/docs/1.0.0/qa/evidence/derived-data-unthinned/Build/Products/Debug-iphonesimulator -F /Users/cengcheng/Documents/GitHub/vino/docs/1.0.0/qa/evidence/derived-data-unthinned/Build/Products/Debug-iphonesimulator -no-color-diagnostics -enable-testing -g -debug-info-format\=dwarf -dwarf-version\=4 -module-cache-path /Users/cengcheng/Documents/GitHub/vino/docs/1.0.0/qa/evidence/derived-data-unthinned/ModuleCache.noindex -swift-version 5 -enforce-exclusivity\=checked -Onone -D DEBUG -serialize-debugging-options -const-gather-protocols-file /Users/cengcheng/Documents/GitHub/vino/docs/1.0.0/qa/evidence/derived-data-unthinned/Build/Intermediates.noindex/vino_iPhone.build/Debug-iphonesimulator/vino_iPhone.build/Objects-normal/x86_64/vino_iPhone_const_extract_protocols.json -enable-experimental-feature DebugDescriptionMacro -enable-experimental-feature OpaqueTypeErasure -enable-bare-slash-regex -empty-abi-descriptor -validate-clang-modules-once -clang-build-session-file /Users/cengcheng/Documents/GitHub/vino/docs/1.0.0/qa/evidence/derived-data-unthinned/ModuleCache.noindex/Session.modulevalidation -Xcc -working-directory -Xcc /Users/cengcheng/Documents/GitHub/vino/vino_iPhone -resource-dir /Applications/Xcode.app/Contents/Developer/Toolchains/XcodeDefault.xctoolchain/usr/lib/swift -enable-anonymous-context-mangled-names -file-compilation-dir /Users/cengcheng/Documents/GitHub/vino/vino_iPhone -Xcc -D_LIBCPP_HARDENING_MODE\=_LIBCPP_HARDENING_MODE_DEBUG -Xcc -ivfsstatcache -Xcc /Users/cengcheng/Documents/GitHub/vino/docs/1.0.0/qa/evidence/derived-data-unthinned/SDKStatCaches.noindex/iphonesimulator18.2-22C146-07b28473f605e47e75261259d3ef3b5a.sdkstatcache -Xcc -I/Users/cengcheng/Documents/GitHub/vino/docs/1.0.0/qa/evidence/derived-data-unthinned/Build/Intermediates.noindex/vino_iPhone.build/Debug-iphonesimulator/vino_iPhone.build/swift-overrides.hmap -Xcc -iquote -Xcc /Users/cengcheng/Documents/GitHub/vino/docs/1.0.0/qa/evidence/derived-data-unthinned/Build/Intermediates.noindex/vino_iPhone.build/Debug-iphonesimulator/vino_iPhone.build/灵眼GX-generated-files.hmap -Xcc -I/Users/cengcheng/Documents/GitHub/vino/docs/1.0.0/qa/evidence/derived-data-unthinned/Build/Intermediates.noindex/vino_iPhone.build/Debug-iphonesimulator/vino_iPhone.build/灵眼GX-own-target-headers.hmap -Xcc -I/Users/cengcheng/Documents/GitHub/vino/docs/1.0.0/qa/evidence/derived-data-unthinned/Build/Intermediates.noindex/vino_iPhone.build/Debug-iphonesimulator/vino_iPhone.build/灵眼GX-all-target-headers.hmap -Xcc -iquote -Xcc /Users/cengcheng/Documents/GitHub/vino/docs/1.0.0/qa/evidence/derived-data-unthinned/Build/Intermediates.noindex/vino_iPhone.build/Debug-iphonesimulator/vino_iPhone.build/灵眼GX-project-headers.hmap -Xcc -I/Users/cengcheng/Documents/GitHub/vino/docs/1.0.0/qa/evidence/derived-data-unthinned/Build/Products/Debug-iphonesimulator/include -Xcc -I/Users/cengcheng/Documents/GitHub/vino/docs/1.0.0/qa/evidence/derived-data-unthinned/Build/Intermediates.noindex/vino_iPhone.build/Debug-iphonesimulator/vino_iPhone.build/DerivedSources-normal/x86_64 -Xcc -I/Users/cengcheng/Documents/GitHub/vino/docs/1.0.0/qa/evidence/derived-data-unthinned/Build/Intermediates.noindex/vino_iPhone.build/Debug-iphonesimulator/vino_iPhone.build/DerivedSources/x86_64 -Xcc -I/Users/cengcheng/Documents/GitHub/vino/docs/1.0.0/qa/evidence/derived-data-unthinned/Build/Intermediates.noindex/vino_iPhone.build/Debug-iphonesimulator/vino_iPhone.build/DerivedSources -Xcc -DDEBUG\=1 -module-name vino_iPhone -frontend-parseable-output -disable-clang-spi -target-sdk-version 18.2 -target-sdk-name iphonesimulator18.2 -external-plugin-path /Applications/Xcode.app/Contents/Developer/Platforms/iPhoneOS.platform/Developer/usr/lib/swift/host/plugins\#/Applications/Xcode.app/Contents/Developer/Platforms/iPhoneOS.platform/Developer/usr/bin/swift-plugin-server -external-plugin-path /Applications/Xcode.app/Contents/Developer/Platforms/iPhoneOS.platform/Developer/usr/local/lib/swift/host/plugins\#/Applications/Xcode.app/Contents/Developer/Platforms/iPhoneOS.platform/Developer/usr/bin/swift-plugin-server -plugin-path /Applications/Xcode.app/Contents/Developer/Toolchains/XcodeDefault.xctoolchain/usr/lib/swift/host/plugins -plugin-path /Applications/Xcode.app/Contents/Developer/Toolchains/XcodeDefault.xctoolchain/usr/local/lib/swift/host/plugins -o /Users/cengcheng/Documents/GitHub/vino/docs/1.0.0/qa/evidence/derived-data-unthinned/Build/Intermediates.noindex/vino_iPhone.build/Debug-iphonesimulator/vino_iPhone.build/Objects-normal/x86_64/ModelLicenseVerifier.o -o /Users/cengcheng/Documents/GitHub/vino/docs/1.0.0/qa/evidence/derived-data-unthinned/Build/Intermediates.noindex/vino_iPhone.build/Debug-iphonesimulator/vino_iPhone.build/Objects-normal/x86_64/AssetUploadService.o -index-unit-output-path /vino_iPhone.build/Debug-iphonesimulator/vino_iPhone.build/Objects-normal/x86_64/ModelLicenseVerifier.o -index-unit-output-path /vino_iPhone.build/Debug-iphonesimulator/vino_iPhone.build/Objects-normal/x86_64/AssetUploadService.o -index-store-path /Users/cengcheng/Documents/GitHub/vino/docs/1.0.0/qa/evidence/derived-data-unthinned/Index.noindex/DataStore -index-system-modules

SwiftCompile normal x86_64 /Users/cengcheng/Documents/GitHub/vino/vino_iPhone/Sources/Networking/AssetUploadService.swift (in target 'vino_iPhone' from project 'vino_iPhone')
    cd /Users/cengcheng/Documents/GitHub/vino/vino_iPhone
    /Applications/Xcode.app/Contents/Developer/Toolchains/XcodeDefault.xctoolchain/usr/bin/swift-frontend -c /Users/cengcheng/Documents/GitHub/vino/vino_iPhone/AppHost/VinoPhoneApp.swift /Users/cengcheng/Documents/GitHub/vino/vino_iPhone/Sources/App/VinoPhoneShellView.swift /Users/cengcheng/Documents/GitHub/vino/vino_iPhone/Sources/Camera/CameraPreviewView.swift /Users/cengcheng/Documents/GitHub/vino/vino_iPhone/Sources/Camera/CameraSessionController.swift /Users/cengcheng/Documents/GitHub/vino/vino_iPhone/Sources/Inference/InferenceRuntime.swift /Users/cengcheng/Documents/GitHub/vino/vino_iPhone/Sources/Models/CoreMLCatalog.swift /Users/cengcheng/Documents/GitHub/vino/vino_iPhone/Sources/Models/InferenceModels.swift /Users/cengcheng/Documents/GitHub/vino/vino_iPhone/Sources/Models/ModelFileStore.swift /Users/cengcheng/Documents/GitHub/vino/vino_iPhone/Sources/Models/VinoAppState.swift /Users/cengcheng/Documents/GitHub/vino/vino_iPhone/Sources/Models/VinoTheme.swift /Users/cengcheng/Documents/GitHub/vino/vino_iPhone/Sources/Networking/ControlPlaneCoordinator.swift /Users/cengcheng/Documents/GitHub/vino/vino_iPhone/Sources/Networking/IPAddressMonitor.swift /Users/cengcheng/Documents/GitHub/vino/vino_iPhone/Sources/Networking/VinoProtocol.swift /Users/cengcheng/Documents/GitHub/vino/vino_iPhone/Sources/Overlay/CameraOverlayView.swift /Users/cengcheng/Documents/GitHub/vino/vino_iPhone/Sources/Overlay/InferenceResultsOverlayView.swift /Users/cengcheng/Documents/GitHub/vino/vino_iPhone/Sources/Auth/AuthModels.swift /Users/cengcheng/Documents/GitHub/vino/vino_iPhone/Sources/Auth/KeychainStore.swift /Users/cengcheng/Documents/GitHub/vino/vino_iPhone/Sources/Auth/AuthSessionStore.swift /Users/cengcheng/Documents/GitHub/vino/vino_iPhone/Sources/Auth/AuthService.swift /Users/cengcheng/Documents/GitHub/vino/vino_iPhone/Sources/Models/CloudModelCatalog.swift -primary-file /Users/cengcheng/Documents/GitHub/vino/vino_iPhone/Sources/Models/ModelLicenseVerifier.swift -primary-file /Users/cengcheng/Documents/GitHub/vino/vino_iPhone/Sources/Networking/AssetUploadService.swift /Users/cengcheng/Documents/GitHub/vino/vino_iPhone/Sources/Networking/CloudControlCoordinator.swift /Users/cengcheng/Documents/GitHub/vino/docs/1.0.0/qa/evidence/derived-data-unthinned/Build/Intermediates.noindex/vino_iPhone.build/Debug-iphonesimulator/vino_iPhone.build/DerivedSources/GeneratedAssetSymbols.swift -emit-dependencies-path /Users/cengcheng/Documents/GitHub/vino/docs/1.0.0/qa/evidence/derived-data-unthinned/Build/Intermediates.noindex/vino_iPhone.build/Debug-iphonesimulator/vino_iPhone.build/Objects-normal/x86_64/ModelLicenseVerifier.d -emit-const-values-path /Users/cengcheng/Documents/GitHub/vino/docs/1.0.0/qa/evidence/derived-data-unthinned/Build/Intermediates.noindex/vino_iPhone.build/Debug-iphonesimulator/vino_iPhone.build/Objects-normal/x86_64/ModelLicenseVerifier.swiftconstvalues -emit-reference-dependencies-path /Users/cengcheng/Documents/GitHub/vino/docs/1.0.0/qa/evidence/derived-data-unthinned/Build/Intermediates.noindex/vino_iPhone.build/Debug-iphonesimulator/vino_iPhone.build/Objects-normal/x86_64/ModelLicenseVerifier.swiftdeps -serialize-diagnostics-path /Users/cengcheng/Documents/GitHub/vino/docs/1.0.0/qa/evidence/derived-data-unthinned/Build/Intermediates.noindex/vino_iPhone.build/Debug-iphonesimulator/vino_iPhone.build/Objects-normal/x86_64/ModelLicenseVerifier.dia -emit-dependencies-path /Users/cengcheng/Documents/GitHub/vino/docs/1.0.0/qa/evidence/derived-data-unthinned/Build/Intermediates.noindex/vino_iPhone.build/Debug-iphonesimulator/vino_iPhone.build/Objects-normal/x86_64/AssetUploadService.d -emit-const-values-path /Users/cengcheng/Documents/GitHub/vino/docs/1.0.0/qa/evidence/derived-data-unthinned/Build/Intermediates.noindex/vino_iPhone.build/Debug-iphonesimulator/vino_iPhone.build/Objects-normal/x86_64/AssetUploadService.swiftconstvalues -emit-reference-dependencies-path /Users/cengcheng/Documents/GitHub/vino/docs/1.0.0/qa/evidence/derived-data-unthinned/Build/Intermediates.noindex/vino_iPhone.build/Debug-iphonesimulator/vino_iPhone.build/Objects-normal/x86_64/AssetUploadService.swiftdeps -serialize-diagnostics-path /Users/cengcheng/Documents/GitHub/vino/docs/1.0.0/qa/evidence/derived-data-unthinned/Build/Intermediates.noindex/vino_iPhone.build/Debug-iphonesimulator/vino_iPhone.build/Objects-normal/x86_64/AssetUploadService.dia -emit-localized-strings -emit-localized-strings-path /Users/cengcheng/Documents/GitHub/vino/docs/1.0.0/qa/evidence/derived-data-unthinned/Build/Intermediates.noindex/vino_iPhone.build/Debug-iphonesimulator/vino_iPhone.build/Objects-normal/x86_64 -target x86_64-apple-ios17.6-simulator -enable-objc-interop -sdk /Applications/Xcode.app/Contents/Developer/Platforms/iPhoneSimulator.platform/Developer/SDKs/iPhoneSimulator18.2.sdk -I /Users/cengcheng/Documents/GitHub/vino/docs/1.0.0/qa/evidence/derived-data-unthinned/Build/Products/Debug-iphonesimulator -F /Users/cengcheng/Documents/GitHub/vino/docs/1.0.0/qa/evidence/derived-data-unthinned/Build/Products/Debug-iphonesimulator -no-color-diagnostics -enable-testing -g -debug-info-format\=dwarf -dwarf-version\=4 -module-cache-path /Users/cengcheng/Documents/GitHub/vino/docs/1.0.0/qa/evidence/derived-data-unthinned/ModuleCache.noindex -swift-version 5 -enforce-exclusivity\=checked -Onone -D DEBUG -serialize-debugging-options -const-gather-protocols-file /Users/cengcheng/Documents/GitHub/vino/docs/1.0.0/qa/evidence/derived-data-unthinned/Build/Intermediates.noindex/vino_iPhone.build/Debug-iphonesimulator/vino_iPhone.build/Objects-normal/x86_64/vino_iPhone_const_extract_protocols.json -enable-experimental-feature DebugDescriptionMacro -enable-experimental-feature OpaqueTypeErasure -enable-bare-slash-regex -empty-abi-descriptor -validate-clang-modules-once -clang-build-session-file /Users/cengcheng/Documents/GitHub/vino/docs/1.0.0/qa/evidence/derived-data-unthinned/ModuleCache.noindex/Session.modulevalidation -Xcc -working-directory -Xcc /Users/cengcheng/Documents/GitHub/vino/vino_iPhone -resource-dir /Applications/Xcode.app/Contents/Developer/Toolchains/XcodeDefault.xctoolchain/usr/lib/swift -enable-anonymous-context-mangled-names -file-compilation-dir /Users/cengcheng/Documents/GitHub/vino/vino_iPhone -Xcc -D_LIBCPP_HARDENING_MODE\=_LIBCPP_HARDENING_MODE_DEBUG -Xcc -ivfsstatcache -Xcc /Users/cengcheng/Documents/GitHub/vino/docs/1.0.0/qa/evidence/derived-data-unthinned/SDKStatCaches.noindex/iphonesimulator18.2-22C146-07b28473f605e47e75261259d3ef3b5a.sdkstatcache -Xcc -I/Users/cengcheng/Documents/GitHub/vino/docs/1.0.0/qa/evidence/derived-data-unthinned/Build/Intermediates.noindex/vino_iPhone.build/Debug-iphonesimulator/vino_iPhone.build/swift-overrides.hmap -Xcc -iquote -Xcc /Users/cengcheng/Documents/GitHub/vino/docs/1.0.0/qa/evidence/derived-data-unthinned/Build/Intermediates.noindex/vino_iPhone.build/Debug-iphonesimulator/vino_iPhone.build/灵眼GX-generated-files.hmap -Xcc -I/Users/cengcheng/Documents/GitHub/vino/docs/1.0.0/qa/evidence/derived-data-unthinned/Build/Intermediates.noindex/vino_iPhone.build/Debug-iphonesimulator/vino_iPhone.build/灵眼GX-own-target-headers.hmap -Xcc -I/Users/cengcheng/Documents/GitHub/vino/docs/1.0.0/qa/evidence/derived-data-unthinned/Build/Intermediates.noindex/vino_iPhone.build/Debug-iphonesimulator/vino_iPhone.build/灵眼GX-all-target-headers.hmap -Xcc -iquote -Xcc /Users/cengcheng/Documents/GitHub/vino/docs/1.0.0/qa/evidence/derived-data-unthinned/Build/Intermediates.noindex/vino_iPhone.build/Debug-iphonesimulator/vino_iPhone.build/灵眼GX-project-headers.hmap -Xcc -I/Users/cengcheng/Documents/GitHub/vino/docs/1.0.0/qa/evidence/derived-data-unthinned/Build/Products/Debug-iphonesimulator/include -Xcc -I/Users/cengcheng/Documents/GitHub/vino/docs/1.0.0/qa/evidence/derived-data-unthinned/Build/Intermediates.noindex/vino_iPhone.build/Debug-iphonesimulator/vino_iPhone.build/DerivedSources-normal/x86_64 -Xcc -I/Users/cengcheng/Documents/GitHub/vino/docs/1.0.0/qa/evidence/derived-data-unthinned/Build/Intermediates.noindex/vino_iPhone.build/Debug-iphonesimulator/vino_iPhone.build/DerivedSources/x86_64 -Xcc -I/Users/cengcheng/Documents/GitHub/vino/docs/1.0.0/qa/evidence/derived-data-unthinned/Build/Intermediates.noindex/vino_iPhone.build/Debug-iphonesimulator/vino_iPhone.build/DerivedSources -Xcc -DDEBUG\=1 -module-name vino_iPhone -frontend-parseable-output -disable-clang-spi -target-sdk-version 18.2 -target-sdk-name iphonesimulator18.2 -external-plugin-path /Applications/Xcode.app/Contents/Developer/Platforms/iPhoneOS.platform/Developer/usr/lib/swift/host/plugins\#/Applications/Xcode.app/Contents/Developer/Platforms/iPhoneOS.platform/Developer/usr/bin/swift-plugin-server -external-plugin-path /Applications/Xcode.app/Contents/Developer/Platforms/iPhoneOS.platform/Developer/usr/local/lib/swift/host/plugins\#/Applications/Xcode.app/Contents/Developer/Platforms/iPhoneOS.platform/Developer/usr/bin/swift-plugin-server -plugin-path /Applications/Xcode.app/Contents/Developer/Toolchains/XcodeDefault.xctoolchain/usr/lib/swift/host/plugins -plugin-path /Applications/Xcode.app/Contents/Developer/Toolchains/XcodeDefault.xctoolchain/usr/local/lib/swift/host/plugins -o /Users/cengcheng/Documents/GitHub/vino/docs/1.0.0/qa/evidence/derived-data-unthinned/Build/Intermediates.noindex/vino_iPhone.build/Debug-iphonesimulator/vino_iPhone.build/Objects-normal/x86_64/ModelLicenseVerifier.o -o /Users/cengcheng/Documents/GitHub/vino/docs/1.0.0/qa/evidence/derived-data-unthinned/Build/Intermediates.noindex/vino_iPhone.build/Debug-iphonesimulator/vino_iPhone.build/Objects-normal/x86_64/AssetUploadService.o -index-unit-output-path /vino_iPhone.build/Debug-iphonesimulator/vino_iPhone.build/Objects-normal/x86_64/ModelLicenseVerifier.o -index-unit-output-path /vino_iPhone.build/Debug-iphonesimulator/vino_iPhone.build/Objects-normal/x86_64/AssetUploadService.o -index-store-path /Users/cengcheng/Documents/GitHub/vino/docs/1.0.0/qa/evidence/derived-data-unthinned/Index.noindex/DataStore -index-system-modules

SwiftDriverJobDiscovery normal arm64 Compiling VinoTheme.swift, ControlPlaneCoordinator.swift, IPAddressMonitor.swift (in target 'vino_iPhone' from project 'vino_iPhone')

SwiftCompile normal x86_64 Compiling\ VinoProtocol.swift,\ CameraOverlayView.swift /Users/cengcheng/Documents/GitHub/vino/vino_iPhone/Sources/Networking/VinoProtocol.swift /Users/cengcheng/Documents/GitHub/vino/vino_iPhone/Sources/Overlay/CameraOverlayView.swift (in target 'vino_iPhone' from project 'vino_iPhone')
    cd /Users/cengcheng/Documents/GitHub/vino/vino_iPhone
    builtin-swiftTaskExecution -- /Applications/Xcode.app/Contents/Developer/Toolchains/XcodeDefault.xctoolchain/usr/bin/swift-frontend -frontend -c /Users/cengcheng/Documents/GitHub/vino/vino_iPhone/AppHost/VinoPhoneApp.swift /Users/cengcheng/Documents/GitHub/vino/vino_iPhone/Sources/App/VinoPhoneShellView.swift /Users/cengcheng/Documents/GitHub/vino/vino_iPhone/Sources/Camera/CameraPreviewView.swift /Users/cengcheng/Documents/GitHub/vino/vino_iPhone/Sources/Camera/CameraSessionController.swift /Users/cengcheng/Documents/GitHub/vino/vino_iPhone/Sources/Inference/InferenceRuntime.swift /Users/cengcheng/Documents/GitHub/vino/vino_iPhone/Sources/Models/CoreMLCatalog.swift /Users/cengcheng/Documents/GitHub/vino/vino_iPhone/Sources/Models/InferenceModels.swift /Users/cengcheng/Documents/GitHub/vino/vino_iPhone/Sources/Models/ModelFileStore.swift /Users/cengcheng/Documents/GitHub/vino/vino_iPhone/Sources/Models/VinoAppState.swift /Users/cengcheng/Documents/GitHub/vino/vino_iPhone/Sources/Models/VinoTheme.swift /Users/cengcheng/Documents/GitHub/vino/vino_iPhone/Sources/Networking/ControlPlaneCoordinator.swift /Users/cengcheng/Documents/GitHub/vino/vino_iPhone/Sources/Networking/IPAddressMonitor.swift -primary-file /Users/cengcheng/Documents/GitHub/vino/vino_iPhone/Sources/Networking/VinoProtocol.swift -primary-file /Users/cengcheng/Documents/GitHub/vino/vino_iPhone/Sources/Overlay/CameraOverlayView.swift /Users/cengcheng/Documents/GitHub/vino/vino_iPhone/Sources/Overlay/InferenceResultsOverlayView.swift /Users/cengcheng/Documents/GitHub/vino/vino_iPhone/Sources/Auth/AuthModels.swift /Users/cengcheng/Documents/GitHub/vino/vino_iPhone/Sources/Auth/KeychainStore.swift /Users/cengcheng/Documents/GitHub/vino/vino_iPhone/Sources/Auth/AuthSessionStore.swift /Users/cengcheng/Documents/GitHub/vino/vino_iPhone/Sources/Auth/AuthService.swift /Users/cengcheng/Documents/GitHub/vino/vino_iPhone/Sources/Models/CloudModelCatalog.swift /Users/cengcheng/Documents/GitHub/vino/vino_iPhone/Sources/Models/ModelLicenseVerifier.swift /Users/cengcheng/Documents/GitHub/vino/vino_iPhone/Sources/Networking/AssetUploadService.swift /Users/cengcheng/Documents/GitHub/vino/vino_iPhone/Sources/Networking/CloudControlCoordinator.swift /Users/cengcheng/Documents/GitHub/vino/docs/1.0.0/qa/evidence/derived-data-unthinned/Build/Intermediates.noindex/vino_iPhone.build/Debug-iphonesimulator/vino_iPhone.build/DerivedSources/GeneratedAssetSymbols.swift -emit-dependencies-path /Users/cengcheng/Documents/GitHub/vino/docs/1.0.0/qa/evidence/derived-data-unthinned/Build/Intermediates.noindex/vino_iPhone.build/Debug-iphonesimulator/vino_iPhone.build/Objects-normal/x86_64/VinoProtocol.d -emit-const-values-path /Users/cengcheng/Documents/GitHub/vino/docs/1.0.0/qa/evidence/derived-data-unthinned/Build/Intermediates.noindex/vino_iPhone.build/Debug-iphonesimulator/vino_iPhone.build/Objects-normal/x86_64/VinoProtocol.swiftconstvalues -emit-reference-dependencies-path /Users/cengcheng/Documents/GitHub/vino/docs/1.0.0/qa/evidence/derived-data-unthinned/Build/Intermediates.noindex/vino_iPhone.build/Debug-iphonesimulator/vino_iPhone.build/Objects-normal/x86_64/VinoProtocol.swiftdeps -serialize-diagnostics-path /Users/cengcheng/Documents/GitHub/vino/docs/1.0.0/qa/evidence/derived-data-unthinned/Build/Intermediates.noindex/vino_iPhone.build/Debug-iphonesimulator/vino_iPhone.build/Objects-normal/x86_64/VinoProtocol.dia -emit-dependencies-path /Users/cengcheng/Documents/GitHub/vino/docs/1.0.0/qa/evidence/derived-data-unthinned/Build/Intermediates.noindex/vino_iPhone.build/Debug-iphonesimulator/vino_iPhone.build/Objects-normal/x86_64/CameraOverlayView.d -emit-const-values-path /Users/cengcheng/Documents/GitHub/vino/docs/1.0.0/qa/evidence/derived-data-unthinned/Build/Intermediates.noindex/vino_iPhone.build/Debug-iphonesimulator/vino_iPhone.build/Objects-normal/x86_64/CameraOverlayView.swiftconstvalues -emit-reference-dependencies-path /Users/cengcheng/Documents/GitHub/vino/docs/1.0.0/qa/evidence/derived-data-unthinned/Build/Intermediates.noindex/vino_iPhone.build/Debug-iphonesimulator/vino_iPhone.build/Objects-normal/x86_64/CameraOverlayView.swiftdeps -serialize-diagnostics-path /Users/cengcheng/Documents/GitHub/vino/docs/1.0.0/qa/evidence/derived-data-unthinned/Build/Intermediates.noindex/vino_iPhone.build/Debug-iphonesimulator/vino_iPhone.build/Objects-normal/x86_64/CameraOverlayView.dia -emit-localized-strings -emit-localized-strings-path /Users/cengcheng/Documents/GitHub/vino/docs/1.0.0/qa/evidence/derived-data-unthinned/Build/Intermediates.noindex/vino_iPhone.build/Debug-iphonesimulator/vino_iPhone.build/Objects-normal/x86_64 -target x86_64-apple-ios17.6-simulator -enable-objc-interop -sdk /Applications/Xcode.app/Contents/Developer/Platforms/iPhoneSimulator.platform/Developer/SDKs/iPhoneSimulator18.2.sdk -I /Users/cengcheng/Documents/GitHub/vino/docs/1.0.0/qa/evidence/derived-data-unthinned/Build/Products/Debug-iphonesimulator -F /Users/cengcheng/Documents/GitHub/vino/docs/1.0.0/qa/evidence/derived-data-unthinned/Build/Products/Debug-iphonesimulator -no-color-diagnostics -enable-testing -g -debug-info-format\=dwarf -dwarf-version\=4 -module-cache-path /Users/cengcheng/Documents/GitHub/vino/docs/1.0.0/qa/evidence/derived-data-unthinned/ModuleCache.noindex -swift-version 5 -enforce-exclusivity\=checked -Onone -D DEBUG -serialize-debugging-options -const-gather-protocols-file /Users/cengcheng/Documents/GitHub/vino/docs/1.0.0/qa/evidence/derived-data-unthinned/Build/Intermediates.noindex/vino_iPhone.build/Debug-iphonesimulator/vino_iPhone.build/Objects-normal/x86_64/vino_iPhone_const_extract_protocols.json -enable-experimental-feature DebugDescriptionMacro -enable-experimental-feature OpaqueTypeErasure -enable-bare-slash-regex -empty-abi-descriptor -validate-clang-modules-once -clang-build-session-file /Users/cengcheng/Documents/GitHub/vino/docs/1.0.0/qa/evidence/derived-data-unthinned/ModuleCache.noindex/Session.modulevalidation -Xcc -working-directory -Xcc /Users/cengcheng/Documents/GitHub/vino/vino_iPhone -resource-dir /Applications/Xcode.app/Contents/Developer/Toolchains/XcodeDefault.xctoolchain/usr/lib/swift -enable-anonymous-context-mangled-names -file-compilation-dir /Users/cengcheng/Documents/GitHub/vino/vino_iPhone -Xcc -D_LIBCPP_HARDENING_MODE\=_LIBCPP_HARDENING_MODE_DEBUG -Xcc -ivfsstatcache -Xcc /Users/cengcheng/Documents/GitHub/vino/docs/1.0.0/qa/evidence/derived-data-unthinned/SDKStatCaches.noindex/iphonesimulator18.2-22C146-07b28473f605e47e75261259d3ef3b5a.sdkstatcache -Xcc -I/Users/cengcheng/Documents/GitHub/vino/docs/1.0.0/qa/evidence/derived-data-unthinned/Build/Intermediates.noindex/vino_iPhone.build/Debug-iphonesimulator/vino_iPhone.build/swift-overrides.hmap -Xcc -iquote -Xcc /Users/cengcheng/Documents/GitHub/vino/docs/1.0.0/qa/evidence/derived-data-unthinned/Build/Intermediates.noindex/vino_iPhone.build/Debug-iphonesimulator/vino_iPhone.build/灵眼GX-generated-files.hmap -Xcc -I/Users/cengcheng/Documents/GitHub/vino/docs/1.0.0/qa/evidence/derived-data-unthinned/Build/Intermediates.noindex/vino_iPhone.build/Debug-iphonesimulator/vino_iPhone.build/灵眼GX-own-target-headers.hmap -Xcc -I/Users/cengcheng/Documents/GitHub/vino/docs/1.0.0/qa/evidence/derived-data-unthinned/Build/Intermediates.noindex/vino_iPhone.build/Debug-iphonesimulator/vino_iPhone.build/灵眼GX-all-target-headers.hmap -Xcc -iquote -Xcc /Users/cengcheng/Documents/GitHub/vino/docs/1.0.0/qa/evidence/derived-data-unthinned/Build/Intermediates.noindex/vino_iPhone.build/Debug-iphonesimulator/vino_iPhone.build/灵眼GX-project-headers.hmap -Xcc -I/Users/cengcheng/Documents/GitHub/vino/docs/1.0.0/qa/evidence/derived-data-unthinned/Build/Products/Debug-iphonesimulator/include -Xcc -I/Users/cengcheng/Documents/GitHub/vino/docs/1.0.0/qa/evidence/derived-data-unthinned/Build/Intermediates.noindex/vino_iPhone.build/Debug-iphonesimulator/vino_iPhone.build/DerivedSources-normal/x86_64 -Xcc -I/Users/cengcheng/Documents/GitHub/vino/docs/1.0.0/qa/evidence/derived-data-unthinned/Build/Intermediates.noindex/vino_iPhone.build/Debug-iphonesimulator/vino_iPhone.build/DerivedSources/x86_64 -Xcc -I/Users/cengcheng/Documents/GitHub/vino/docs/1.0.0/qa/evidence/derived-data-unthinned/Build/Intermediates.noindex/vino_iPhone.build/Debug-iphonesimulator/vino_iPhone.build/DerivedSources -Xcc -DDEBUG\=1 -module-name vino_iPhone -frontend-parseable-output -disable-clang-spi -target-sdk-version 18.2 -target-sdk-name iphonesimulator18.2 -external-plugin-path /Applications/Xcode.app/Contents/Developer/Platforms/iPhoneOS.platform/Developer/usr/lib/swift/host/plugins\#/Applications/Xcode.app/Contents/Developer/Platforms/iPhoneOS.platform/Developer/usr/bin/swift-plugin-server -external-plugin-path /Applications/Xcode.app/Contents/Developer/Platforms/iPhoneOS.platform/Developer/usr/local/lib/swift/host/plugins\#/Applications/Xcode.app/Contents/Developer/Platforms/iPhoneOS.platform/Developer/usr/bin/swift-plugin-server -plugin-path /Applications/Xcode.app/Contents/Developer/Toolchains/XcodeDefault.xctoolchain/usr/lib/swift/host/plugins -plugin-path /Applications/Xcode.app/Contents/Developer/Toolchains/XcodeDefault.xctoolchain/usr/local/lib/swift/host/plugins -o /Users/cengcheng/Documents/GitHub/vino/docs/1.0.0/qa/evidence/derived-data-unthinned/Build/Intermediates.noindex/vino_iPhone.build/Debug-iphonesimulator/vino_iPhone.build/Objects-normal/x86_64/VinoProtocol.o -o /Users/cengcheng/Documents/GitHub/vino/docs/1.0.0/qa/evidence/derived-data-unthinned/Build/Intermediates.noindex/vino_iPhone.build/Debug-iphonesimulator/vino_iPhone.build/Objects-normal/x86_64/CameraOverlayView.o -index-unit-output-path /vino_iPhone.build/Debug-iphonesimulator/vino_iPhone.build/Objects-normal/x86_64/VinoProtocol.o -index-unit-output-path /vino_iPhone.build/Debug-iphonesimulator/vino_iPhone.build/Objects-normal/x86_64/CameraOverlayView.o -index-store-path /Users/cengcheng/Documents/GitHub/vino/docs/1.0.0/qa/evidence/derived-data-unthinned/Index.noindex/DataStore -index-system-modules
SwiftCompile normal x86_64 /Users/cengcheng/Documents/GitHub/vino/vino_iPhone/Sources/Networking/VinoProtocol.swift (in target 'vino_iPhone' from project 'vino_iPhone')
    cd /Users/cengcheng/Documents/GitHub/vino/vino_iPhone
    /Applications/Xcode.app/Contents/Developer/Toolchains/XcodeDefault.xctoolchain/usr/bin/swift-frontend -c /Users/cengcheng/Documents/GitHub/vino/vino_iPhone/AppHost/VinoPhoneApp.swift /Users/cengcheng/Documents/GitHub/vino/vino_iPhone/Sources/App/VinoPhoneShellView.swift /Users/cengcheng/Documents/GitHub/vino/vino_iPhone/Sources/Camera/CameraPreviewView.swift /Users/cengcheng/Documents/GitHub/vino/vino_iPhone/Sources/Camera/CameraSessionController.swift /Users/cengcheng/Documents/GitHub/vino/vino_iPhone/Sources/Inference/InferenceRuntime.swift /Users/cengcheng/Documents/GitHub/vino/vino_iPhone/Sources/Models/CoreMLCatalog.swift /Users/cengcheng/Documents/GitHub/vino/vino_iPhone/Sources/Models/InferenceModels.swift /Users/cengcheng/Documents/GitHub/vino/vino_iPhone/Sources/Models/ModelFileStore.swift /Users/cengcheng/Documents/GitHub/vino/vino_iPhone/Sources/Models/VinoAppState.swift /Users/cengcheng/Documents/GitHub/vino/vino_iPhone/Sources/Models/VinoTheme.swift /Users/cengcheng/Documents/GitHub/vino/vino_iPhone/Sources/Networking/ControlPlaneCoordinator.swift /Users/cengcheng/Documents/GitHub/vino/vino_iPhone/Sources/Networking/IPAddressMonitor.swift -primary-file /Users/cengcheng/Documents/GitHub/vino/vino_iPhone/Sources/Networking/VinoProtocol.swift -primary-file /Users/cengcheng/Documents/GitHub/vino/vino_iPhone/Sources/Overlay/CameraOverlayView.swift /Users/cengcheng/Documents/GitHub/vino/vino_iPhone/Sources/Overlay/InferenceResultsOverlayView.swift /Users/cengcheng/Documents/GitHub/vino/vino_iPhone/Sources/Auth/AuthModels.swift /Users/cengcheng/Documents/GitHub/vino/vino_iPhone/Sources/Auth/KeychainStore.swift /Users/cengcheng/Documents/GitHub/vino/vino_iPhone/Sources/Auth/AuthSessionStore.swift /Users/cengcheng/Documents/GitHub/vino/vino_iPhone/Sources/Auth/AuthService.swift /Users/cengcheng/Documents/GitHub/vino/vino_iPhone/Sources/Models/CloudModelCatalog.swift /Users/cengcheng/Documents/GitHub/vino/vino_iPhone/Sources/Models/ModelLicenseVerifier.swift /Users/cengcheng/Documents/GitHub/vino/vino_iPhone/Sources/Networking/AssetUploadService.swift /Users/cengcheng/Documents/GitHub/vino/vino_iPhone/Sources/Networking/CloudControlCoordinator.swift /Users/cengcheng/Documents/GitHub/vino/docs/1.0.0/qa/evidence/derived-data-unthinned/Build/Intermediates.noindex/vino_iPhone.build/Debug-iphonesimulator/vino_iPhone.build/DerivedSources/GeneratedAssetSymbols.swift -emit-dependencies-path /Users/cengcheng/Documents/GitHub/vino/docs/1.0.0/qa/evidence/derived-data-unthinned/Build/Intermediates.noindex/vino_iPhone.build/Debug-iphonesimulator/vino_iPhone.build/Objects-normal/x86_64/VinoProtocol.d -emit-const-values-path /Users/cengcheng/Documents/GitHub/vino/docs/1.0.0/qa/evidence/derived-data-unthinned/Build/Intermediates.noindex/vino_iPhone.build/Debug-iphonesimulator/vino_iPhone.build/Objects-normal/x86_64/VinoProtocol.swiftconstvalues -emit-reference-dependencies-path /Users/cengcheng/Documents/GitHub/vino/docs/1.0.0/qa/evidence/derived-data-unthinned/Build/Intermediates.noindex/vino_iPhone.build/Debug-iphonesimulator/vino_iPhone.build/Objects-normal/x86_64/VinoProtocol.swiftdeps -serialize-diagnostics-path /Users/cengcheng/Documents/GitHub/vino/docs/1.0.0/qa/evidence/derived-data-unthinned/Build/Intermediates.noindex/vino_iPhone.build/Debug-iphonesimulator/vino_iPhone.build/Objects-normal/x86_64/VinoProtocol.dia -emit-dependencies-path /Users/cengcheng/Documents/GitHub/vino/docs/1.0.0/qa/evidence/derived-data-unthinned/Build/Intermediates.noindex/vino_iPhone.build/Debug-iphonesimulator/vino_iPhone.build/Objects-normal/x86_64/CameraOverlayView.d -emit-const-values-path /Users/cengcheng/Documents/GitHub/vino/docs/1.0.0/qa/evidence/derived-data-unthinned/Build/Intermediates.noindex/vino_iPhone.build/Debug-iphonesimulator/vino_iPhone.build/Objects-normal/x86_64/CameraOverlayView.swiftconstvalues -emit-reference-dependencies-path /Users/cengcheng/Documents/GitHub/vino/docs/1.0.0/qa/evidence/derived-data-unthinned/Build/Intermediates.noindex/vino_iPhone.build/Debug-iphonesimulator/vino_iPhone.build/Objects-normal/x86_64/CameraOverlayView.swiftdeps -serialize-diagnostics-path /Users/cengcheng/Documents/GitHub/vino/docs/1.0.0/qa/evidence/derived-data-unthinned/Build/Intermediates.noindex/vino_iPhone.build/Debug-iphonesimulator/vino_iPhone.build/Objects-normal/x86_64/CameraOverlayView.dia -emit-localized-strings -emit-localized-strings-path /Users/cengcheng/Documents/GitHub/vino/docs/1.0.0/qa/evidence/derived-data-unthinned/Build/Intermediates.noindex/vino_iPhone.build/Debug-iphonesimulator/vino_iPhone.build/Objects-normal/x86_64 -target x86_64-apple-ios17.6-simulator -enable-objc-interop -sdk /Applications/Xcode.app/Contents/Developer/Platforms/iPhoneSimulator.platform/Developer/SDKs/iPhoneSimulator18.2.sdk -I /Users/cengcheng/Documents/GitHub/vino/docs/1.0.0/qa/evidence/derived-data-unthinned/Build/Products/Debug-iphonesimulator -F /Users/cengcheng/Documents/GitHub/vino/docs/1.0.0/qa/evidence/derived-data-unthinned/Build/Products/Debug-iphonesimulator -no-color-diagnostics -enable-testing -g -debug-info-format\=dwarf -dwarf-version\=4 -module-cache-path /Users/cengcheng/Documents/GitHub/vino/docs/1.0.0/qa/evidence/derived-data-unthinned/ModuleCache.noindex -swift-version 5 -enforce-exclusivity\=checked -Onone -D DEBUG -serialize-debugging-options -const-gather-protocols-file /Users/cengcheng/Documents/GitHub/vino/docs/1.0.0/qa/evidence/derived-data-unthinned/Build/Intermediates.noindex/vino_iPhone.build/Debug-iphonesimulator/vino_iPhone.build/Objects-normal/x86_64/vino_iPhone_const_extract_protocols.json -enable-experimental-feature DebugDescriptionMacro -enable-experimental-feature OpaqueTypeErasure -enable-bare-slash-regex -empty-abi-descriptor -validate-clang-modules-once -clang-build-session-file /Users/cengcheng/Documents/GitHub/vino/docs/1.0.0/qa/evidence/derived-data-unthinned/ModuleCache.noindex/Session.modulevalidation -Xcc -working-directory -Xcc /Users/cengcheng/Documents/GitHub/vino/vino_iPhone -resource-dir /Applications/Xcode.app/Contents/Developer/Toolchains/XcodeDefault.xctoolchain/usr/lib/swift -enable-anonymous-context-mangled-names -file-compilation-dir /Users/cengcheng/Documents/GitHub/vino/vino_iPhone -Xcc -D_LIBCPP_HARDENING_MODE\=_LIBCPP_HARDENING_MODE_DEBUG -Xcc -ivfsstatcache -Xcc /Users/cengcheng/Documents/GitHub/vino/docs/1.0.0/qa/evidence/derived-data-unthinned/SDKStatCaches.noindex/iphonesimulator18.2-22C146-07b28473f605e47e75261259d3ef3b5a.sdkstatcache -Xcc -I/Users/cengcheng/Documents/GitHub/vino/docs/1.0.0/qa/evidence/derived-data-unthinned/Build/Intermediates.noindex/vino_iPhone.build/Debug-iphonesimulator/vino_iPhone.build/swift-overrides.hmap -Xcc -iquote -Xcc /Users/cengcheng/Documents/GitHub/vino/docs/1.0.0/qa/evidence/derived-data-unthinned/Build/Intermediates.noindex/vino_iPhone.build/Debug-iphonesimulator/vino_iPhone.build/灵眼GX-generated-files.hmap -Xcc -I/Users/cengcheng/Documents/GitHub/vino/docs/1.0.0/qa/evidence/derived-data-unthinned/Build/Intermediates.noindex/vino_iPhone.build/Debug-iphonesimulator/vino_iPhone.build/灵眼GX-own-target-headers.hmap -Xcc -I/Users/cengcheng/Documents/GitHub/vino/docs/1.0.0/qa/evidence/derived-data-unthinned/Build/Intermediates.noindex/vino_iPhone.build/Debug-iphonesimulator/vino_iPhone.build/灵眼GX-all-target-headers.hmap -Xcc -iquote -Xcc /Users/cengcheng/Documents/GitHub/vino/docs/1.0.0/qa/evidence/derived-data-unthinned/Build/Intermediates.noindex/vino_iPhone.build/Debug-iphonesimulator/vino_iPhone.build/灵眼GX-project-headers.hmap -Xcc -I/Users/cengcheng/Documents/GitHub/vino/docs/1.0.0/qa/evidence/derived-data-unthinned/Build/Products/Debug-iphonesimulator/include -Xcc -I/Users/cengcheng/Documents/GitHub/vino/docs/1.0.0/qa/evidence/derived-data-unthinned/Build/Intermediates.noindex/vino_iPhone.build/Debug-iphonesimulator/vino_iPhone.build/DerivedSources-normal/x86_64 -Xcc -I/Users/cengcheng/Documents/GitHub/vino/docs/1.0.0/qa/evidence/derived-data-unthinned/Build/Intermediates.noindex/vino_iPhone.build/Debug-iphonesimulator/vino_iPhone.build/DerivedSources/x86_64 -Xcc -I/Users/cengcheng/Documents/GitHub/vino/docs/1.0.0/qa/evidence/derived-data-unthinned/Build/Intermediates.noindex/vino_iPhone.build/Debug-iphonesimulator/vino_iPhone.build/DerivedSources -Xcc -DDEBUG\=1 -module-name vino_iPhone -frontend-parseable-output -disable-clang-spi -target-sdk-version 18.2 -target-sdk-name iphonesimulator18.2 -external-plugin-path /Applications/Xcode.app/Contents/Developer/Platforms/iPhoneOS.platform/Developer/usr/lib/swift/host/plugins\#/Applications/Xcode.app/Contents/Developer/Platforms/iPhoneOS.platform/Developer/usr/bin/swift-plugin-server -external-plugin-path /Applications/Xcode.app/Contents/Developer/Platforms/iPhoneOS.platform/Developer/usr/local/lib/swift/host/plugins\#/Applications/Xcode.app/Contents/Developer/Platforms/iPhoneOS.platform/Developer/usr/bin/swift-plugin-server -plugin-path /Applications/Xcode.app/Contents/Developer/Toolchains/XcodeDefault.xctoolchain/usr/lib/swift/host/plugins -plugin-path /Applications/Xcode.app/Contents/Developer/Toolchains/XcodeDefault.xctoolchain/usr/local/lib/swift/host/plugins -o /Users/cengcheng/Documents/GitHub/vino/docs/1.0.0/qa/evidence/derived-data-unthinned/Build/Intermediates.noindex/vino_iPhone.build/Debug-iphonesimulator/vino_iPhone.build/Objects-normal/x86_64/VinoProtocol.o -o /Users/cengcheng/Documents/GitHub/vino/docs/1.0.0/qa/evidence/derived-data-unthinned/Build/Intermediates.noindex/vino_iPhone.build/Debug-iphonesimulator/vino_iPhone.build/Objects-normal/x86_64/CameraOverlayView.o -index-unit-output-path /vino_iPhone.build/Debug-iphonesimulator/vino_iPhone.build/Objects-normal/x86_64/VinoProtocol.o -index-unit-output-path /vino_iPhone.build/Debug-iphonesimulator/vino_iPhone.build/Objects-normal/x86_64/CameraOverlayView.o -index-store-path /Users/cengcheng/Documents/GitHub/vino/docs/1.0.0/qa/evidence/derived-data-unthinned/Index.noindex/DataStore -index-system-modules

SwiftCompile normal x86_64 /Users/cengcheng/Documents/GitHub/vino/vino_iPhone/Sources/Overlay/CameraOverlayView.swift (in target 'vino_iPhone' from project 'vino_iPhone')
    cd /Users/cengcheng/Documents/GitHub/vino/vino_iPhone
    /Applications/Xcode.app/Contents/Developer/Toolchains/XcodeDefault.xctoolchain/usr/bin/swift-frontend -c /Users/cengcheng/Documents/GitHub/vino/vino_iPhone/AppHost/VinoPhoneApp.swift /Users/cengcheng/Documents/GitHub/vino/vino_iPhone/Sources/App/VinoPhoneShellView.swift /Users/cengcheng/Documents/GitHub/vino/vino_iPhone/Sources/Camera/CameraPreviewView.swift /Users/cengcheng/Documents/GitHub/vino/vino_iPhone/Sources/Camera/CameraSessionController.swift /Users/cengcheng/Documents/GitHub/vino/vino_iPhone/Sources/Inference/InferenceRuntime.swift /Users/cengcheng/Documents/GitHub/vino/vino_iPhone/Sources/Models/CoreMLCatalog.swift /Users/cengcheng/Documents/GitHub/vino/vino_iPhone/Sources/Models/InferenceModels.swift /Users/cengcheng/Documents/GitHub/vino/vino_iPhone/Sources/Models/ModelFileStore.swift /Users/cengcheng/Documents/GitHub/vino/vino_iPhone/Sources/Models/VinoAppState.swift /Users/cengcheng/Documents/GitHub/vino/vino_iPhone/Sources/Models/VinoTheme.swift /Users/cengcheng/Documents/GitHub/vino/vino_iPhone/Sources/Networking/ControlPlaneCoordinator.swift /Users/cengcheng/Documents/GitHub/vino/vino_iPhone/Sources/Networking/IPAddressMonitor.swift -primary-file /Users/cengcheng/Documents/GitHub/vino/vino_iPhone/Sources/Networking/VinoProtocol.swift -primary-file /Users/cengcheng/Documents/GitHub/vino/vino_iPhone/Sources/Overlay/CameraOverlayView.swift /Users/cengcheng/Documents/GitHub/vino/vino_iPhone/Sources/Overlay/InferenceResultsOverlayView.swift /Users/cengcheng/Documents/GitHub/vino/vino_iPhone/Sources/Auth/AuthModels.swift /Users/cengcheng/Documents/GitHub/vino/vino_iPhone/Sources/Auth/KeychainStore.swift /Users/cengcheng/Documents/GitHub/vino/vino_iPhone/Sources/Auth/AuthSessionStore.swift /Users/cengcheng/Documents/GitHub/vino/vino_iPhone/Sources/Auth/AuthService.swift /Users/cengcheng/Documents/GitHub/vino/vino_iPhone/Sources/Models/CloudModelCatalog.swift /Users/cengcheng/Documents/GitHub/vino/vino_iPhone/Sources/Models/ModelLicenseVerifier.swift /Users/cengcheng/Documents/GitHub/vino/vino_iPhone/Sources/Networking/AssetUploadService.swift /Users/cengcheng/Documents/GitHub/vino/vino_iPhone/Sources/Networking/CloudControlCoordinator.swift /Users/cengcheng/Documents/GitHub/vino/docs/1.0.0/qa/evidence/derived-data-unthinned/Build/Intermediates.noindex/vino_iPhone.build/Debug-iphonesimulator/vino_iPhone.build/DerivedSources/GeneratedAssetSymbols.swift -emit-dependencies-path /Users/cengcheng/Documents/GitHub/vino/docs/1.0.0/qa/evidence/derived-data-unthinned/Build/Intermediates.noindex/vino_iPhone.build/Debug-iphonesimulator/vino_iPhone.build/Objects-normal/x86_64/VinoProtocol.d -emit-const-values-path /Users/cengcheng/Documents/GitHub/vino/docs/1.0.0/qa/evidence/derived-data-unthinned/Build/Intermediates.noindex/vino_iPhone.build/Debug-iphonesimulator/vino_iPhone.build/Objects-normal/x86_64/VinoProtocol.swiftconstvalues -emit-reference-dependencies-path /Users/cengcheng/Documents/GitHub/vino/docs/1.0.0/qa/evidence/derived-data-unthinned/Build/Intermediates.noindex/vino_iPhone.build/Debug-iphonesimulator/vino_iPhone.build/Objects-normal/x86_64/VinoProtocol.swiftdeps -serialize-diagnostics-path /Users/cengcheng/Documents/GitHub/vino/docs/1.0.0/qa/evidence/derived-data-unthinned/Build/Intermediates.noindex/vino_iPhone.build/Debug-iphonesimulator/vino_iPhone.build/Objects-normal/x86_64/VinoProtocol.dia -emit-dependencies-path /Users/cengcheng/Documents/GitHub/vino/docs/1.0.0/qa/evidence/derived-data-unthinned/Build/Intermediates.noindex/vino_iPhone.build/Debug-iphonesimulator/vino_iPhone.build/Objects-normal/x86_64/CameraOverlayView.d -emit-const-values-path /Users/cengcheng/Documents/GitHub/vino/docs/1.0.0/qa/evidence/derived-data-unthinned/Build/Intermediates.noindex/vino_iPhone.build/Debug-iphonesimulator/vino_iPhone.build/Objects-normal/x86_64/CameraOverlayView.swiftconstvalues -emit-reference-dependencies-path /Users/cengcheng/Documents/GitHub/vino/docs/1.0.0/qa/evidence/derived-data-unthinned/Build/Intermediates.noindex/vino_iPhone.build/Debug-iphonesimulator/vino_iPhone.build/Objects-normal/x86_64/CameraOverlayView.swiftdeps -serialize-diagnostics-path /Users/cengcheng/Documents/GitHub/vino/docs/1.0.0/qa/evidence/derived-data-unthinned/Build/Intermediates.noindex/vino_iPhone.build/Debug-iphonesimulator/vino_iPhone.build/Objects-normal/x86_64/CameraOverlayView.dia -emit-localized-strings -emit-localized-strings-path /Users/cengcheng/Documents/GitHub/vino/docs/1.0.0/qa/evidence/derived-data-unthinned/Build/Intermediates.noindex/vino_iPhone.build/Debug-iphonesimulator/vino_iPhone.build/Objects-normal/x86_64 -target x86_64-apple-ios17.6-simulator -enable-objc-interop -sdk /Applications/Xcode.app/Contents/Developer/Platforms/iPhoneSimulator.platform/Developer/SDKs/iPhoneSimulator18.2.sdk -I /Users/cengcheng/Documents/GitHub/vino/docs/1.0.0/qa/evidence/derived-data-unthinned/Build/Products/Debug-iphonesimulator -F /Users/cengcheng/Documents/GitHub/vino/docs/1.0.0/qa/evidence/derived-data-unthinned/Build/Products/Debug-iphonesimulator -no-color-diagnostics -enable-testing -g -debug-info-format\=dwarf -dwarf-version\=4 -module-cache-path /Users/cengcheng/Documents/GitHub/vino/docs/1.0.0/qa/evidence/derived-data-unthinned/ModuleCache.noindex -swift-version 5 -enforce-exclusivity\=checked -Onone -D DEBUG -serialize-debugging-options -const-gather-protocols-file /Users/cengcheng/Documents/GitHub/vino/docs/1.0.0/qa/evidence/derived-data-unthinned/Build/Intermediates.noindex/vino_iPhone.build/Debug-iphonesimulator/vino_iPhone.build/Objects-normal/x86_64/vino_iPhone_const_extract_protocols.json -enable-experimental-feature DebugDescriptionMacro -enable-experimental-feature OpaqueTypeErasure -enable-bare-slash-regex -empty-abi-descriptor -validate-clang-modules-once -clang-build-session-file /Users/cengcheng/Documents/GitHub/vino/docs/1.0.0/qa/evidence/derived-data-unthinned/ModuleCache.noindex/Session.modulevalidation -Xcc -working-directory -Xcc /Users/cengcheng/Documents/GitHub/vino/vino_iPhone -resource-dir /Applications/Xcode.app/Contents/Developer/Toolchains/XcodeDefault.xctoolchain/usr/lib/swift -enable-anonymous-context-mangled-names -file-compilation-dir /Users/cengcheng/Documents/GitHub/vino/vino_iPhone -Xcc -D_LIBCPP_HARDENING_MODE\=_LIBCPP_HARDENING_MODE_DEBUG -Xcc -ivfsstatcache -Xcc /Users/cengcheng/Documents/GitHub/vino/docs/1.0.0/qa/evidence/derived-data-unthinned/SDKStatCaches.noindex/iphonesimulator18.2-22C146-07b28473f605e47e75261259d3ef3b5a.sdkstatcache -Xcc -I/Users/cengcheng/Documents/GitHub/vino/docs/1.0.0/qa/evidence/derived-data-unthinned/Build/Intermediates.noindex/vino_iPhone.build/Debug-iphonesimulator/vino_iPhone.build/swift-overrides.hmap -Xcc -iquote -Xcc /Users/cengcheng/Documents/GitHub/vino/docs/1.0.0/qa/evidence/derived-data-unthinned/Build/Intermediates.noindex/vino_iPhone.build/Debug-iphonesimulator/vino_iPhone.build/灵眼GX-generated-files.hmap -Xcc -I/Users/cengcheng/Documents/GitHub/vino/docs/1.0.0/qa/evidence/derived-data-unthinned/Build/Intermediates.noindex/vino_iPhone.build/Debug-iphonesimulator/vino_iPhone.build/灵眼GX-own-target-headers.hmap -Xcc -I/Users/cengcheng/Documents/GitHub/vino/docs/1.0.0/qa/evidence/derived-data-unthinned/Build/Intermediates.noindex/vino_iPhone.build/Debug-iphonesimulator/vino_iPhone.build/灵眼GX-all-target-headers.hmap -Xcc -iquote -Xcc /Users/cengcheng/Documents/GitHub/vino/docs/1.0.0/qa/evidence/derived-data-unthinned/Build/Intermediates.noindex/vino_iPhone.build/Debug-iphonesimulator/vino_iPhone.build/灵眼GX-project-headers.hmap -Xcc -I/Users/cengcheng/Documents/GitHub/vino/docs/1.0.0/qa/evidence/derived-data-unthinned/Build/Products/Debug-iphonesimulator/include -Xcc -I/Users/cengcheng/Documents/GitHub/vino/docs/1.0.0/qa/evidence/derived-data-unthinned/Build/Intermediates.noindex/vino_iPhone.build/Debug-iphonesimulator/vino_iPhone.build/DerivedSources-normal/x86_64 -Xcc -I/Users/cengcheng/Documents/GitHub/vino/docs/1.0.0/qa/evidence/derived-data-unthinned/Build/Intermediates.noindex/vino_iPhone.build/Debug-iphonesimulator/vino_iPhone.build/DerivedSources/x86_64 -Xcc -I/Users/cengcheng/Documents/GitHub/vino/docs/1.0.0/qa/evidence/derived-data-unthinned/Build/Intermediates.noindex/vino_iPhone.build/Debug-iphonesimulator/vino_iPhone.build/DerivedSources -Xcc -DDEBUG\=1 -module-name vino_iPhone -frontend-parseable-output -disable-clang-spi -target-sdk-version 18.2 -target-sdk-name iphonesimulator18.2 -external-plugin-path /Applications/Xcode.app/Contents/Developer/Platforms/iPhoneOS.platform/Developer/usr/lib/swift/host/plugins\#/Applications/Xcode.app/Contents/Developer/Platforms/iPhoneOS.platform/Developer/usr/bin/swift-plugin-server -external-plugin-path /Applications/Xcode.app/Contents/Developer/Platforms/iPhoneOS.platform/Developer/usr/local/lib/swift/host/plugins\#/Applications/Xcode.app/Contents/Developer/Platforms/iPhoneOS.platform/Developer/usr/bin/swift-plugin-server -plugin-path /Applications/Xcode.app/Contents/Developer/Toolchains/XcodeDefault.xctoolchain/usr/lib/swift/host/plugins -plugin-path /Applications/Xcode.app/Contents/Developer/Toolchains/XcodeDefault.xctoolchain/usr/local/lib/swift/host/plugins -o /Users/cengcheng/Documents/GitHub/vino/docs/1.0.0/qa/evidence/derived-data-unthinned/Build/Intermediates.noindex/vino_iPhone.build/Debug-iphonesimulator/vino_iPhone.build/Objects-normal/x86_64/VinoProtocol.o -o /Users/cengcheng/Documents/GitHub/vino/docs/1.0.0/qa/evidence/derived-data-unthinned/Build/Intermediates.noindex/vino_iPhone.build/Debug-iphonesimulator/vino_iPhone.build/Objects-normal/x86_64/CameraOverlayView.o -index-unit-output-path /vino_iPhone.build/Debug-iphonesimulator/vino_iPhone.build/Objects-normal/x86_64/VinoProtocol.o -index-unit-output-path /vino_iPhone.build/Debug-iphonesimulator/vino_iPhone.build/Objects-normal/x86_64/CameraOverlayView.o -index-store-path /Users/cengcheng/Documents/GitHub/vino/docs/1.0.0/qa/evidence/derived-data-unthinned/Index.noindex/DataStore -index-system-modules

SwiftDriverJobDiscovery normal arm64 Compiling CloudControlCoordinator.swift, GeneratedAssetSymbols.swift (in target 'vino_iPhone' from project 'vino_iPhone')

SwiftCompile normal x86_64 Compiling\ InferenceModels.swift,\ ModelFileStore.swift,\ VinoAppState.swift /Users/cengcheng/Documents/GitHub/vino/vino_iPhone/Sources/Models/InferenceModels.swift /Users/cengcheng/Documents/GitHub/vino/vino_iPhone/Sources/Models/ModelFileStore.swift /Users/cengcheng/Documents/GitHub/vino/vino_iPhone/Sources/Models/VinoAppState.swift (in target 'vino_iPhone' from project 'vino_iPhone')
    cd /Users/cengcheng/Documents/GitHub/vino/vino_iPhone
    builtin-swiftTaskExecution -- /Applications/Xcode.app/Contents/Developer/Toolchains/XcodeDefault.xctoolchain/usr/bin/swift-frontend -frontend -c /Users/cengcheng/Documents/GitHub/vino/vino_iPhone/AppHost/VinoPhoneApp.swift /Users/cengcheng/Documents/GitHub/vino/vino_iPhone/Sources/App/VinoPhoneShellView.swift /Users/cengcheng/Documents/GitHub/vino/vino_iPhone/Sources/Camera/CameraPreviewView.swift /Users/cengcheng/Documents/GitHub/vino/vino_iPhone/Sources/Camera/CameraSessionController.swift /Users/cengcheng/Documents/GitHub/vino/vino_iPhone/Sources/Inference/InferenceRuntime.swift /Users/cengcheng/Documents/GitHub/vino/vino_iPhone/Sources/Models/CoreMLCatalog.swift -primary-file /Users/cengcheng/Documents/GitHub/vino/vino_iPhone/Sources/Models/InferenceModels.swift -primary-file /Users/cengcheng/Documents/GitHub/vino/vino_iPhone/Sources/Models/ModelFileStore.swift -primary-file /Users/cengcheng/Documents/GitHub/vino/vino_iPhone/Sources/Models/VinoAppState.swift /Users/cengcheng/Documents/GitHub/vino/vino_iPhone/Sources/Models/VinoTheme.swift /Users/cengcheng/Documents/GitHub/vino/vino_iPhone/Sources/Networking/ControlPlaneCoordinator.swift /Users/cengcheng/Documents/GitHub/vino/vino_iPhone/Sources/Networking/IPAddressMonitor.swift /Users/cengcheng/Documents/GitHub/vino/vino_iPhone/Sources/Networking/VinoProtocol.swift /Users/cengcheng/Documents/GitHub/vino/vino_iPhone/Sources/Overlay/CameraOverlayView.swift /Users/cengcheng/Documents/GitHub/vino/vino_iPhone/Sources/Overlay/InferenceResultsOverlayView.swift /Users/cengcheng/Documents/GitHub/vino/vino_iPhone/Sources/Auth/AuthModels.swift /Users/cengcheng/Documents/GitHub/vino/vino_iPhone/Sources/Auth/KeychainStore.swift /Users/cengcheng/Documents/GitHub/vino/vino_iPhone/Sources/Auth/AuthSessionStore.swift /Users/cengcheng/Documents/GitHub/vino/vino_iPhone/Sources/Auth/AuthService.swift /Users/cengcheng/Documents/GitHub/vino/vino_iPhone/Sources/Models/CloudModelCatalog.swift /Users/cengcheng/Documents/GitHub/vino/vino_iPhone/Sources/Models/ModelLicenseVerifier.swift /Users/cengcheng/Documents/GitHub/vino/vino_iPhone/Sources/Networking/AssetUploadService.swift /Users/cengcheng/Documents/GitHub/vino/vino_iPhone/Sources/Networking/CloudControlCoordinator.swift /Users/cengcheng/Documents/GitHub/vino/docs/1.0.0/qa/evidence/derived-data-unthinned/Build/Intermediates.noindex/vino_iPhone.build/Debug-iphonesimulator/vino_iPhone.build/DerivedSources/GeneratedAssetSymbols.swift -supplementary-output-file-map /Users/cengcheng/Documents/GitHub/vino/docs/1.0.0/qa/evidence/derived-data-unthinned/Build/Intermediates.noindex/vino_iPhone.build/Debug-iphonesimulator/vino_iPhone.build/Objects-normal/x86_64/supplementaryOutputs-5 -emit-localized-strings -emit-localized-strings-path /Users/cengcheng/Documents/GitHub/vino/docs/1.0.0/qa/evidence/derived-data-unthinned/Build/Intermediates.noindex/vino_iPhone.build/Debug-iphonesimulator/vino_iPhone.build/Objects-normal/x86_64 -target x86_64-apple-ios17.6-simulator -enable-objc-interop -sdk /Applications/Xcode.app/Contents/Developer/Platforms/iPhoneSimulator.platform/Developer/SDKs/iPhoneSimulator18.2.sdk -I /Users/cengcheng/Documents/GitHub/vino/docs/1.0.0/qa/evidence/derived-data-unthinned/Build/Products/Debug-iphonesimulator -F /Users/cengcheng/Documents/GitHub/vino/docs/1.0.0/qa/evidence/derived-data-unthinned/Build/Products/Debug-iphonesimulator -no-color-diagnostics -enable-testing -g -debug-info-format\=dwarf -dwarf-version\=4 -module-cache-path /Users/cengcheng/Documents/GitHub/vino/docs/1.0.0/qa/evidence/derived-data-unthinned/ModuleCache.noindex -swift-version 5 -enforce-exclusivity\=checked -Onone -D DEBUG -serialize-debugging-options -const-gather-protocols-file /Users/cengcheng/Documents/GitHub/vino/docs/1.0.0/qa/evidence/derived-data-unthinned/Build/Intermediates.noindex/vino_iPhone.build/Debug-iphonesimulator/vino_iPhone.build/Objects-normal/x86_64/vino_iPhone_const_extract_protocols.json -enable-experimental-feature DebugDescriptionMacro -enable-experimental-feature OpaqueTypeErasure -enable-bare-slash-regex -empty-abi-descriptor -validate-clang-modules-once -clang-build-session-file /Users/cengcheng/Documents/GitHub/vino/docs/1.0.0/qa/evidence/derived-data-unthinned/ModuleCache.noindex/Session.modulevalidation -Xcc -working-directory -Xcc /Users/cengcheng/Documents/GitHub/vino/vino_iPhone -resource-dir /Applications/Xcode.app/Contents/Developer/Toolchains/XcodeDefault.xctoolchain/usr/lib/swift -enable-anonymous-context-mangled-names -file-compilation-dir /Users/cengcheng/Documents/GitHub/vino/vino_iPhone -Xcc -D_LIBCPP_HARDENING_MODE\=_LIBCPP_HARDENING_MODE_DEBUG -Xcc -ivfsstatcache -Xcc /Users/cengcheng/Documents/GitHub/vino/docs/1.0.0/qa/evidence/derived-data-unthinned/SDKStatCaches.noindex/iphonesimulator18.2-22C146-07b28473f605e47e75261259d3ef3b5a.sdkstatcache -Xcc -I/Users/cengcheng/Documents/GitHub/vino/docs/1.0.0/qa/evidence/derived-data-unthinned/Build/Intermediates.noindex/vino_iPhone.build/Debug-iphonesimulator/vino_iPhone.build/swift-overrides.hmap -Xcc -iquote -Xcc /Users/cengcheng/Documents/GitHub/vino/docs/1.0.0/qa/evidence/derived-data-unthinned/Build/Intermediates.noindex/vino_iPhone.build/Debug-iphonesimulator/vino_iPhone.build/灵眼GX-generated-files.hmap -Xcc -I/Users/cengcheng/Documents/GitHub/vino/docs/1.0.0/qa/evidence/derived-data-unthinned/Build/Intermediates.noindex/vino_iPhone.build/Debug-iphonesimulator/vino_iPhone.build/灵眼GX-own-target-headers.hmap -Xcc -I/Users/cengcheng/Documents/GitHub/vino/docs/1.0.0/qa/evidence/derived-data-unthinned/Build/Intermediates.noindex/vino_iPhone.build/Debug-iphonesimulator/vino_iPhone.build/灵眼GX-all-target-headers.hmap -Xcc -iquote -Xcc /Users/cengcheng/Documents/GitHub/vino/docs/1.0.0/qa/evidence/derived-data-unthinned/Build/Intermediates.noindex/vino_iPhone.build/Debug-iphonesimulator/vino_iPhone.build/灵眼GX-project-headers.hmap -Xcc -I/Users/cengcheng/Documents/GitHub/vino/docs/1.0.0/qa/evidence/derived-data-unthinned/Build/Products/Debug-iphonesimulator/include -Xcc -I/Users/cengcheng/Documents/GitHub/vino/docs/1.0.0/qa/evidence/derived-data-unthinned/Build/Intermediates.noindex/vino_iPhone.build/Debug-iphonesimulator/vino_iPhone.build/DerivedSources-normal/x86_64 -Xcc -I/Users/cengcheng/Documents/GitHub/vino/docs/1.0.0/qa/evidence/derived-data-unthinned/Build/Intermediates.noindex/vino_iPhone.build/Debug-iphonesimulator/vino_iPhone.build/DerivedSources/x86_64 -Xcc -I/Users/cengcheng/Documents/GitHub/vino/docs/1.0.0/qa/evidence/derived-data-unthinned/Build/Intermediates.noindex/vino_iPhone.build/Debug-iphonesimulator/vino_iPhone.build/DerivedSources -Xcc -DDEBUG\=1 -module-name vino_iPhone -frontend-parseable-output -disable-clang-spi -target-sdk-version 18.2 -target-sdk-name iphonesimulator18.2 -external-plugin-path /Applications/Xcode.app/Contents/Developer/Platforms/iPhoneOS.platform/Developer/usr/lib/swift/host/plugins\#/Applications/Xcode.app/Contents/Developer/Platforms/iPhoneOS.platform/Developer/usr/bin/swift-plugin-server -external-plugin-path /Applications/Xcode.app/Contents/Developer/Platforms/iPhoneOS.platform/Developer/usr/local/lib/swift/host/plugins\#/Applications/Xcode.app/Contents/Developer/Platforms/iPhoneOS.platform/Developer/usr/bin/swift-plugin-server -plugin-path /Applications/Xcode.app/Contents/Developer/Toolchains/XcodeDefault.xctoolchain/usr/lib/swift/host/plugins -plugin-path /Applications/Xcode.app/Contents/Developer/Toolchains/XcodeDefault.xctoolchain/usr/local/lib/swift/host/plugins -o /Users/cengcheng/Documents/GitHub/vino/docs/1.0.0/qa/evidence/derived-data-unthinned/Build/Intermediates.noindex/vino_iPhone.build/Debug-iphonesimulator/vino_iPhone.build/Objects-normal/x86_64/InferenceModels.o -o /Users/cengcheng/Documents/GitHub/vino/docs/1.0.0/qa/evidence/derived-data-unthinned/Build/Intermediates.noindex/vino_iPhone.build/Debug-iphonesimulator/vino_iPhone.build/Objects-normal/x86_64/ModelFileStore.o -o /Users/cengcheng/Documents/GitHub/vino/docs/1.0.0/qa/evidence/derived-data-unthinned/Build/Intermediates.noindex/vino_iPhone.build/Debug-iphonesimulator/vino_iPhone.build/Objects-normal/x86_64/VinoAppState.o -index-unit-output-path /vino_iPhone.build/Debug-iphonesimulator/vino_iPhone.build/Objects-normal/x86_64/InferenceModels.o -index-unit-output-path /vino_iPhone.build/Debug-iphonesimulator/vino_iPhone.build/Objects-normal/x86_64/ModelFileStore.o -index-unit-output-path /vino_iPhone.build/Debug-iphonesimulator/vino_iPhone.build/Objects-normal/x86_64/VinoAppState.o -index-store-path /Users/cengcheng/Documents/GitHub/vino/docs/1.0.0/qa/evidence/derived-data-unthinned/Index.noindex/DataStore -index-system-modules

SwiftCompile normal x86_64 /Users/cengcheng/Documents/GitHub/vino/vino_iPhone/Sources/Models/InferenceModels.swift (in target 'vino_iPhone' from project 'vino_iPhone')
    cd /Users/cengcheng/Documents/GitHub/vino/vino_iPhone
    /Applications/Xcode.app/Contents/Developer/Toolchains/XcodeDefault.xctoolchain/usr/bin/swift-frontend -c /Users/cengcheng/Documents/GitHub/vino/vino_iPhone/AppHost/VinoPhoneApp.swift /Users/cengcheng/Documents/GitHub/vino/vino_iPhone/Sources/App/VinoPhoneShellView.swift /Users/cengcheng/Documents/GitHub/vino/vino_iPhone/Sources/Camera/CameraPreviewView.swift /Users/cengcheng/Documents/GitHub/vino/vino_iPhone/Sources/Camera/CameraSessionController.swift /Users/cengcheng/Documents/GitHub/vino/vino_iPhone/Sources/Inference/InferenceRuntime.swift /Users/cengcheng/Documents/GitHub/vino/vino_iPhone/Sources/Models/CoreMLCatalog.swift -primary-file /Users/cengcheng/Documents/GitHub/vino/vino_iPhone/Sources/Models/InferenceModels.swift -primary-file /Users/cengcheng/Documents/GitHub/vino/vino_iPhone/Sources/Models/ModelFileStore.swift -primary-file /Users/cengcheng/Documents/GitHub/vino/vino_iPhone/Sources/Models/VinoAppState.swift /Users/cengcheng/Documents/GitHub/vino/vino_iPhone/Sources/Models/VinoTheme.swift /Users/cengcheng/Documents/GitHub/vino/vino_iPhone/Sources/Networking/ControlPlaneCoordinator.swift /Users/cengcheng/Documents/GitHub/vino/vino_iPhone/Sources/Networking/IPAddressMonitor.swift /Users/cengcheng/Documents/GitHub/vino/vino_iPhone/Sources/Networking/VinoProtocol.swift /Users/cengcheng/Documents/GitHub/vino/vino_iPhone/Sources/Overlay/CameraOverlayView.swift /Users/cengcheng/Documents/GitHub/vino/vino_iPhone/Sources/Overlay/InferenceResultsOverlayView.swift /Users/cengcheng/Documents/GitHub/vino/vino_iPhone/Sources/Auth/AuthModels.swift /Users/cengcheng/Documents/GitHub/vino/vino_iPhone/Sources/Auth/KeychainStore.swift /Users/cengcheng/Documents/GitHub/vino/vino_iPhone/Sources/Auth/AuthSessionStore.swift /Users/cengcheng/Documents/GitHub/vino/vino_iPhone/Sources/Auth/AuthService.swift /Users/cengcheng/Documents/GitHub/vino/vino_iPhone/Sources/Models/CloudModelCatalog.swift /Users/cengcheng/Documents/GitHub/vino/vino_iPhone/Sources/Models/ModelLicenseVerifier.swift /Users/cengcheng/Documents/GitHub/vino/vino_iPhone/Sources/Networking/AssetUploadService.swift /Users/cengcheng/Documents/GitHub/vino/vino_iPhone/Sources/Networking/CloudControlCoordinator.swift /Users/cengcheng/Documents/GitHub/vino/docs/1.0.0/qa/evidence/derived-data-unthinned/Build/Intermediates.noindex/vino_iPhone.build/Debug-iphonesimulator/vino_iPhone.build/DerivedSources/GeneratedAssetSymbols.swift -supplementary-output-file-map /Users/cengcheng/Documents/GitHub/vino/docs/1.0.0/qa/evidence/derived-data-unthinned/Build/Intermediates.noindex/vino_iPhone.build/Debug-iphonesimulator/vino_iPhone.build/Objects-normal/x86_64/supplementaryOutputs-5 -emit-localized-strings -emit-localized-strings-path /Users/cengcheng/Documents/GitHub/vino/docs/1.0.0/qa/evidence/derived-data-unthinned/Build/Intermediates.noindex/vino_iPhone.build/Debug-iphonesimulator/vino_iPhone.build/Objects-normal/x86_64 -target x86_64-apple-ios17.6-simulator -enable-objc-interop -sdk /Applications/Xcode.app/Contents/Developer/Platforms/iPhoneSimulator.platform/Developer/SDKs/iPhoneSimulator18.2.sdk -I /Users/cengcheng/Documents/GitHub/vino/docs/1.0.0/qa/evidence/derived-data-unthinned/Build/Products/Debug-iphonesimulator -F /Users/cengcheng/Documents/GitHub/vino/docs/1.0.0/qa/evidence/derived-data-unthinned/Build/Products/Debug-iphonesimulator -no-color-diagnostics -enable-testing -g -debug-info-format\=dwarf -dwarf-version\=4 -module-cache-path /Users/cengcheng/Documents/GitHub/vino/docs/1.0.0/qa/evidence/derived-data-unthinned/ModuleCache.noindex -swift-version 5 -enforce-exclusivity\=checked -Onone -D DEBUG -serialize-debugging-options -const-gather-protocols-file /Users/cengcheng/Documents/GitHub/vino/docs/1.0.0/qa/evidence/derived-data-unthinned/Build/Intermediates.noindex/vino_iPhone.build/Debug-iphonesimulator/vino_iPhone.build/Objects-normal/x86_64/vino_iPhone_const_extract_protocols.json -enable-experimental-feature DebugDescriptionMacro -enable-experimental-feature OpaqueTypeErasure -enable-bare-slash-regex -empty-abi-descriptor -validate-clang-modules-once -clang-build-session-file /Users/cengcheng/Documents/GitHub/vino/docs/1.0.0/qa/evidence/derived-data-unthinned/ModuleCache.noindex/Session.modulevalidation -Xcc -working-directory -Xcc /Users/cengcheng/Documents/GitHub/vino/vino_iPhone -resource-dir /Applications/Xcode.app/Contents/Developer/Toolchains/XcodeDefault.xctoolchain/usr/lib/swift -enable-anonymous-context-mangled-names -file-compilation-dir /Users/cengcheng/Documents/GitHub/vino/vino_iPhone -Xcc -D_LIBCPP_HARDENING_MODE\=_LIBCPP_HARDENING_MODE_DEBUG -Xcc -ivfsstatcache -Xcc /Users/cengcheng/Documents/GitHub/vino/docs/1.0.0/qa/evidence/derived-data-unthinned/SDKStatCaches.noindex/iphonesimulator18.2-22C146-07b28473f605e47e75261259d3ef3b5a.sdkstatcache -Xcc -I/Users/cengcheng/Documents/GitHub/vino/docs/1.0.0/qa/evidence/derived-data-unthinned/Build/Intermediates.noindex/vino_iPhone.build/Debug-iphonesimulator/vino_iPhone.build/swift-overrides.hmap -Xcc -iquote -Xcc /Users/cengcheng/Documents/GitHub/vino/docs/1.0.0/qa/evidence/derived-data-unthinned/Build/Intermediates.noindex/vino_iPhone.build/Debug-iphonesimulator/vino_iPhone.build/灵眼GX-generated-files.hmap -Xcc -I/Users/cengcheng/Documents/GitHub/vino/docs/1.0.0/qa/evidence/derived-data-unthinned/Build/Intermediates.noindex/vino_iPhone.build/Debug-iphonesimulator/vino_iPhone.build/灵眼GX-own-target-headers.hmap -Xcc -I/Users/cengcheng/Documents/GitHub/vino/docs/1.0.0/qa/evidence/derived-data-unthinned/Build/Intermediates.noindex/vino_iPhone.build/Debug-iphonesimulator/vino_iPhone.build/灵眼GX-all-target-headers.hmap -Xcc -iquote -Xcc /Users/cengcheng/Documents/GitHub/vino/docs/1.0.0/qa/evidence/derived-data-unthinned/Build/Intermediates.noindex/vino_iPhone.build/Debug-iphonesimulator/vino_iPhone.build/灵眼GX-project-headers.hmap -Xcc -I/Users/cengcheng/Documents/GitHub/vino/docs/1.0.0/qa/evidence/derived-data-unthinned/Build/Products/Debug-iphonesimulator/include -Xcc -I/Users/cengcheng/Documents/GitHub/vino/docs/1.0.0/qa/evidence/derived-data-unthinned/Build/Intermediates.noindex/vino_iPhone.build/Debug-iphonesimulator/vino_iPhone.build/DerivedSources-normal/x86_64 -Xcc -I/Users/cengcheng/Documents/GitHub/vino/docs/1.0.0/qa/evidence/derived-data-unthinned/Build/Intermediates.noindex/vino_iPhone.build/Debug-iphonesimulator/vino_iPhone.build/DerivedSources/x86_64 -Xcc -I/Users/cengcheng/Documents/GitHub/vino/docs/1.0.0/qa/evidence/derived-data-unthinned/Build/Intermediates.noindex/vino_iPhone.build/Debug-iphonesimulator/vino_iPhone.build/DerivedSources -Xcc -DDEBUG\=1 -module-name vino_iPhone -frontend-parseable-output -disable-clang-spi -target-sdk-version 18.2 -target-sdk-name iphonesimulator18.2 -external-plugin-path /Applications/Xcode.app/Contents/Developer/Platforms/iPhoneOS.platform/Developer/usr/lib/swift/host/plugins\#/Applications/Xcode.app/Contents/Developer/Platforms/iPhoneOS.platform/Developer/usr/bin/swift-plugin-server -external-plugin-path /Applications/Xcode.app/Contents/Developer/Platforms/iPhoneOS.platform/Developer/usr/local/lib/swift/host/plugins\#/Applications/Xcode.app/Contents/Developer/Platforms/iPhoneOS.platform/Developer/usr/bin/swift-plugin-server -plugin-path /Applications/Xcode.app/Contents/Developer/Toolchains/XcodeDefault.xctoolchain/usr/lib/swift/host/plugins -plugin-path /Applications/Xcode.app/Contents/Developer/Toolchains/XcodeDefault.xctoolchain/usr/local/lib/swift/host/plugins -o /Users/cengcheng/Documents/GitHub/vino/docs/1.0.0/qa/evidence/derived-data-unthinned/Build/Intermediates.noindex/vino_iPhone.build/Debug-iphonesimulator/vino_iPhone.build/Objects-normal/x86_64/InferenceModels.o -o /Users/cengcheng/Documents/GitHub/vino/docs/1.0.0/qa/evidence/derived-data-unthinned/Build/Intermediates.noindex/vino_iPhone.build/Debug-iphonesimulator/vino_iPhone.build/Objects-normal/x86_64/ModelFileStore.o -o /Users/cengcheng/Documents/GitHub/vino/docs/1.0.0/qa/evidence/derived-data-unthinned/Build/Intermediates.noindex/vino_iPhone.build/Debug-iphonesimulator/vino_iPhone.build/Objects-normal/x86_64/VinoAppState.o -index-unit-output-path /vino_iPhone.build/Debug-iphonesimulator/vino_iPhone.build/Objects-normal/x86_64/InferenceModels.o -index-unit-output-path /vino_iPhone.build/Debug-iphonesimulator/vino_iPhone.build/Objects-normal/x86_64/ModelFileStore.o -index-unit-output-path /vino_iPhone.build/Debug-iphonesimulator/vino_iPhone.build/Objects-normal/x86_64/VinoAppState.o -index-store-path /Users/cengcheng/Documents/GitHub/vino/docs/1.0.0/qa/evidence/derived-data-unthinned/Index.noindex/DataStore -index-system-modules

SwiftCompile normal x86_64 /Users/cengcheng/Documents/GitHub/vino/vino_iPhone/Sources/Models/ModelFileStore.swift (in target 'vino_iPhone' from project 'vino_iPhone')
    cd /Users/cengcheng/Documents/GitHub/vino/vino_iPhone
    /Applications/Xcode.app/Contents/Developer/Toolchains/XcodeDefault.xctoolchain/usr/bin/swift-frontend -c /Users/cengcheng/Documents/GitHub/vino/vino_iPhone/AppHost/VinoPhoneApp.swift /Users/cengcheng/Documents/GitHub/vino/vino_iPhone/Sources/App/VinoPhoneShellView.swift /Users/cengcheng/Documents/GitHub/vino/vino_iPhone/Sources/Camera/CameraPreviewView.swift /Users/cengcheng/Documents/GitHub/vino/vino_iPhone/Sources/Camera/CameraSessionController.swift /Users/cengcheng/Documents/GitHub/vino/vino_iPhone/Sources/Inference/InferenceRuntime.swift /Users/cengcheng/Documents/GitHub/vino/vino_iPhone/Sources/Models/CoreMLCatalog.swift -primary-file /Users/cengcheng/Documents/GitHub/vino/vino_iPhone/Sources/Models/InferenceModels.swift -primary-file /Users/cengcheng/Documents/GitHub/vino/vino_iPhone/Sources/Models/ModelFileStore.swift -primary-file /Users/cengcheng/Documents/GitHub/vino/vino_iPhone/Sources/Models/VinoAppState.swift /Users/cengcheng/Documents/GitHub/vino/vino_iPhone/Sources/Models/VinoTheme.swift /Users/cengcheng/Documents/GitHub/vino/vino_iPhone/Sources/Networking/ControlPlaneCoordinator.swift /Users/cengcheng/Documents/GitHub/vino/vino_iPhone/Sources/Networking/IPAddressMonitor.swift /Users/cengcheng/Documents/GitHub/vino/vino_iPhone/Sources/Networking/VinoProtocol.swift /Users/cengcheng/Documents/GitHub/vino/vino_iPhone/Sources/Overlay/CameraOverlayView.swift /Users/cengcheng/Documents/GitHub/vino/vino_iPhone/Sources/Overlay/InferenceResultsOverlayView.swift /Users/cengcheng/Documents/GitHub/vino/vino_iPhone/Sources/Auth/AuthModels.swift /Users/cengcheng/Documents/GitHub/vino/vino_iPhone/Sources/Auth/KeychainStore.swift /Users/cengcheng/Documents/GitHub/vino/vino_iPhone/Sources/Auth/AuthSessionStore.swift /Users/cengcheng/Documents/GitHub/vino/vino_iPhone/Sources/Auth/AuthService.swift /Users/cengcheng/Documents/GitHub/vino/vino_iPhone/Sources/Models/CloudModelCatalog.swift /Users/cengcheng/Documents/GitHub/vino/vino_iPhone/Sources/Models/ModelLicenseVerifier.swift /Users/cengcheng/Documents/GitHub/vino/vino_iPhone/Sources/Networking/AssetUploadService.swift /Users/cengcheng/Documents/GitHub/vino/vino_iPhone/Sources/Networking/CloudControlCoordinator.swift /Users/cengcheng/Documents/GitHub/vino/docs/1.0.0/qa/evidence/derived-data-unthinned/Build/Intermediates.noindex/vino_iPhone.build/Debug-iphonesimulator/vino_iPhone.build/DerivedSources/GeneratedAssetSymbols.swift -supplementary-output-file-map /Users/cengcheng/Documents/GitHub/vino/docs/1.0.0/qa/evidence/derived-data-unthinned/Build/Intermediates.noindex/vino_iPhone.build/Debug-iphonesimulator/vino_iPhone.build/Objects-normal/x86_64/supplementaryOutputs-5 -emit-localized-strings -emit-localized-strings-path /Users/cengcheng/Documents/GitHub/vino/docs/1.0.0/qa/evidence/derived-data-unthinned/Build/Intermediates.noindex/vino_iPhone.build/Debug-iphonesimulator/vino_iPhone.build/Objects-normal/x86_64 -target x86_64-apple-ios17.6-simulator -enable-objc-interop -sdk /Applications/Xcode.app/Contents/Developer/Platforms/iPhoneSimulator.platform/Developer/SDKs/iPhoneSimulator18.2.sdk -I /Users/cengcheng/Documents/GitHub/vino/docs/1.0.0/qa/evidence/derived-data-unthinned/Build/Products/Debug-iphonesimulator -F /Users/cengcheng/Documents/GitHub/vino/docs/1.0.0/qa/evidence/derived-data-unthinned/Build/Products/Debug-iphonesimulator -no-color-diagnostics -enable-testing -g -debug-info-format\=dwarf -dwarf-version\=4 -module-cache-path /Users/cengcheng/Documents/GitHub/vino/docs/1.0.0/qa/evidence/derived-data-unthinned/ModuleCache.noindex -swift-version 5 -enforce-exclusivity\=checked -Onone -D DEBUG -serialize-debugging-options -const-gather-protocols-file /Users/cengcheng/Documents/GitHub/vino/docs/1.0.0/qa/evidence/derived-data-unthinned/Build/Intermediates.noindex/vino_iPhone.build/Debug-iphonesimulator/vino_iPhone.build/Objects-normal/x86_64/vino_iPhone_const_extract_protocols.json -enable-experimental-feature DebugDescriptionMacro -enable-experimental-feature OpaqueTypeErasure -enable-bare-slash-regex -empty-abi-descriptor -validate-clang-modules-once -clang-build-session-file /Users/cengcheng/Documents/GitHub/vino/docs/1.0.0/qa/evidence/derived-data-unthinned/ModuleCache.noindex/Session.modulevalidation -Xcc -working-directory -Xcc /Users/cengcheng/Documents/GitHub/vino/vino_iPhone -resource-dir /Applications/Xcode.app/Contents/Developer/Toolchains/XcodeDefault.xctoolchain/usr/lib/swift -enable-anonymous-context-mangled-names -file-compilation-dir /Users/cengcheng/Documents/GitHub/vino/vino_iPhone -Xcc -D_LIBCPP_HARDENING_MODE\=_LIBCPP_HARDENING_MODE_DEBUG -Xcc -ivfsstatcache -Xcc /Users/cengcheng/Documents/GitHub/vino/docs/1.0.0/qa/evidence/derived-data-unthinned/SDKStatCaches.noindex/iphonesimulator18.2-22C146-07b28473f605e47e75261259d3ef3b5a.sdkstatcache -Xcc -I/Users/cengcheng/Documents/GitHub/vino/docs/1.0.0/qa/evidence/derived-data-unthinned/Build/Intermediates.noindex/vino_iPhone.build/Debug-iphonesimulator/vino_iPhone.build/swift-overrides.hmap -Xcc -iquote -Xcc /Users/cengcheng/Documents/GitHub/vino/docs/1.0.0/qa/evidence/derived-data-unthinned/Build/Intermediates.noindex/vino_iPhone.build/Debug-iphonesimulator/vino_iPhone.build/灵眼GX-generated-files.hmap -Xcc -I/Users/cengcheng/Documents/GitHub/vino/docs/1.0.0/qa/evidence/derived-data-unthinned/Build/Intermediates.noindex/vino_iPhone.build/Debug-iphonesimulator/vino_iPhone.build/灵眼GX-own-target-headers.hmap -Xcc -I/Users/cengcheng/Documents/GitHub/vino/docs/1.0.0/qa/evidence/derived-data-unthinned/Build/Intermediates.noindex/vino_iPhone.build/Debug-iphonesimulator/vino_iPhone.build/灵眼GX-all-target-headers.hmap -Xcc -iquote -Xcc /Users/cengcheng/Documents/GitHub/vino/docs/1.0.0/qa/evidence/derived-data-unthinned/Build/Intermediates.noindex/vino_iPhone.build/Debug-iphonesimulator/vino_iPhone.build/灵眼GX-project-headers.hmap -Xcc -I/Users/cengcheng/Documents/GitHub/vino/docs/1.0.0/qa/evidence/derived-data-unthinned/Build/Products/Debug-iphonesimulator/include -Xcc -I/Users/cengcheng/Documents/GitHub/vino/docs/1.0.0/qa/evidence/derived-data-unthinned/Build/Intermediates.noindex/vino_iPhone.build/Debug-iphonesimulator/vino_iPhone.build/DerivedSources-normal/x86_64 -Xcc -I/Users/cengcheng/Documents/GitHub/vino/docs/1.0.0/qa/evidence/derived-data-unthinned/Build/Intermediates.noindex/vino_iPhone.build/Debug-iphonesimulator/vino_iPhone.build/DerivedSources/x86_64 -Xcc -I/Users/cengcheng/Documents/GitHub/vino/docs/1.0.0/qa/evidence/derived-data-unthinned/Build/Intermediates.noindex/vino_iPhone.build/Debug-iphonesimulator/vino_iPhone.build/DerivedSources -Xcc -DDEBUG\=1 -module-name vino_iPhone -frontend-parseable-output -disable-clang-spi -target-sdk-version 18.2 -target-sdk-name iphonesimulator18.2 -external-plugin-path /Applications/Xcode.app/Contents/Developer/Platforms/iPhoneOS.platform/Developer/usr/lib/swift/host/plugins\#/Applications/Xcode.app/Contents/Developer/Platforms/iPhoneOS.platform/Developer/usr/bin/swift-plugin-server -external-plugin-path /Applications/Xcode.app/Contents/Developer/Platforms/iPhoneOS.platform/Developer/usr/local/lib/swift/host/plugins\#/Applications/Xcode.app/Contents/Developer/Platforms/iPhoneOS.platform/Developer/usr/bin/swift-plugin-server -plugin-path /Applications/Xcode.app/Contents/Developer/Toolchains/XcodeDefault.xctoolchain/usr/lib/swift/host/plugins -plugin-path /Applications/Xcode.app/Contents/Developer/Toolchains/XcodeDefault.xctoolchain/usr/local/lib/swift/host/plugins -o /Users/cengcheng/Documents/GitHub/vino/docs/1.0.0/qa/evidence/derived-data-unthinned/Build/Intermediates.noindex/vino_iPhone.build/Debug-iphonesimulator/vino_iPhone.build/Objects-normal/x86_64/InferenceModels.o -o /Users/cengcheng/Documents/GitHub/vino/docs/1.0.0/qa/evidence/derived-data-unthinned/Build/Intermediates.noindex/vino_iPhone.build/Debug-iphonesimulator/vino_iPhone.build/Objects-normal/x86_64/ModelFileStore.o -o /Users/cengcheng/Documents/GitHub/vino/docs/1.0.0/qa/evidence/derived-data-unthinned/Build/Intermediates.noindex/vino_iPhone.build/Debug-iphonesimulator/vino_iPhone.build/Objects-normal/x86_64/VinoAppState.o -index-unit-output-path /vino_iPhone.build/Debug-iphonesimulator/vino_iPhone.build/Objects-normal/x86_64/InferenceModels.o -index-unit-output-path /vino_iPhone.build/Debug-iphonesimulator/vino_iPhone.build/Objects-normal/x86_64/ModelFileStore.o -index-unit-output-path /vino_iPhone.build/Debug-iphonesimulator/vino_iPhone.build/Objects-normal/x86_64/VinoAppState.o -index-store-path /Users/cengcheng/Documents/GitHub/vino/docs/1.0.0/qa/evidence/derived-data-unthinned/Index.noindex/DataStore -index-system-modules

SwiftCompile normal x86_64 /Users/cengcheng/Documents/GitHub/vino/vino_iPhone/Sources/Models/VinoAppState.swift (in target 'vino_iPhone' from project 'vino_iPhone')
    cd /Users/cengcheng/Documents/GitHub/vino/vino_iPhone
    /Applications/Xcode.app/Contents/Developer/Toolchains/XcodeDefault.xctoolchain/usr/bin/swift-frontend -c /Users/cengcheng/Documents/GitHub/vino/vino_iPhone/AppHost/VinoPhoneApp.swift /Users/cengcheng/Documents/GitHub/vino/vino_iPhone/Sources/App/VinoPhoneShellView.swift /Users/cengcheng/Documents/GitHub/vino/vino_iPhone/Sources/Camera/CameraPreviewView.swift /Users/cengcheng/Documents/GitHub/vino/vino_iPhone/Sources/Camera/CameraSessionController.swift /Users/cengcheng/Documents/GitHub/vino/vino_iPhone/Sources/Inference/InferenceRuntime.swift /Users/cengcheng/Documents/GitHub/vino/vino_iPhone/Sources/Models/CoreMLCatalog.swift -primary-file /Users/cengcheng/Documents/GitHub/vino/vino_iPhone/Sources/Models/InferenceModels.swift -primary-file /Users/cengcheng/Documents/GitHub/vino/vino_iPhone/Sources/Models/ModelFileStore.swift -primary-file /Users/cengcheng/Documents/GitHub/vino/vino_iPhone/Sources/Models/VinoAppState.swift /Users/cengcheng/Documents/GitHub/vino/vino_iPhone/Sources/Models/VinoTheme.swift /Users/cengcheng/Documents/GitHub/vino/vino_iPhone/Sources/Networking/ControlPlaneCoordinator.swift /Users/cengcheng/Documents/GitHub/vino/vino_iPhone/Sources/Networking/IPAddressMonitor.swift /Users/cengcheng/Documents/GitHub/vino/vino_iPhone/Sources/Networking/VinoProtocol.swift /Users/cengcheng/Documents/GitHub/vino/vino_iPhone/Sources/Overlay/CameraOverlayView.swift /Users/cengcheng/Documents/GitHub/vino/vino_iPhone/Sources/Overlay/InferenceResultsOverlayView.swift /Users/cengcheng/Documents/GitHub/vino/vino_iPhone/Sources/Auth/AuthModels.swift /Users/cengcheng/Documents/GitHub/vino/vino_iPhone/Sources/Auth/KeychainStore.swift /Users/cengcheng/Documents/GitHub/vino/vino_iPhone/Sources/Auth/AuthSessionStore.swift /Users/cengcheng/Documents/GitHub/vino/vino_iPhone/Sources/Auth/AuthService.swift /Users/cengcheng/Documents/GitHub/vino/vino_iPhone/Sources/Models/CloudModelCatalog.swift /Users/cengcheng/Documents/GitHub/vino/vino_iPhone/Sources/Models/ModelLicenseVerifier.swift /Users/cengcheng/Documents/GitHub/vino/vino_iPhone/Sources/Networking/AssetUploadService.swift /Users/cengcheng/Documents/GitHub/vino/vino_iPhone/Sources/Networking/CloudControlCoordinator.swift /Users/cengcheng/Documents/GitHub/vino/docs/1.0.0/qa/evidence/derived-data-unthinned/Build/Intermediates.noindex/vino_iPhone.build/Debug-iphonesimulator/vino_iPhone.build/DerivedSources/GeneratedAssetSymbols.swift -supplementary-output-file-map /Users/cengcheng/Documents/GitHub/vino/docs/1.0.0/qa/evidence/derived-data-unthinned/Build/Intermediates.noindex/vino_iPhone.build/Debug-iphonesimulator/vino_iPhone.build/Objects-normal/x86_64/supplementaryOutputs-5 -emit-localized-strings -emit-localized-strings-path /Users/cengcheng/Documents/GitHub/vino/docs/1.0.0/qa/evidence/derived-data-unthinned/Build/Intermediates.noindex/vino_iPhone.build/Debug-iphonesimulator/vino_iPhone.build/Objects-normal/x86_64 -target x86_64-apple-ios17.6-simulator -enable-objc-interop -sdk /Applications/Xcode.app/Contents/Developer/Platforms/iPhoneSimulator.platform/Developer/SDKs/iPhoneSimulator18.2.sdk -I /Users/cengcheng/Documents/GitHub/vino/docs/1.0.0/qa/evidence/derived-data-unthinned/Build/Products/Debug-iphonesimulator -F /Users/cengcheng/Documents/GitHub/vino/docs/1.0.0/qa/evidence/derived-data-unthinned/Build/Products/Debug-iphonesimulator -no-color-diagnostics -enable-testing -g -debug-info-format\=dwarf -dwarf-version\=4 -module-cache-path /Users/cengcheng/Documents/GitHub/vino/docs/1.0.0/qa/evidence/derived-data-unthinned/ModuleCache.noindex -swift-version 5 -enforce-exclusivity\=checked -Onone -D DEBUG -serialize-debugging-options -const-gather-protocols-file /Users/cengcheng/Documents/GitHub/vino/docs/1.0.0/qa/evidence/derived-data-unthinned/Build/Intermediates.noindex/vino_iPhone.build/Debug-iphonesimulator/vino_iPhone.build/Objects-normal/x86_64/vino_iPhone_const_extract_protocols.json -enable-experimental-feature DebugDescriptionMacro -enable-experimental-feature OpaqueTypeErasure -enable-bare-slash-regex -empty-abi-descriptor -validate-clang-modules-once -clang-build-session-file /Users/cengcheng/Documents/GitHub/vino/docs/1.0.0/qa/evidence/derived-data-unthinned/ModuleCache.noindex/Session.modulevalidation -Xcc -working-directory -Xcc /Users/cengcheng/Documents/GitHub/vino/vino_iPhone -resource-dir /Applications/Xcode.app/Contents/Developer/Toolchains/XcodeDefault.xctoolchain/usr/lib/swift -enable-anonymous-context-mangled-names -file-compilation-dir /Users/cengcheng/Documents/GitHub/vino/vino_iPhone -Xcc -D_LIBCPP_HARDENING_MODE\=_LIBCPP_HARDENING_MODE_DEBUG -Xcc -ivfsstatcache -Xcc /Users/cengcheng/Documents/GitHub/vino/docs/1.0.0/qa/evidence/derived-data-unthinned/SDKStatCaches.noindex/iphonesimulator18.2-22C146-07b28473f605e47e75261259d3ef3b5a.sdkstatcache -Xcc -I/Users/cengcheng/Documents/GitHub/vino/docs/1.0.0/qa/evidence/derived-data-unthinned/Build/Intermediates.noindex/vino_iPhone.build/Debug-iphonesimulator/vino_iPhone.build/swift-overrides.hmap -Xcc -iquote -Xcc /Users/cengcheng/Documents/GitHub/vino/docs/1.0.0/qa/evidence/derived-data-unthinned/Build/Intermediates.noindex/vino_iPhone.build/Debug-iphonesimulator/vino_iPhone.build/灵眼GX-generated-files.hmap -Xcc -I/Users/cengcheng/Documents/GitHub/vino/docs/1.0.0/qa/evidence/derived-data-unthinned/Build/Intermediates.noindex/vino_iPhone.build/Debug-iphonesimulator/vino_iPhone.build/灵眼GX-own-target-headers.hmap -Xcc -I/Users/cengcheng/Documents/GitHub/vino/docs/1.0.0/qa/evidence/derived-data-unthinned/Build/Intermediates.noindex/vino_iPhone.build/Debug-iphonesimulator/vino_iPhone.build/灵眼GX-all-target-headers.hmap -Xcc -iquote -Xcc /Users/cengcheng/Documents/GitHub/vino/docs/1.0.0/qa/evidence/derived-data-unthinned/Build/Intermediates.noindex/vino_iPhone.build/Debug-iphonesimulator/vino_iPhone.build/灵眼GX-project-headers.hmap -Xcc -I/Users/cengcheng/Documents/GitHub/vino/docs/1.0.0/qa/evidence/derived-data-unthinned/Build/Products/Debug-iphonesimulator/include -Xcc -I/Users/cengcheng/Documents/GitHub/vino/docs/1.0.0/qa/evidence/derived-data-unthinned/Build/Intermediates.noindex/vino_iPhone.build/Debug-iphonesimulator/vino_iPhone.build/DerivedSources-normal/x86_64 -Xcc -I/Users/cengcheng/Documents/GitHub/vino/docs/1.0.0/qa/evidence/derived-data-unthinned/Build/Intermediates.noindex/vino_iPhone.build/Debug-iphonesimulator/vino_iPhone.build/DerivedSources/x86_64 -Xcc -I/Users/cengcheng/Documents/GitHub/vino/docs/1.0.0/qa/evidence/derived-data-unthinned/Build/Intermediates.noindex/vino_iPhone.build/Debug-iphonesimulator/vino_iPhone.build/DerivedSources -Xcc -DDEBUG\=1 -module-name vino_iPhone -frontend-parseable-output -disable-clang-spi -target-sdk-version 18.2 -target-sdk-name iphonesimulator18.2 -external-plugin-path /Applications/Xcode.app/Contents/Developer/Platforms/iPhoneOS.platform/Developer/usr/lib/swift/host/plugins\#/Applications/Xcode.app/Contents/Developer/Platforms/iPhoneOS.platform/Developer/usr/bin/swift-plugin-server -external-plugin-path /Applications/Xcode.app/Contents/Developer/Platforms/iPhoneOS.platform/Developer/usr/local/lib/swift/host/plugins\#/Applications/Xcode.app/Contents/Developer/Platforms/iPhoneOS.platform/Developer/usr/bin/swift-plugin-server -plugin-path /Applications/Xcode.app/Contents/Developer/Toolchains/XcodeDefault.xctoolchain/usr/lib/swift/host/plugins -plugin-path /Applications/Xcode.app/Contents/Developer/Toolchains/XcodeDefault.xctoolchain/usr/local/lib/swift/host/plugins -o /Users/cengcheng/Documents/GitHub/vino/docs/1.0.0/qa/evidence/derived-data-unthinned/Build/Intermediates.noindex/vino_iPhone.build/Debug-iphonesimulator/vino_iPhone.build/Objects-normal/x86_64/InferenceModels.o -o /Users/cengcheng/Documents/GitHub/vino/docs/1.0.0/qa/evidence/derived-data-unthinned/Build/Intermediates.noindex/vino_iPhone.build/Debug-iphonesimulator/vino_iPhone.build/Objects-normal/x86_64/ModelFileStore.o -o /Users/cengcheng/Documents/GitHub/vino/docs/1.0.0/qa/evidence/derived-data-unthinned/Build/Intermediates.noindex/vino_iPhone.build/Debug-iphonesimulator/vino_iPhone.build/Objects-normal/x86_64/VinoAppState.o -index-unit-output-path /vino_iPhone.build/Debug-iphonesimulator/vino_iPhone.build/Objects-normal/x86_64/InferenceModels.o -index-unit-output-path /vino_iPhone.build/Debug-iphonesimulator/vino_iPhone.build/Objects-normal/x86_64/ModelFileStore.o -index-unit-output-path /vino_iPhone.build/Debug-iphonesimulator/vino_iPhone.build/Objects-normal/x86_64/VinoAppState.o -index-store-path /Users/cengcheng/Documents/GitHub/vino/docs/1.0.0/qa/evidence/derived-data-unthinned/Index.noindex/DataStore -index-system-modules
/Users/cengcheng/Documents/GitHub/vino/vino_iPhone/Sources/Models/VinoAppState.swift:300:17: warning: reference to captured var 'self' in concurrently-executing code; this is an error in the Swift 6 language mode
                self?.cloudLoginPassword = password
                ^

SwiftDriverJobDiscovery normal arm64 Compiling CameraSessionController.swift, InferenceRuntime.swift, CoreMLCatalog.swift (in target 'vino_iPhone' from project 'vino_iPhone')

SwiftCompile normal x86_64 Compiling\ AuthService.swift,\ CloudModelCatalog.swift /Users/cengcheng/Documents/GitHub/vino/vino_iPhone/Sources/Auth/AuthService.swift /Users/cengcheng/Documents/GitHub/vino/vino_iPhone/Sources/Models/CloudModelCatalog.swift (in target 'vino_iPhone' from project 'vino_iPhone')
    cd /Users/cengcheng/Documents/GitHub/vino/vino_iPhone
    builtin-swiftTaskExecution -- /Applications/Xcode.app/Contents/Developer/Toolchains/XcodeDefault.xctoolchain/usr/bin/swift-frontend -frontend -c /Users/cengcheng/Documents/GitHub/vino/vino_iPhone/AppHost/VinoPhoneApp.swift /Users/cengcheng/Documents/GitHub/vino/vino_iPhone/Sources/App/VinoPhoneShellView.swift /Users/cengcheng/Documents/GitHub/vino/vino_iPhone/Sources/Camera/CameraPreviewView.swift /Users/cengcheng/Documents/GitHub/vino/vino_iPhone/Sources/Camera/CameraSessionController.swift /Users/cengcheng/Documents/GitHub/vino/vino_iPhone/Sources/Inference/InferenceRuntime.swift /Users/cengcheng/Documents/GitHub/vino/vino_iPhone/Sources/Models/CoreMLCatalog.swift /Users/cengcheng/Documents/GitHub/vino/vino_iPhone/Sources/Models/InferenceModels.swift /Users/cengcheng/Documents/GitHub/vino/vino_iPhone/Sources/Models/ModelFileStore.swift /Users/cengcheng/Documents/GitHub/vino/vino_iPhone/Sources/Models/VinoAppState.swift /Users/cengcheng/Documents/GitHub/vino/vino_iPhone/Sources/Models/VinoTheme.swift /Users/cengcheng/Documents/GitHub/vino/vino_iPhone/Sources/Networking/ControlPlaneCoordinator.swift /Users/cengcheng/Documents/GitHub/vino/vino_iPhone/Sources/Networking/IPAddressMonitor.swift /Users/cengcheng/Documents/GitHub/vino/vino_iPhone/Sources/Networking/VinoProtocol.swift /Users/cengcheng/Documents/GitHub/vino/vino_iPhone/Sources/Overlay/CameraOverlayView.swift /Users/cengcheng/Documents/GitHub/vino/vino_iPhone/Sources/Overlay/InferenceResultsOverlayView.swift /Users/cengcheng/Documents/GitHub/vino/vino_iPhone/Sources/Auth/AuthModels.swift /Users/cengcheng/Documents/GitHub/vino/vino_iPhone/Sources/Auth/KeychainStore.swift /Users/cengcheng/Documents/GitHub/vino/vino_iPhone/Sources/Auth/AuthSessionStore.swift -primary-file /Users/cengcheng/Documents/GitHub/vino/vino_iPhone/Sources/Auth/AuthService.swift -primary-file /Users/cengcheng/Documents/GitHub/vino/vino_iPhone/Sources/Models/CloudModelCatalog.swift /Users/cengcheng/Documents/GitHub/vino/vino_iPhone/Sources/Models/ModelLicenseVerifier.swift /Users/cengcheng/Documents/GitHub/vino/vino_iPhone/Sources/Networking/AssetUploadService.swift /Users/cengcheng/Documents/GitHub/vino/vino_iPhone/Sources/Networking/CloudControlCoordinator.swift /Users/cengcheng/Documents/GitHub/vino/docs/1.0.0/qa/evidence/derived-data-unthinned/Build/Intermediates.noindex/vino_iPhone.build/Debug-iphonesimulator/vino_iPhone.build/DerivedSources/GeneratedAssetSymbols.swift -emit-dependencies-path /Users/cengcheng/Documents/GitHub/vino/docs/1.0.0/qa/evidence/derived-data-unthinned/Build/Intermediates.noindex/vino_iPhone.build/Debug-iphonesimulator/vino_iPhone.build/Objects-normal/x86_64/AuthService.d -emit-const-values-path /Users/cengcheng/Documents/GitHub/vino/docs/1.0.0/qa/evidence/derived-data-unthinned/Build/Intermediates.noindex/vino_iPhone.build/Debug-iphonesimulator/vino_iPhone.build/Objects-normal/x86_64/AuthService.swiftconstvalues -emit-reference-dependencies-path /Users/cengcheng/Documents/GitHub/vino/docs/1.0.0/qa/evidence/derived-data-unthinned/Build/Intermediates.noindex/vino_iPhone.build/Debug-iphonesimulator/vino_iPhone.build/Objects-normal/x86_64/AuthService.swiftdeps -serialize-diagnostics-path /Users/cengcheng/Documents/GitHub/vino/docs/1.0.0/qa/evidence/derived-data-unthinned/Build/Intermediates.noindex/vino_iPhone.build/Debug-iphonesimulator/vino_iPhone.build/Objects-normal/x86_64/AuthService.dia -emit-dependencies-path /Users/cengcheng/Documents/GitHub/vino/docs/1.0.0/qa/evidence/derived-data-unthinned/Build/Intermediates.noindex/vino_iPhone.build/Debug-iphonesimulator/vino_iPhone.build/Objects-normal/x86_64/CloudModelCatalog.d -emit-const-values-path /Users/cengcheng/Documents/GitHub/vino/docs/1.0.0/qa/evidence/derived-data-unthinned/Build/Intermediates.noindex/vino_iPhone.build/Debug-iphonesimulator/vino_iPhone.build/Objects-normal/x86_64/CloudModelCatalog.swiftconstvalues -emit-reference-dependencies-path /Users/cengcheng/Documents/GitHub/vino/docs/1.0.0/qa/evidence/derived-data-unthinned/Build/Intermediates.noindex/vino_iPhone.build/Debug-iphonesimulator/vino_iPhone.build/Objects-normal/x86_64/CloudModelCatalog.swiftdeps -serialize-diagnostics-path /Users/cengcheng/Documents/GitHub/vino/docs/1.0.0/qa/evidence/derived-data-unthinned/Build/Intermediates.noindex/vino_iPhone.build/Debug-iphonesimulator/vino_iPhone.build/Objects-normal/x86_64/CloudModelCatalog.dia -emit-localized-strings -emit-localized-strings-path /Users/cengcheng/Documents/GitHub/vino/docs/1.0.0/qa/evidence/derived-data-unthinned/Build/Intermediates.noindex/vino_iPhone.build/Debug-iphonesimulator/vino_iPhone.build/Objects-normal/x86_64 -target x86_64-apple-ios17.6-simulator -enable-objc-interop -sdk /Applications/Xcode.app/Contents/Developer/Platforms/iPhoneSimulator.platform/Developer/SDKs/iPhoneSimulator18.2.sdk -I /Users/cengcheng/Documents/GitHub/vino/docs/1.0.0/qa/evidence/derived-data-unthinned/Build/Products/Debug-iphonesimulator -F /Users/cengcheng/Documents/GitHub/vino/docs/1.0.0/qa/evidence/derived-data-unthinned/Build/Products/Debug-iphonesimulator -no-color-diagnostics -enable-testing -g -debug-info-format\=dwarf -dwarf-version\=4 -module-cache-path /Users/cengcheng/Documents/GitHub/vino/docs/1.0.0/qa/evidence/derived-data-unthinned/ModuleCache.noindex -swift-version 5 -enforce-exclusivity\=checked -Onone -D DEBUG -serialize-debugging-options -const-gather-protocols-file /Users/cengcheng/Documents/GitHub/vino/docs/1.0.0/qa/evidence/derived-data-unthinned/Build/Intermediates.noindex/vino_iPhone.build/Debug-iphonesimulator/vino_iPhone.build/Objects-normal/x86_64/vino_iPhone_const_extract_protocols.json -enable-experimental-feature DebugDescriptionMacro -enable-experimental-feature OpaqueTypeErasure -enable-bare-slash-regex -empty-abi-descriptor -validate-clang-modules-once -clang-build-session-file /Users/cengcheng/Documents/GitHub/vino/docs/1.0.0/qa/evidence/derived-data-unthinned/ModuleCache.noindex/Session.modulevalidation -Xcc -working-directory -Xcc /Users/cengcheng/Documents/GitHub/vino/vino_iPhone -resource-dir /Applications/Xcode.app/Contents/Developer/Toolchains/XcodeDefault.xctoolchain/usr/lib/swift -enable-anonymous-context-mangled-names -file-compilation-dir /Users/cengcheng/Documents/GitHub/vino/vino_iPhone -Xcc -D_LIBCPP_HARDENING_MODE\=_LIBCPP_HARDENING_MODE_DEBUG -Xcc -ivfsstatcache -Xcc /Users/cengcheng/Documents/GitHub/vino/docs/1.0.0/qa/evidence/derived-data-unthinned/SDKStatCaches.noindex/iphonesimulator18.2-22C146-07b28473f605e47e75261259d3ef3b5a.sdkstatcache -Xcc -I/Users/cengcheng/Documents/GitHub/vino/docs/1.0.0/qa/evidence/derived-data-unthinned/Build/Intermediates.noindex/vino_iPhone.build/Debug-iphonesimulator/vino_iPhone.build/swift-overrides.hmap -Xcc -iquote -Xcc /Users/cengcheng/Documents/GitHub/vino/docs/1.0.0/qa/evidence/derived-data-unthinned/Build/Intermediates.noindex/vino_iPhone.build/Debug-iphonesimulator/vino_iPhone.build/灵眼GX-generated-files.hmap -Xcc -I/Users/cengcheng/Documents/GitHub/vino/docs/1.0.0/qa/evidence/derived-data-unthinned/Build/Intermediates.noindex/vino_iPhone.build/Debug-iphonesimulator/vino_iPhone.build/灵眼GX-own-target-headers.hmap -Xcc -I/Users/cengcheng/Documents/GitHub/vino/docs/1.0.0/qa/evidence/derived-data-unthinned/Build/Intermediates.noindex/vino_iPhone.build/Debug-iphonesimulator/vino_iPhone.build/灵眼GX-all-target-headers.hmap -Xcc -iquote -Xcc /Users/cengcheng/Documents/GitHub/vino/docs/1.0.0/qa/evidence/derived-data-unthinned/Build/Intermediates.noindex/vino_iPhone.build/Debug-iphonesimulator/vino_iPhone.build/灵眼GX-project-headers.hmap -Xcc -I/Users/cengcheng/Documents/GitHub/vino/docs/1.0.0/qa/evidence/derived-data-unthinned/Build/Products/Debug-iphonesimulator/include -Xcc -I/Users/cengcheng/Documents/GitHub/vino/docs/1.0.0/qa/evidence/derived-data-unthinned/Build/Intermediates.noindex/vino_iPhone.build/Debug-iphonesimulator/vino_iPhone.build/DerivedSources-normal/x86_64 -Xcc -I/Users/cengcheng/Documents/GitHub/vino/docs/1.0.0/qa/evidence/derived-data-unthinned/Build/Intermediates.noindex/vino_iPhone.build/Debug-iphonesimulator/vino_iPhone.build/DerivedSources/x86_64 -Xcc -I/Users/cengcheng/Documents/GitHub/vino/docs/1.0.0/qa/evidence/derived-data-unthinned/Build/Intermediates.noindex/vino_iPhone.build/Debug-iphonesimulator/vino_iPhone.build/DerivedSources -Xcc -DDEBUG\=1 -module-name vino_iPhone -frontend-parseable-output -disable-clang-spi -target-sdk-version 18.2 -target-sdk-name iphonesimulator18.2 -external-plugin-path /Applications/Xcode.app/Contents/Developer/Platforms/iPhoneOS.platform/Developer/usr/lib/swift/host/plugins\#/Applications/Xcode.app/Contents/Developer/Platforms/iPhoneOS.platform/Developer/usr/bin/swift-plugin-server -external-plugin-path /Applications/Xcode.app/Contents/Developer/Platforms/iPhoneOS.platform/Developer/usr/local/lib/swift/host/plugins\#/Applications/Xcode.app/Contents/Developer/Platforms/iPhoneOS.platform/Developer/usr/bin/swift-plugin-server -plugin-path /Applications/Xcode.app/Contents/Developer/Toolchains/XcodeDefault.xctoolchain/usr/lib/swift/host/plugins -plugin-path /Applications/Xcode.app/Contents/Developer/Toolchains/XcodeDefault.xctoolchain/usr/local/lib/swift/host/plugins -o /Users/cengcheng/Documents/GitHub/vino/docs/1.0.0/qa/evidence/derived-data-unthinned/Build/Intermediates.noindex/vino_iPhone.build/Debug-iphonesimulator/vino_iPhone.build/Objects-normal/x86_64/AuthService.o -o /Users/cengcheng/Documents/GitHub/vino/docs/1.0.0/qa/evidence/derived-data-unthinned/Build/Intermediates.noindex/vino_iPhone.build/Debug-iphonesimulator/vino_iPhone.build/Objects-normal/x86_64/CloudModelCatalog.o -index-unit-output-path /vino_iPhone.build/Debug-iphonesimulator/vino_iPhone.build/Objects-normal/x86_64/AuthService.o -index-unit-output-path /vino_iPhone.build/Debug-iphonesimulator/vino_iPhone.build/Objects-normal/x86_64/CloudModelCatalog.o -index-store-path /Users/cengcheng/Documents/GitHub/vino/docs/1.0.0/qa/evidence/derived-data-unthinned/Index.noindex/DataStore -index-system-modules

SwiftCompile normal x86_64 /Users/cengcheng/Documents/GitHub/vino/vino_iPhone/Sources/Auth/AuthService.swift (in target 'vino_iPhone' from project 'vino_iPhone')
    cd /Users/cengcheng/Documents/GitHub/vino/vino_iPhone
    /Applications/Xcode.app/Contents/Developer/Toolchains/XcodeDefault.xctoolchain/usr/bin/swift-frontend -c /Users/cengcheng/Documents/GitHub/vino/vino_iPhone/AppHost/VinoPhoneApp.swift /Users/cengcheng/Documents/GitHub/vino/vino_iPhone/Sources/App/VinoPhoneShellView.swift /Users/cengcheng/Documents/GitHub/vino/vino_iPhone/Sources/Camera/CameraPreviewView.swift /Users/cengcheng/Documents/GitHub/vino/vino_iPhone/Sources/Camera/CameraSessionController.swift /Users/cengcheng/Documents/GitHub/vino/vino_iPhone/Sources/Inference/InferenceRuntime.swift /Users/cengcheng/Documents/GitHub/vino/vino_iPhone/Sources/Models/CoreMLCatalog.swift /Users/cengcheng/Documents/GitHub/vino/vino_iPhone/Sources/Models/InferenceModels.swift /Users/cengcheng/Documents/GitHub/vino/vino_iPhone/Sources/Models/ModelFileStore.swift /Users/cengcheng/Documents/GitHub/vino/vino_iPhone/Sources/Models/VinoAppState.swift /Users/cengcheng/Documents/GitHub/vino/vino_iPhone/Sources/Models/VinoTheme.swift /Users/cengcheng/Documents/GitHub/vino/vino_iPhone/Sources/Networking/ControlPlaneCoordinator.swift /Users/cengcheng/Documents/GitHub/vino/vino_iPhone/Sources/Networking/IPAddressMonitor.swift /Users/cengcheng/Documents/GitHub/vino/vino_iPhone/Sources/Networking/VinoProtocol.swift /Users/cengcheng/Documents/GitHub/vino/vino_iPhone/Sources/Overlay/CameraOverlayView.swift /Users/cengcheng/Documents/GitHub/vino/vino_iPhone/Sources/Overlay/InferenceResultsOverlayView.swift /Users/cengcheng/Documents/GitHub/vino/vino_iPhone/Sources/Auth/AuthModels.swift /Users/cengcheng/Documents/GitHub/vino/vino_iPhone/Sources/Auth/KeychainStore.swift /Users/cengcheng/Documents/GitHub/vino/vino_iPhone/Sources/Auth/AuthSessionStore.swift -primary-file /Users/cengcheng/Documents/GitHub/vino/vino_iPhone/Sources/Auth/AuthService.swift -primary-file /Users/cengcheng/Documents/GitHub/vino/vino_iPhone/Sources/Models/CloudModelCatalog.swift /Users/cengcheng/Documents/GitHub/vino/vino_iPhone/Sources/Models/ModelLicenseVerifier.swift /Users/cengcheng/Documents/GitHub/vino/vino_iPhone/Sources/Networking/AssetUploadService.swift /Users/cengcheng/Documents/GitHub/vino/vino_iPhone/Sources/Networking/CloudControlCoordinator.swift /Users/cengcheng/Documents/GitHub/vino/docs/1.0.0/qa/evidence/derived-data-unthinned/Build/Intermediates.noindex/vino_iPhone.build/Debug-iphonesimulator/vino_iPhone.build/DerivedSources/GeneratedAssetSymbols.swift -emit-dependencies-path /Users/cengcheng/Documents/GitHub/vino/docs/1.0.0/qa/evidence/derived-data-unthinned/Build/Intermediates.noindex/vino_iPhone.build/Debug-iphonesimulator/vino_iPhone.build/Objects-normal/x86_64/AuthService.d -emit-const-values-path /Users/cengcheng/Documents/GitHub/vino/docs/1.0.0/qa/evidence/derived-data-unthinned/Build/Intermediates.noindex/vino_iPhone.build/Debug-iphonesimulator/vino_iPhone.build/Objects-normal/x86_64/AuthService.swiftconstvalues -emit-reference-dependencies-path /Users/cengcheng/Documents/GitHub/vino/docs/1.0.0/qa/evidence/derived-data-unthinned/Build/Intermediates.noindex/vino_iPhone.build/Debug-iphonesimulator/vino_iPhone.build/Objects-normal/x86_64/AuthService.swiftdeps -serialize-diagnostics-path /Users/cengcheng/Documents/GitHub/vino/docs/1.0.0/qa/evidence/derived-data-unthinned/Build/Intermediates.noindex/vino_iPhone.build/Debug-iphonesimulator/vino_iPhone.build/Objects-normal/x86_64/AuthService.dia -emit-dependencies-path /Users/cengcheng/Documents/GitHub/vino/docs/1.0.0/qa/evidence/derived-data-unthinned/Build/Intermediates.noindex/vino_iPhone.build/Debug-iphonesimulator/vino_iPhone.build/Objects-normal/x86_64/CloudModelCatalog.d -emit-const-values-path /Users/cengcheng/Documents/GitHub/vino/docs/1.0.0/qa/evidence/derived-data-unthinned/Build/Intermediates.noindex/vino_iPhone.build/Debug-iphonesimulator/vino_iPhone.build/Objects-normal/x86_64/CloudModelCatalog.swiftconstvalues -emit-reference-dependencies-path /Users/cengcheng/Documents/GitHub/vino/docs/1.0.0/qa/evidence/derived-data-unthinned/Build/Intermediates.noindex/vino_iPhone.build/Debug-iphonesimulator/vino_iPhone.build/Objects-normal/x86_64/CloudModelCatalog.swiftdeps -serialize-diagnostics-path /Users/cengcheng/Documents/GitHub/vino/docs/1.0.0/qa/evidence/derived-data-unthinned/Build/Intermediates.noindex/vino_iPhone.build/Debug-iphonesimulator/vino_iPhone.build/Objects-normal/x86_64/CloudModelCatalog.dia -emit-localized-strings -emit-localized-strings-path /Users/cengcheng/Documents/GitHub/vino/docs/1.0.0/qa/evidence/derived-data-unthinned/Build/Intermediates.noindex/vino_iPhone.build/Debug-iphonesimulator/vino_iPhone.build/Objects-normal/x86_64 -target x86_64-apple-ios17.6-simulator -enable-objc-interop -sdk /Applications/Xcode.app/Contents/Developer/Platforms/iPhoneSimulator.platform/Developer/SDKs/iPhoneSimulator18.2.sdk -I /Users/cengcheng/Documents/GitHub/vino/docs/1.0.0/qa/evidence/derived-data-unthinned/Build/Products/Debug-iphonesimulator -F /Users/cengcheng/Documents/GitHub/vino/docs/1.0.0/qa/evidence/derived-data-unthinned/Build/Products/Debug-iphonesimulator -no-color-diagnostics -enable-testing -g -debug-info-format\=dwarf -dwarf-version\=4 -module-cache-path /Users/cengcheng/Documents/GitHub/vino/docs/1.0.0/qa/evidence/derived-data-unthinned/ModuleCache.noindex -swift-version 5 -enforce-exclusivity\=checked -Onone -D DEBUG -serialize-debugging-options -const-gather-protocols-file /Users/cengcheng/Documents/GitHub/vino/docs/1.0.0/qa/evidence/derived-data-unthinned/Build/Intermediates.noindex/vino_iPhone.build/Debug-iphonesimulator/vino_iPhone.build/Objects-normal/x86_64/vino_iPhone_const_extract_protocols.json -enable-experimental-feature DebugDescriptionMacro -enable-experimental-feature OpaqueTypeErasure -enable-bare-slash-regex -empty-abi-descriptor -validate-clang-modules-once -clang-build-session-file /Users/cengcheng/Documents/GitHub/vino/docs/1.0.0/qa/evidence/derived-data-unthinned/ModuleCache.noindex/Session.modulevalidation -Xcc -working-directory -Xcc /Users/cengcheng/Documents/GitHub/vino/vino_iPhone -resource-dir /Applications/Xcode.app/Contents/Developer/Toolchains/XcodeDefault.xctoolchain/usr/lib/swift -enable-anonymous-context-mangled-names -file-compilation-dir /Users/cengcheng/Documents/GitHub/vino/vino_iPhone -Xcc -D_LIBCPP_HARDENING_MODE\=_LIBCPP_HARDENING_MODE_DEBUG -Xcc -ivfsstatcache -Xcc /Users/cengcheng/Documents/GitHub/vino/docs/1.0.0/qa/evidence/derived-data-unthinned/SDKStatCaches.noindex/iphonesimulator18.2-22C146-07b28473f605e47e75261259d3ef3b5a.sdkstatcache -Xcc -I/Users/cengcheng/Documents/GitHub/vino/docs/1.0.0/qa/evidence/derived-data-unthinned/Build/Intermediates.noindex/vino_iPhone.build/Debug-iphonesimulator/vino_iPhone.build/swift-overrides.hmap -Xcc -iquote -Xcc /Users/cengcheng/Documents/GitHub/vino/docs/1.0.0/qa/evidence/derived-data-unthinned/Build/Intermediates.noindex/vino_iPhone.build/Debug-iphonesimulator/vino_iPhone.build/灵眼GX-generated-files.hmap -Xcc -I/Users/cengcheng/Documents/GitHub/vino/docs/1.0.0/qa/evidence/derived-data-unthinned/Build/Intermediates.noindex/vino_iPhone.build/Debug-iphonesimulator/vino_iPhone.build/灵眼GX-own-target-headers.hmap -Xcc -I/Users/cengcheng/Documents/GitHub/vino/docs/1.0.0/qa/evidence/derived-data-unthinned/Build/Intermediates.noindex/vino_iPhone.build/Debug-iphonesimulator/vino_iPhone.build/灵眼GX-all-target-headers.hmap -Xcc -iquote -Xcc /Users/cengcheng/Documents/GitHub/vino/docs/1.0.0/qa/evidence/derived-data-unthinned/Build/Intermediates.noindex/vino_iPhone.build/Debug-iphonesimulator/vino_iPhone.build/灵眼GX-project-headers.hmap -Xcc -I/Users/cengcheng/Documents/GitHub/vino/docs/1.0.0/qa/evidence/derived-data-unthinned/Build/Products/Debug-iphonesimulator/include -Xcc -I/Users/cengcheng/Documents/GitHub/vino/docs/1.0.0/qa/evidence/derived-data-unthinned/Build/Intermediates.noindex/vino_iPhone.build/Debug-iphonesimulator/vino_iPhone.build/DerivedSources-normal/x86_64 -Xcc -I/Users/cengcheng/Documents/GitHub/vino/docs/1.0.0/qa/evidence/derived-data-unthinned/Build/Intermediates.noindex/vino_iPhone.build/Debug-iphonesimulator/vino_iPhone.build/DerivedSources/x86_64 -Xcc -I/Users/cengcheng/Documents/GitHub/vino/docs/1.0.0/qa/evidence/derived-data-unthinned/Build/Intermediates.noindex/vino_iPhone.build/Debug-iphonesimulator/vino_iPhone.build/DerivedSources -Xcc -DDEBUG\=1 -module-name vino_iPhone -frontend-parseable-output -disable-clang-spi -target-sdk-version 18.2 -target-sdk-name iphonesimulator18.2 -external-plugin-path /Applications/Xcode.app/Contents/Developer/Platforms/iPhoneOS.platform/Developer/usr/lib/swift/host/plugins\#/Applications/Xcode.app/Contents/Developer/Platforms/iPhoneOS.platform/Developer/usr/bin/swift-plugin-server -external-plugin-path /Applications/Xcode.app/Contents/Developer/Platforms/iPhoneOS.platform/Developer/usr/local/lib/swift/host/plugins\#/Applications/Xcode.app/Contents/Developer/Platforms/iPhoneOS.platform/Developer/usr/bin/swift-plugin-server -plugin-path /Applications/Xcode.app/Contents/Developer/Toolchains/XcodeDefault.xctoolchain/usr/lib/swift/host/plugins -plugin-path /Applications/Xcode.app/Contents/Developer/Toolchains/XcodeDefault.xctoolchain/usr/local/lib/swift/host/plugins -o /Users/cengcheng/Documents/GitHub/vino/docs/1.0.0/qa/evidence/derived-data-unthinned/Build/Intermediates.noindex/vino_iPhone.build/Debug-iphonesimulator/vino_iPhone.build/Objects-normal/x86_64/AuthService.o -o /Users/cengcheng/Documents/GitHub/vino/docs/1.0.0/qa/evidence/derived-data-unthinned/Build/Intermediates.noindex/vino_iPhone.build/Debug-iphonesimulator/vino_iPhone.build/Objects-normal/x86_64/CloudModelCatalog.o -index-unit-output-path /vino_iPhone.build/Debug-iphonesimulator/vino_iPhone.build/Objects-normal/x86_64/AuthService.o -index-unit-output-path /vino_iPhone.build/Debug-iphonesimulator/vino_iPhone.build/Objects-normal/x86_64/CloudModelCatalog.o -index-store-path /Users/cengcheng/Documents/GitHub/vino/docs/1.0.0/qa/evidence/derived-data-unthinned/Index.noindex/DataStore -index-system-modules
/Users/cengcheng/Documents/GitHub/vino/vino_iPhone/Sources/Auth/AuthService.swift:36:35: warning: expression is 'async' but is not marked with 'await'; this is an error in the Swift 6 language mode
        let body: [String: Any] = [
                                  ^
                                  await 
/Users/cengcheng/Documents/GitHub/vino/vino_iPhone/Sources/Auth/AuthService.swift:40:27: note: property access is 'async'
            "deviceName": UIDevice.current.name,
                          ^
/Users/cengcheng/Documents/GitHub/vino/vino_iPhone/Sources/Auth/AuthService.swift:40:27: note: property access is 'async'
            "deviceName": UIDevice.current.name,
                          ^

SwiftCompile normal x86_64 /Users/cengcheng/Documents/GitHub/vino/vino_iPhone/Sources/Models/CloudModelCatalog.swift (in target 'vino_iPhone' from project 'vino_iPhone')
    cd /Users/cengcheng/Documents/GitHub/vino/vino_iPhone
    /Applications/Xcode.app/Contents/Developer/Toolchains/XcodeDefault.xctoolchain/usr/bin/swift-frontend -c /Users/cengcheng/Documents/GitHub/vino/vino_iPhone/AppHost/VinoPhoneApp.swift /Users/cengcheng/Documents/GitHub/vino/vino_iPhone/Sources/App/VinoPhoneShellView.swift /Users/cengcheng/Documents/GitHub/vino/vino_iPhone/Sources/Camera/CameraPreviewView.swift /Users/cengcheng/Documents/GitHub/vino/vino_iPhone/Sources/Camera/CameraSessionController.swift /Users/cengcheng/Documents/GitHub/vino/vino_iPhone/Sources/Inference/InferenceRuntime.swift /Users/cengcheng/Documents/GitHub/vino/vino_iPhone/Sources/Models/CoreMLCatalog.swift /Users/cengcheng/Documents/GitHub/vino/vino_iPhone/Sources/Models/InferenceModels.swift /Users/cengcheng/Documents/GitHub/vino/vino_iPhone/Sources/Models/ModelFileStore.swift /Users/cengcheng/Documents/GitHub/vino/vino_iPhone/Sources/Models/VinoAppState.swift /Users/cengcheng/Documents/GitHub/vino/vino_iPhone/Sources/Models/VinoTheme.swift /Users/cengcheng/Documents/GitHub/vino/vino_iPhone/Sources/Networking/ControlPlaneCoordinator.swift /Users/cengcheng/Documents/GitHub/vino/vino_iPhone/Sources/Networking/IPAddressMonitor.swift /Users/cengcheng/Documents/GitHub/vino/vino_iPhone/Sources/Networking/VinoProtocol.swift /Users/cengcheng/Documents/GitHub/vino/vino_iPhone/Sources/Overlay/CameraOverlayView.swift /Users/cengcheng/Documents/GitHub/vino/vino_iPhone/Sources/Overlay/InferenceResultsOverlayView.swift /Users/cengcheng/Documents/GitHub/vino/vino_iPhone/Sources/Auth/AuthModels.swift /Users/cengcheng/Documents/GitHub/vino/vino_iPhone/Sources/Auth/KeychainStore.swift /Users/cengcheng/Documents/GitHub/vino/vino_iPhone/Sources/Auth/AuthSessionStore.swift -primary-file /Users/cengcheng/Documents/GitHub/vino/vino_iPhone/Sources/Auth/AuthService.swift -primary-file /Users/cengcheng/Documents/GitHub/vino/vino_iPhone/Sources/Models/CloudModelCatalog.swift /Users/cengcheng/Documents/GitHub/vino/vino_iPhone/Sources/Models/ModelLicenseVerifier.swift /Users/cengcheng/Documents/GitHub/vino/vino_iPhone/Sources/Networking/AssetUploadService.swift /Users/cengcheng/Documents/GitHub/vino/vino_iPhone/Sources/Networking/CloudControlCoordinator.swift /Users/cengcheng/Documents/GitHub/vino/docs/1.0.0/qa/evidence/derived-data-unthinned/Build/Intermediates.noindex/vino_iPhone.build/Debug-iphonesimulator/vino_iPhone.build/DerivedSources/GeneratedAssetSymbols.swift -emit-dependencies-path /Users/cengcheng/Documents/GitHub/vino/docs/1.0.0/qa/evidence/derived-data-unthinned/Build/Intermediates.noindex/vino_iPhone.build/Debug-iphonesimulator/vino_iPhone.build/Objects-normal/x86_64/AuthService.d -emit-const-values-path /Users/cengcheng/Documents/GitHub/vino/docs/1.0.0/qa/evidence/derived-data-unthinned/Build/Intermediates.noindex/vino_iPhone.build/Debug-iphonesimulator/vino_iPhone.build/Objects-normal/x86_64/AuthService.swiftconstvalues -emit-reference-dependencies-path /Users/cengcheng/Documents/GitHub/vino/docs/1.0.0/qa/evidence/derived-data-unthinned/Build/Intermediates.noindex/vino_iPhone.build/Debug-iphonesimulator/vino_iPhone.build/Objects-normal/x86_64/AuthService.swiftdeps -serialize-diagnostics-path /Users/cengcheng/Documents/GitHub/vino/docs/1.0.0/qa/evidence/derived-data-unthinned/Build/Intermediates.noindex/vino_iPhone.build/Debug-iphonesimulator/vino_iPhone.build/Objects-normal/x86_64/AuthService.dia -emit-dependencies-path /Users/cengcheng/Documents/GitHub/vino/docs/1.0.0/qa/evidence/derived-data-unthinned/Build/Intermediates.noindex/vino_iPhone.build/Debug-iphonesimulator/vino_iPhone.build/Objects-normal/x86_64/CloudModelCatalog.d -emit-const-values-path /Users/cengcheng/Documents/GitHub/vino/docs/1.0.0/qa/evidence/derived-data-unthinned/Build/Intermediates.noindex/vino_iPhone.build/Debug-iphonesimulator/vino_iPhone.build/Objects-normal/x86_64/CloudModelCatalog.swiftconstvalues -emit-reference-dependencies-path /Users/cengcheng/Documents/GitHub/vino/docs/1.0.0/qa/evidence/derived-data-unthinned/Build/Intermediates.noindex/vino_iPhone.build/Debug-iphonesimulator/vino_iPhone.build/Objects-normal/x86_64/CloudModelCatalog.swiftdeps -serialize-diagnostics-path /Users/cengcheng/Documents/GitHub/vino/docs/1.0.0/qa/evidence/derived-data-unthinned/Build/Intermediates.noindex/vino_iPhone.build/Debug-iphonesimulator/vino_iPhone.build/Objects-normal/x86_64/CloudModelCatalog.dia -emit-localized-strings -emit-localized-strings-path /Users/cengcheng/Documents/GitHub/vino/docs/1.0.0/qa/evidence/derived-data-unthinned/Build/Intermediates.noindex/vino_iPhone.build/Debug-iphonesimulator/vino_iPhone.build/Objects-normal/x86_64 -target x86_64-apple-ios17.6-simulator -enable-objc-interop -sdk /Applications/Xcode.app/Contents/Developer/Platforms/iPhoneSimulator.platform/Developer/SDKs/iPhoneSimulator18.2.sdk -I /Users/cengcheng/Documents/GitHub/vino/docs/1.0.0/qa/evidence/derived-data-unthinned/Build/Products/Debug-iphonesimulator -F /Users/cengcheng/Documents/GitHub/vino/docs/1.0.0/qa/evidence/derived-data-unthinned/Build/Products/Debug-iphonesimulator -no-color-diagnostics -enable-testing -g -debug-info-format\=dwarf -dwarf-version\=4 -module-cache-path /Users/cengcheng/Documents/GitHub/vino/docs/1.0.0/qa/evidence/derived-data-unthinned/ModuleCache.noindex -swift-version 5 -enforce-exclusivity\=checked -Onone -D DEBUG -serialize-debugging-options -const-gather-protocols-file /Users/cengcheng/Documents/GitHub/vino/docs/1.0.0/qa/evidence/derived-data-unthinned/Build/Intermediates.noindex/vino_iPhone.build/Debug-iphonesimulator/vino_iPhone.build/Objects-normal/x86_64/vino_iPhone_const_extract_protocols.json -enable-experimental-feature DebugDescriptionMacro -enable-experimental-feature OpaqueTypeErasure -enable-bare-slash-regex -empty-abi-descriptor -validate-clang-modules-once -clang-build-session-file /Users/cengcheng/Documents/GitHub/vino/docs/1.0.0/qa/evidence/derived-data-unthinned/ModuleCache.noindex/Session.modulevalidation -Xcc -working-directory -Xcc /Users/cengcheng/Documents/GitHub/vino/vino_iPhone -resource-dir /Applications/Xcode.app/Contents/Developer/Toolchains/XcodeDefault.xctoolchain/usr/lib/swift -enable-anonymous-context-mangled-names -file-compilation-dir /Users/cengcheng/Documents/GitHub/vino/vino_iPhone -Xcc -D_LIBCPP_HARDENING_MODE\=_LIBCPP_HARDENING_MODE_DEBUG -Xcc -ivfsstatcache -Xcc /Users/cengcheng/Documents/GitHub/vino/docs/1.0.0/qa/evidence/derived-data-unthinned/SDKStatCaches.noindex/iphonesimulator18.2-22C146-07b28473f605e47e75261259d3ef3b5a.sdkstatcache -Xcc -I/Users/cengcheng/Documents/GitHub/vino/docs/1.0.0/qa/evidence/derived-data-unthinned/Build/Intermediates.noindex/vino_iPhone.build/Debug-iphonesimulator/vino_iPhone.build/swift-overrides.hmap -Xcc -iquote -Xcc /Users/cengcheng/Documents/GitHub/vino/docs/1.0.0/qa/evidence/derived-data-unthinned/Build/Intermediates.noindex/vino_iPhone.build/Debug-iphonesimulator/vino_iPhone.build/灵眼GX-generated-files.hmap -Xcc -I/Users/cengcheng/Documents/GitHub/vino/docs/1.0.0/qa/evidence/derived-data-unthinned/Build/Intermediates.noindex/vino_iPhone.build/Debug-iphonesimulator/vino_iPhone.build/灵眼GX-own-target-headers.hmap -Xcc -I/Users/cengcheng/Documents/GitHub/vino/docs/1.0.0/qa/evidence/derived-data-unthinned/Build/Intermediates.noindex/vino_iPhone.build/Debug-iphonesimulator/vino_iPhone.build/灵眼GX-all-target-headers.hmap -Xcc -iquote -Xcc /Users/cengcheng/Documents/GitHub/vino/docs/1.0.0/qa/evidence/derived-data-unthinned/Build/Intermediates.noindex/vino_iPhone.build/Debug-iphonesimulator/vino_iPhone.build/灵眼GX-project-headers.hmap -Xcc -I/Users/cengcheng/Documents/GitHub/vino/docs/1.0.0/qa/evidence/derived-data-unthinned/Build/Products/Debug-iphonesimulator/include -Xcc -I/Users/cengcheng/Documents/GitHub/vino/docs/1.0.0/qa/evidence/derived-data-unthinned/Build/Intermediates.noindex/vino_iPhone.build/Debug-iphonesimulator/vino_iPhone.build/DerivedSources-normal/x86_64 -Xcc -I/Users/cengcheng/Documents/GitHub/vino/docs/1.0.0/qa/evidence/derived-data-unthinned/Build/Intermediates.noindex/vino_iPhone.build/Debug-iphonesimulator/vino_iPhone.build/DerivedSources/x86_64 -Xcc -I/Users/cengcheng/Documents/GitHub/vino/docs/1.0.0/qa/evidence/derived-data-unthinned/Build/Intermediates.noindex/vino_iPhone.build/Debug-iphonesimulator/vino_iPhone.build/DerivedSources -Xcc -DDEBUG\=1 -module-name vino_iPhone -frontend-parseable-output -disable-clang-spi -target-sdk-version 18.2 -target-sdk-name iphonesimulator18.2 -external-plugin-path /Applications/Xcode.app/Contents/Developer/Platforms/iPhoneOS.platform/Developer/usr/lib/swift/host/plugins\#/Applications/Xcode.app/Contents/Developer/Platforms/iPhoneOS.platform/Developer/usr/bin/swift-plugin-server -external-plugin-path /Applications/Xcode.app/Contents/Developer/Platforms/iPhoneOS.platform/Developer/usr/local/lib/swift/host/plugins\#/Applications/Xcode.app/Contents/Developer/Platforms/iPhoneOS.platform/Developer/usr/bin/swift-plugin-server -plugin-path /Applications/Xcode.app/Contents/Developer/Toolchains/XcodeDefault.xctoolchain/usr/lib/swift/host/plugins -plugin-path /Applications/Xcode.app/Contents/Developer/Toolchains/XcodeDefault.xctoolchain/usr/local/lib/swift/host/plugins -o /Users/cengcheng/Documents/GitHub/vino/docs/1.0.0/qa/evidence/derived-data-unthinned/Build/Intermediates.noindex/vino_iPhone.build/Debug-iphonesimulator/vino_iPhone.build/Objects-normal/x86_64/AuthService.o -o /Users/cengcheng/Documents/GitHub/vino/docs/1.0.0/qa/evidence/derived-data-unthinned/Build/Intermediates.noindex/vino_iPhone.build/Debug-iphonesimulator/vino_iPhone.build/Objects-normal/x86_64/CloudModelCatalog.o -index-unit-output-path /vino_iPhone.build/Debug-iphonesimulator/vino_iPhone.build/Objects-normal/x86_64/AuthService.o -index-unit-output-path /vino_iPhone.build/Debug-iphonesimulator/vino_iPhone.build/Objects-normal/x86_64/CloudModelCatalog.o -index-store-path /Users/cengcheng/Documents/GitHub/vino/docs/1.0.0/qa/evidence/derived-data-unthinned/Index.noindex/DataStore -index-system-modules

SwiftDriverJobDiscovery normal arm64 Compiling InferenceResultsOverlayView.swift, AuthModels.swift (in target 'vino_iPhone' from project 'vino_iPhone')

SwiftCompile normal x86_64 Compiling\ KeychainStore.swift,\ AuthSessionStore.swift /Users/cengcheng/Documents/GitHub/vino/vino_iPhone/Sources/Auth/KeychainStore.swift /Users/cengcheng/Documents/GitHub/vino/vino_iPhone/Sources/Auth/AuthSessionStore.swift (in target 'vino_iPhone' from project 'vino_iPhone')
    cd /Users/cengcheng/Documents/GitHub/vino/vino_iPhone
    builtin-swiftTaskExecution -- /Applications/Xcode.app/Contents/Developer/Toolchains/XcodeDefault.xctoolchain/usr/bin/swift-frontend -frontend -c /Users/cengcheng/Documents/GitHub/vino/vino_iPhone/AppHost/VinoPhoneApp.swift /Users/cengcheng/Documents/GitHub/vino/vino_iPhone/Sources/App/VinoPhoneShellView.swift /Users/cengcheng/Documents/GitHub/vino/vino_iPhone/Sources/Camera/CameraPreviewView.swift /Users/cengcheng/Documents/GitHub/vino/vino_iPhone/Sources/Camera/CameraSessionController.swift /Users/cengcheng/Documents/GitHub/vino/vino_iPhone/Sources/Inference/InferenceRuntime.swift /Users/cengcheng/Documents/GitHub/vino/vino_iPhone/Sources/Models/CoreMLCatalog.swift /Users/cengcheng/Documents/GitHub/vino/vino_iPhone/Sources/Models/InferenceModels.swift /Users/cengcheng/Documents/GitHub/vino/vino_iPhone/Sources/Models/ModelFileStore.swift /Users/cengcheng/Documents/GitHub/vino/vino_iPhone/Sources/Models/VinoAppState.swift /Users/cengcheng/Documents/GitHub/vino/vino_iPhone/Sources/Models/VinoTheme.swift /Users/cengcheng/Documents/GitHub/vino/vino_iPhone/Sources/Networking/ControlPlaneCoordinator.swift /Users/cengcheng/Documents/GitHub/vino/vino_iPhone/Sources/Networking/IPAddressMonitor.swift /Users/cengcheng/Documents/GitHub/vino/vino_iPhone/Sources/Networking/VinoProtocol.swift /Users/cengcheng/Documents/GitHub/vino/vino_iPhone/Sources/Overlay/CameraOverlayView.swift /Users/cengcheng/Documents/GitHub/vino/vino_iPhone/Sources/Overlay/InferenceResultsOverlayView.swift /Users/cengcheng/Documents/GitHub/vino/vino_iPhone/Sources/Auth/AuthModels.swift -primary-file /Users/cengcheng/Documents/GitHub/vino/vino_iPhone/Sources/Auth/KeychainStore.swift -primary-file /Users/cengcheng/Documents/GitHub/vino/vino_iPhone/Sources/Auth/AuthSessionStore.swift /Users/cengcheng/Documents/GitHub/vino/vino_iPhone/Sources/Auth/AuthService.swift /Users/cengcheng/Documents/GitHub/vino/vino_iPhone/Sources/Models/CloudModelCatalog.swift /Users/cengcheng/Documents/GitHub/vino/vino_iPhone/Sources/Models/ModelLicenseVerifier.swift /Users/cengcheng/Documents/GitHub/vino/vino_iPhone/Sources/Networking/AssetUploadService.swift /Users/cengcheng/Documents/GitHub/vino/vino_iPhone/Sources/Networking/CloudControlCoordinator.swift /Users/cengcheng/Documents/GitHub/vino/docs/1.0.0/qa/evidence/derived-data-unthinned/Build/Intermediates.noindex/vino_iPhone.build/Debug-iphonesimulator/vino_iPhone.build/DerivedSources/GeneratedAssetSymbols.swift -emit-dependencies-path /Users/cengcheng/Documents/GitHub/vino/docs/1.0.0/qa/evidence/derived-data-unthinned/Build/Intermediates.noindex/vino_iPhone.build/Debug-iphonesimulator/vino_iPhone.build/Objects-normal/x86_64/KeychainStore.d -emit-const-values-path /Users/cengcheng/Documents/GitHub/vino/docs/1.0.0/qa/evidence/derived-data-unthinned/Build/Intermediates.noindex/vino_iPhone.build/Debug-iphonesimulator/vino_iPhone.build/Objects-normal/x86_64/KeychainStore.swiftconstvalues -emit-reference-dependencies-path /Users/cengcheng/Documents/GitHub/vino/docs/1.0.0/qa/evidence/derived-data-unthinned/Build/Intermediates.noindex/vino_iPhone.build/Debug-iphonesimulator/vino_iPhone.build/Objects-normal/x86_64/KeychainStore.swiftdeps -serialize-diagnostics-path /Users/cengcheng/Documents/GitHub/vino/docs/1.0.0/qa/evidence/derived-data-unthinned/Build/Intermediates.noindex/vino_iPhone.build/Debug-iphonesimulator/vino_iPhone.build/Objects-normal/x86_64/KeychainStore.dia -emit-dependencies-path /Users/cengcheng/Documents/GitHub/vino/docs/1.0.0/qa/evidence/derived-data-unthinned/Build/Intermediates.noindex/vino_iPhone.build/Debug-iphonesimulator/vino_iPhone.build/Objects-normal/x86_64/AuthSessionStore.d -emit-const-values-path /Users/cengcheng/Documents/GitHub/vino/docs/1.0.0/qa/evidence/derived-data-unthinned/Build/Intermediates.noindex/vino_iPhone.build/Debug-iphonesimulator/vino_iPhone.build/Objects-normal/x86_64/AuthSessionStore.swiftconstvalues -emit-reference-dependencies-path /Users/cengcheng/Documents/GitHub/vino/docs/1.0.0/qa/evidence/derived-data-unthinned/Build/Intermediates.noindex/vino_iPhone.build/Debug-iphonesimulator/vino_iPhone.build/Objects-normal/x86_64/AuthSessionStore.swiftdeps -serialize-diagnostics-path /Users/cengcheng/Documents/GitHub/vino/docs/1.0.0/qa/evidence/derived-data-unthinned/Build/Intermediates.noindex/vino_iPhone.build/Debug-iphonesimulator/vino_iPhone.build/Objects-normal/x86_64/AuthSessionStore.dia -emit-localized-strings -emit-localized-strings-path /Users/cengcheng/Documents/GitHub/vino/docs/1.0.0/qa/evidence/derived-data-unthinned/Build/Intermediates.noindex/vino_iPhone.build/Debug-iphonesimulator/vino_iPhone.build/Objects-normal/x86_64 -target x86_64-apple-ios17.6-simulator -enable-objc-interop -sdk /Applications/Xcode.app/Contents/Developer/Platforms/iPhoneSimulator.platform/Developer/SDKs/iPhoneSimulator18.2.sdk -I /Users/cengcheng/Documents/GitHub/vino/docs/1.0.0/qa/evidence/derived-data-unthinned/Build/Products/Debug-iphonesimulator -F /Users/cengcheng/Documents/GitHub/vino/docs/1.0.0/qa/evidence/derived-data-unthinned/Build/Products/Debug-iphonesimulator -no-color-diagnostics -enable-testing -g -debug-info-format\=dwarf -dwarf-version\=4 -module-cache-path /Users/cengcheng/Documents/GitHub/vino/docs/1.0.0/qa/evidence/derived-data-unthinned/ModuleCache.noindex -swift-version 5 -enforce-exclusivity\=checked -Onone -D DEBUG -serialize-debugging-options -const-gather-protocols-file /Users/cengcheng/Documents/GitHub/vino/docs/1.0.0/qa/evidence/derived-data-unthinned/Build/Intermediates.noindex/vino_iPhone.build/Debug-iphonesimulator/vino_iPhone.build/Objects-normal/x86_64/vino_iPhone_const_extract_protocols.json -enable-experimental-feature DebugDescriptionMacro -enable-experimental-feature OpaqueTypeErasure -enable-bare-slash-regex -empty-abi-descriptor -validate-clang-modules-once -clang-build-session-file /Users/cengcheng/Documents/GitHub/vino/docs/1.0.0/qa/evidence/derived-data-unthinned/ModuleCache.noindex/Session.modulevalidation -Xcc -working-directory -Xcc /Users/cengcheng/Documents/GitHub/vino/vino_iPhone -resource-dir /Applications/Xcode.app/Contents/Developer/Toolchains/XcodeDefault.xctoolchain/usr/lib/swift -enable-anonymous-context-mangled-names -file-compilation-dir /Users/cengcheng/Documents/GitHub/vino/vino_iPhone -Xcc -D_LIBCPP_HARDENING_MODE\=_LIBCPP_HARDENING_MODE_DEBUG -Xcc -ivfsstatcache -Xcc /Users/cengcheng/Documents/GitHub/vino/docs/1.0.0/qa/evidence/derived-data-unthinned/SDKStatCaches.noindex/iphonesimulator18.2-22C146-07b28473f605e47e75261259d3ef3b5a.sdkstatcache -Xcc -I/Users/cengcheng/Documents/GitHub/vino/docs/1.0.0/qa/evidence/derived-data-unthinned/Build/Intermediates.noindex/vino_iPhone.build/Debug-iphonesimulator/vino_iPhone.build/swift-overrides.hmap -Xcc -iquote -Xcc /Users/cengcheng/Documents/GitHub/vino/docs/1.0.0/qa/evidence/derived-data-unthinned/Build/Intermediates.noindex/vino_iPhone.build/Debug-iphonesimulator/vino_iPhone.build/灵眼GX-generated-files.hmap -Xcc -I/Users/cengcheng/Documents/GitHub/vino/docs/1.0.0/qa/evidence/derived-data-unthinned/Build/Intermediates.noindex/vino_iPhone.build/Debug-iphonesimulator/vino_iPhone.build/灵眼GX-own-target-headers.hmap -Xcc -I/Users/cengcheng/Documents/GitHub/vino/docs/1.0.0/qa/evidence/derived-data-unthinned/Build/Intermediates.noindex/vino_iPhone.build/Debug-iphonesimulator/vino_iPhone.build/灵眼GX-all-target-headers.hmap -Xcc -iquote -Xcc /Users/cengcheng/Documents/GitHub/vino/docs/1.0.0/qa/evidence/derived-data-unthinned/Build/Intermediates.noindex/vino_iPhone.build/Debug-iphonesimulator/vino_iPhone.build/灵眼GX-project-headers.hmap -Xcc -I/Users/cengcheng/Documents/GitHub/vino/docs/1.0.0/qa/evidence/derived-data-unthinned/Build/Products/Debug-iphonesimulator/include -Xcc -I/Users/cengcheng/Documents/GitHub/vino/docs/1.0.0/qa/evidence/derived-data-unthinned/Build/Intermediates.noindex/vino_iPhone.build/Debug-iphonesimulator/vino_iPhone.build/DerivedSources-normal/x86_64 -Xcc -I/Users/cengcheng/Documents/GitHub/vino/docs/1.0.0/qa/evidence/derived-data-unthinned/Build/Intermediates.noindex/vino_iPhone.build/Debug-iphonesimulator/vino_iPhone.build/DerivedSources/x86_64 -Xcc -I/Users/cengcheng/Documents/GitHub/vino/docs/1.0.0/qa/evidence/derived-data-unthinned/Build/Intermediates.noindex/vino_iPhone.build/Debug-iphonesimulator/vino_iPhone.build/DerivedSources -Xcc -DDEBUG\=1 -module-name vino_iPhone -frontend-parseable-output -disable-clang-spi -target-sdk-version 18.2 -target-sdk-name iphonesimulator18.2 -external-plugin-path /Applications/Xcode.app/Contents/Developer/Platforms/iPhoneOS.platform/Developer/usr/lib/swift/host/plugins\#/Applications/Xcode.app/Contents/Developer/Platforms/iPhoneOS.platform/Developer/usr/bin/swift-plugin-server -external-plugin-path /Applications/Xcode.app/Contents/Developer/Platforms/iPhoneOS.platform/Developer/usr/local/lib/swift/host/plugins\#/Applications/Xcode.app/Contents/Developer/Platforms/iPhoneOS.platform/Developer/usr/bin/swift-plugin-server -plugin-path /Applications/Xcode.app/Contents/Developer/Toolchains/XcodeDefault.xctoolchain/usr/lib/swift/host/plugins -plugin-path /Applications/Xcode.app/Contents/Developer/Toolchains/XcodeDefault.xctoolchain/usr/local/lib/swift/host/plugins -o /Users/cengcheng/Documents/GitHub/vino/docs/1.0.0/qa/evidence/derived-data-unthinned/Build/Intermediates.noindex/vino_iPhone.build/Debug-iphonesimulator/vino_iPhone.build/Objects-normal/x86_64/KeychainStore.o -o /Users/cengcheng/Documents/GitHub/vino/docs/1.0.0/qa/evidence/derived-data-unthinned/Build/Intermediates.noindex/vino_iPhone.build/Debug-iphonesimulator/vino_iPhone.build/Objects-normal/x86_64/AuthSessionStore.o -index-unit-output-path /vino_iPhone.build/Debug-iphonesimulator/vino_iPhone.build/Objects-normal/x86_64/KeychainStore.o -index-unit-output-path /vino_iPhone.build/Debug-iphonesimulator/vino_iPhone.build/Objects-normal/x86_64/AuthSessionStore.o -index-store-path /Users/cengcheng/Documents/GitHub/vino/docs/1.0.0/qa/evidence/derived-data-unthinned/Index.noindex/DataStore -index-system-modules

SwiftCompile normal x86_64 /Users/cengcheng/Documents/GitHub/vino/vino_iPhone/Sources/Auth/KeychainStore.swift (in target 'vino_iPhone' from project 'vino_iPhone')
    cd /Users/cengcheng/Documents/GitHub/vino/vino_iPhone
    /Applications/Xcode.app/Contents/Developer/Toolchains/XcodeDefault.xctoolchain/usr/bin/swift-frontend -c /Users/cengcheng/Documents/GitHub/vino/vino_iPhone/AppHost/VinoPhoneApp.swift /Users/cengcheng/Documents/GitHub/vino/vino_iPhone/Sources/App/VinoPhoneShellView.swift /Users/cengcheng/Documents/GitHub/vino/vino_iPhone/Sources/Camera/CameraPreviewView.swift /Users/cengcheng/Documents/GitHub/vino/vino_iPhone/Sources/Camera/CameraSessionController.swift /Users/cengcheng/Documents/GitHub/vino/vino_iPhone/Sources/Inference/InferenceRuntime.swift /Users/cengcheng/Documents/GitHub/vino/vino_iPhone/Sources/Models/CoreMLCatalog.swift /Users/cengcheng/Documents/GitHub/vino/vino_iPhone/Sources/Models/InferenceModels.swift /Users/cengcheng/Documents/GitHub/vino/vino_iPhone/Sources/Models/ModelFileStore.swift /Users/cengcheng/Documents/GitHub/vino/vino_iPhone/Sources/Models/VinoAppState.swift /Users/cengcheng/Documents/GitHub/vino/vino_iPhone/Sources/Models/VinoTheme.swift /Users/cengcheng/Documents/GitHub/vino/vino_iPhone/Sources/Networking/ControlPlaneCoordinator.swift /Users/cengcheng/Documents/GitHub/vino/vino_iPhone/Sources/Networking/IPAddressMonitor.swift /Users/cengcheng/Documents/GitHub/vino/vino_iPhone/Sources/Networking/VinoProtocol.swift /Users/cengcheng/Documents/GitHub/vino/vino_iPhone/Sources/Overlay/CameraOverlayView.swift /Users/cengcheng/Documents/GitHub/vino/vino_iPhone/Sources/Overlay/InferenceResultsOverlayView.swift /Users/cengcheng/Documents/GitHub/vino/vino_iPhone/Sources/Auth/AuthModels.swift -primary-file /Users/cengcheng/Documents/GitHub/vino/vino_iPhone/Sources/Auth/KeychainStore.swift -primary-file /Users/cengcheng/Documents/GitHub/vino/vino_iPhone/Sources/Auth/AuthSessionStore.swift /Users/cengcheng/Documents/GitHub/vino/vino_iPhone/Sources/Auth/AuthService.swift /Users/cengcheng/Documents/GitHub/vino/vino_iPhone/Sources/Models/CloudModelCatalog.swift /Users/cengcheng/Documents/GitHub/vino/vino_iPhone/Sources/Models/ModelLicenseVerifier.swift /Users/cengcheng/Documents/GitHub/vino/vino_iPhone/Sources/Networking/AssetUploadService.swift /Users/cengcheng/Documents/GitHub/vino/vino_iPhone/Sources/Networking/CloudControlCoordinator.swift /Users/cengcheng/Documents/GitHub/vino/docs/1.0.0/qa/evidence/derived-data-unthinned/Build/Intermediates.noindex/vino_iPhone.build/Debug-iphonesimulator/vino_iPhone.build/DerivedSources/GeneratedAssetSymbols.swift -emit-dependencies-path /Users/cengcheng/Documents/GitHub/vino/docs/1.0.0/qa/evidence/derived-data-unthinned/Build/Intermediates.noindex/vino_iPhone.build/Debug-iphonesimulator/vino_iPhone.build/Objects-normal/x86_64/KeychainStore.d -emit-const-values-path /Users/cengcheng/Documents/GitHub/vino/docs/1.0.0/qa/evidence/derived-data-unthinned/Build/Intermediates.noindex/vino_iPhone.build/Debug-iphonesimulator/vino_iPhone.build/Objects-normal/x86_64/KeychainStore.swiftconstvalues -emit-reference-dependencies-path /Users/cengcheng/Documents/GitHub/vino/docs/1.0.0/qa/evidence/derived-data-unthinned/Build/Intermediates.noindex/vino_iPhone.build/Debug-iphonesimulator/vino_iPhone.build/Objects-normal/x86_64/KeychainStore.swiftdeps -serialize-diagnostics-path /Users/cengcheng/Documents/GitHub/vino/docs/1.0.0/qa/evidence/derived-data-unthinned/Build/Intermediates.noindex/vino_iPhone.build/Debug-iphonesimulator/vino_iPhone.build/Objects-normal/x86_64/KeychainStore.dia -emit-dependencies-path /Users/cengcheng/Documents/GitHub/vino/docs/1.0.0/qa/evidence/derived-data-unthinned/Build/Intermediates.noindex/vino_iPhone.build/Debug-iphonesimulator/vino_iPhone.build/Objects-normal/x86_64/AuthSessionStore.d -emit-const-values-path /Users/cengcheng/Documents/GitHub/vino/docs/1.0.0/qa/evidence/derived-data-unthinned/Build/Intermediates.noindex/vino_iPhone.build/Debug-iphonesimulator/vino_iPhone.build/Objects-normal/x86_64/AuthSessionStore.swiftconstvalues -emit-reference-dependencies-path /Users/cengcheng/Documents/GitHub/vino/docs/1.0.0/qa/evidence/derived-data-unthinned/Build/Intermediates.noindex/vino_iPhone.build/Debug-iphonesimulator/vino_iPhone.build/Objects-normal/x86_64/AuthSessionStore.swiftdeps -serialize-diagnostics-path /Users/cengcheng/Documents/GitHub/vino/docs/1.0.0/qa/evidence/derived-data-unthinned/Build/Intermediates.noindex/vino_iPhone.build/Debug-iphonesimulator/vino_iPhone.build/Objects-normal/x86_64/AuthSessionStore.dia -emit-localized-strings -emit-localized-strings-path /Users/cengcheng/Documents/GitHub/vino/docs/1.0.0/qa/evidence/derived-data-unthinned/Build/Intermediates.noindex/vino_iPhone.build/Debug-iphonesimulator/vino_iPhone.build/Objects-normal/x86_64 -target x86_64-apple-ios17.6-simulator -enable-objc-interop -sdk /Applications/Xcode.app/Contents/Developer/Platforms/iPhoneSimulator.platform/Developer/SDKs/iPhoneSimulator18.2.sdk -I /Users/cengcheng/Documents/GitHub/vino/docs/1.0.0/qa/evidence/derived-data-unthinned/Build/Products/Debug-iphonesimulator -F /Users/cengcheng/Documents/GitHub/vino/docs/1.0.0/qa/evidence/derived-data-unthinned/Build/Products/Debug-iphonesimulator -no-color-diagnostics -enable-testing -g -debug-info-format\=dwarf -dwarf-version\=4 -module-cache-path /Users/cengcheng/Documents/GitHub/vino/docs/1.0.0/qa/evidence/derived-data-unthinned/ModuleCache.noindex -swift-version 5 -enforce-exclusivity\=checked -Onone -D DEBUG -serialize-debugging-options -const-gather-protocols-file /Users/cengcheng/Documents/GitHub/vino/docs/1.0.0/qa/evidence/derived-data-unthinned/Build/Intermediates.noindex/vino_iPhone.build/Debug-iphonesimulator/vino_iPhone.build/Objects-normal/x86_64/vino_iPhone_const_extract_protocols.json -enable-experimental-feature DebugDescriptionMacro -enable-experimental-feature OpaqueTypeErasure -enable-bare-slash-regex -empty-abi-descriptor -validate-clang-modules-once -clang-build-session-file /Users/cengcheng/Documents/GitHub/vino/docs/1.0.0/qa/evidence/derived-data-unthinned/ModuleCache.noindex/Session.modulevalidation -Xcc -working-directory -Xcc /Users/cengcheng/Documents/GitHub/vino/vino_iPhone -resource-dir /Applications/Xcode.app/Contents/Developer/Toolchains/XcodeDefault.xctoolchain/usr/lib/swift -enable-anonymous-context-mangled-names -file-compilation-dir /Users/cengcheng/Documents/GitHub/vino/vino_iPhone -Xcc -D_LIBCPP_HARDENING_MODE\=_LIBCPP_HARDENING_MODE_DEBUG -Xcc -ivfsstatcache -Xcc /Users/cengcheng/Documents/GitHub/vino/docs/1.0.0/qa/evidence/derived-data-unthinned/SDKStatCaches.noindex/iphonesimulator18.2-22C146-07b28473f605e47e75261259d3ef3b5a.sdkstatcache -Xcc -I/Users/cengcheng/Documents/GitHub/vino/docs/1.0.0/qa/evidence/derived-data-unthinned/Build/Intermediates.noindex/vino_iPhone.build/Debug-iphonesimulator/vino_iPhone.build/swift-overrides.hmap -Xcc -iquote -Xcc /Users/cengcheng/Documents/GitHub/vino/docs/1.0.0/qa/evidence/derived-data-unthinned/Build/Intermediates.noindex/vino_iPhone.build/Debug-iphonesimulator/vino_iPhone.build/灵眼GX-generated-files.hmap -Xcc -I/Users/cengcheng/Documents/GitHub/vino/docs/1.0.0/qa/evidence/derived-data-unthinned/Build/Intermediates.noindex/vino_iPhone.build/Debug-iphonesimulator/vino_iPhone.build/灵眼GX-own-target-headers.hmap -Xcc -I/Users/cengcheng/Documents/GitHub/vino/docs/1.0.0/qa/evidence/derived-data-unthinned/Build/Intermediates.noindex/vino_iPhone.build/Debug-iphonesimulator/vino_iPhone.build/灵眼GX-all-target-headers.hmap -Xcc -iquote -Xcc /Users/cengcheng/Documents/GitHub/vino/docs/1.0.0/qa/evidence/derived-data-unthinned/Build/Intermediates.noindex/vino_iPhone.build/Debug-iphonesimulator/vino_iPhone.build/灵眼GX-project-headers.hmap -Xcc -I/Users/cengcheng/Documents/GitHub/vino/docs/1.0.0/qa/evidence/derived-data-unthinned/Build/Products/Debug-iphonesimulator/include -Xcc -I/Users/cengcheng/Documents/GitHub/vino/docs/1.0.0/qa/evidence/derived-data-unthinned/Build/Intermediates.noindex/vino_iPhone.build/Debug-iphonesimulator/vino_iPhone.build/DerivedSources-normal/x86_64 -Xcc -I/Users/cengcheng/Documents/GitHub/vino/docs/1.0.0/qa/evidence/derived-data-unthinned/Build/Intermediates.noindex/vino_iPhone.build/Debug-iphonesimulator/vino_iPhone.build/DerivedSources/x86_64 -Xcc -I/Users/cengcheng/Documents/GitHub/vino/docs/1.0.0/qa/evidence/derived-data-unthinned/Build/Intermediates.noindex/vino_iPhone.build/Debug-iphonesimulator/vino_iPhone.build/DerivedSources -Xcc -DDEBUG\=1 -module-name vino_iPhone -frontend-parseable-output -disable-clang-spi -target-sdk-version 18.2 -target-sdk-name iphonesimulator18.2 -external-plugin-path /Applications/Xcode.app/Contents/Developer/Platforms/iPhoneOS.platform/Developer/usr/lib/swift/host/plugins\#/Applications/Xcode.app/Contents/Developer/Platforms/iPhoneOS.platform/Developer/usr/bin/swift-plugin-server -external-plugin-path /Applications/Xcode.app/Contents/Developer/Platforms/iPhoneOS.platform/Developer/usr/local/lib/swift/host/plugins\#/Applications/Xcode.app/Contents/Developer/Platforms/iPhoneOS.platform/Developer/usr/bin/swift-plugin-server -plugin-path /Applications/Xcode.app/Contents/Developer/Toolchains/XcodeDefault.xctoolchain/usr/lib/swift/host/plugins -plugin-path /Applications/Xcode.app/Contents/Developer/Toolchains/XcodeDefault.xctoolchain/usr/local/lib/swift/host/plugins -o /Users/cengcheng/Documents/GitHub/vino/docs/1.0.0/qa/evidence/derived-data-unthinned/Build/Intermediates.noindex/vino_iPhone.build/Debug-iphonesimulator/vino_iPhone.build/Objects-normal/x86_64/KeychainStore.o -o /Users/cengcheng/Documents/GitHub/vino/docs/1.0.0/qa/evidence/derived-data-unthinned/Build/Intermediates.noindex/vino_iPhone.build/Debug-iphonesimulator/vino_iPhone.build/Objects-normal/x86_64/AuthSessionStore.o -index-unit-output-path /vino_iPhone.build/Debug-iphonesimulator/vino_iPhone.build/Objects-normal/x86_64/KeychainStore.o -index-unit-output-path /vino_iPhone.build/Debug-iphonesimulator/vino_iPhone.build/Objects-normal/x86_64/AuthSessionStore.o -index-store-path /Users/cengcheng/Documents/GitHub/vino/docs/1.0.0/qa/evidence/derived-data-unthinned/Index.noindex/DataStore -index-system-modules

SwiftCompile normal x86_64 /Users/cengcheng/Documents/GitHub/vino/vino_iPhone/Sources/Auth/AuthSessionStore.swift (in target 'vino_iPhone' from project 'vino_iPhone')
    cd /Users/cengcheng/Documents/GitHub/vino/vino_iPhone
    /Applications/Xcode.app/Contents/Developer/Toolchains/XcodeDefault.xctoolchain/usr/bin/swift-frontend -c /Users/cengcheng/Documents/GitHub/vino/vino_iPhone/AppHost/VinoPhoneApp.swift /Users/cengcheng/Documents/GitHub/vino/vino_iPhone/Sources/App/VinoPhoneShellView.swift /Users/cengcheng/Documents/GitHub/vino/vino_iPhone/Sources/Camera/CameraPreviewView.swift /Users/cengcheng/Documents/GitHub/vino/vino_iPhone/Sources/Camera/CameraSessionController.swift /Users/cengcheng/Documents/GitHub/vino/vino_iPhone/Sources/Inference/InferenceRuntime.swift /Users/cengcheng/Documents/GitHub/vino/vino_iPhone/Sources/Models/CoreMLCatalog.swift /Users/cengcheng/Documents/GitHub/vino/vino_iPhone/Sources/Models/InferenceModels.swift /Users/cengcheng/Documents/GitHub/vino/vino_iPhone/Sources/Models/ModelFileStore.swift /Users/cengcheng/Documents/GitHub/vino/vino_iPhone/Sources/Models/VinoAppState.swift /Users/cengcheng/Documents/GitHub/vino/vino_iPhone/Sources/Models/VinoTheme.swift /Users/cengcheng/Documents/GitHub/vino/vino_iPhone/Sources/Networking/ControlPlaneCoordinator.swift /Users/cengcheng/Documents/GitHub/vino/vino_iPhone/Sources/Networking/IPAddressMonitor.swift /Users/cengcheng/Documents/GitHub/vino/vino_iPhone/Sources/Networking/VinoProtocol.swift /Users/cengcheng/Documents/GitHub/vino/vino_iPhone/Sources/Overlay/CameraOverlayView.swift /Users/cengcheng/Documents/GitHub/vino/vino_iPhone/Sources/Overlay/InferenceResultsOverlayView.swift /Users/cengcheng/Documents/GitHub/vino/vino_iPhone/Sources/Auth/AuthModels.swift -primary-file /Users/cengcheng/Documents/GitHub/vino/vino_iPhone/Sources/Auth/KeychainStore.swift -primary-file /Users/cengcheng/Documents/GitHub/vino/vino_iPhone/Sources/Auth/AuthSessionStore.swift /Users/cengcheng/Documents/GitHub/vino/vino_iPhone/Sources/Auth/AuthService.swift /Users/cengcheng/Documents/GitHub/vino/vino_iPhone/Sources/Models/CloudModelCatalog.swift /Users/cengcheng/Documents/GitHub/vino/vino_iPhone/Sources/Models/ModelLicenseVerifier.swift /Users/cengcheng/Documents/GitHub/vino/vino_iPhone/Sources/Networking/AssetUploadService.swift /Users/cengcheng/Documents/GitHub/vino/vino_iPhone/Sources/Networking/CloudControlCoordinator.swift /Users/cengcheng/Documents/GitHub/vino/docs/1.0.0/qa/evidence/derived-data-unthinned/Build/Intermediates.noindex/vino_iPhone.build/Debug-iphonesimulator/vino_iPhone.build/DerivedSources/GeneratedAssetSymbols.swift -emit-dependencies-path /Users/cengcheng/Documents/GitHub/vino/docs/1.0.0/qa/evidence/derived-data-unthinned/Build/Intermediates.noindex/vino_iPhone.build/Debug-iphonesimulator/vino_iPhone.build/Objects-normal/x86_64/KeychainStore.d -emit-const-values-path /Users/cengcheng/Documents/GitHub/vino/docs/1.0.0/qa/evidence/derived-data-unthinned/Build/Intermediates.noindex/vino_iPhone.build/Debug-iphonesimulator/vino_iPhone.build/Objects-normal/x86_64/KeychainStore.swiftconstvalues -emit-reference-dependencies-path /Users/cengcheng/Documents/GitHub/vino/docs/1.0.0/qa/evidence/derived-data-unthinned/Build/Intermediates.noindex/vino_iPhone.build/Debug-iphonesimulator/vino_iPhone.build/Objects-normal/x86_64/KeychainStore.swiftdeps -serialize-diagnostics-path /Users/cengcheng/Documents/GitHub/vino/docs/1.0.0/qa/evidence/derived-data-unthinned/Build/Intermediates.noindex/vino_iPhone.build/Debug-iphonesimulator/vino_iPhone.build/Objects-normal/x86_64/KeychainStore.dia -emit-dependencies-path /Users/cengcheng/Documents/GitHub/vino/docs/1.0.0/qa/evidence/derived-data-unthinned/Build/Intermediates.noindex/vino_iPhone.build/Debug-iphonesimulator/vino_iPhone.build/Objects-normal/x86_64/AuthSessionStore.d -emit-const-values-path /Users/cengcheng/Documents/GitHub/vino/docs/1.0.0/qa/evidence/derived-data-unthinned/Build/Intermediates.noindex/vino_iPhone.build/Debug-iphonesimulator/vino_iPhone.build/Objects-normal/x86_64/AuthSessionStore.swiftconstvalues -emit-reference-dependencies-path /Users/cengcheng/Documents/GitHub/vino/docs/1.0.0/qa/evidence/derived-data-unthinned/Build/Intermediates.noindex/vino_iPhone.build/Debug-iphonesimulator/vino_iPhone.build/Objects-normal/x86_64/AuthSessionStore.swiftdeps -serialize-diagnostics-path /Users/cengcheng/Documents/GitHub/vino/docs/1.0.0/qa/evidence/derived-data-unthinned/Build/Intermediates.noindex/vino_iPhone.build/Debug-iphonesimulator/vino_iPhone.build/Objects-normal/x86_64/AuthSessionStore.dia -emit-localized-strings -emit-localized-strings-path /Users/cengcheng/Documents/GitHub/vino/docs/1.0.0/qa/evidence/derived-data-unthinned/Build/Intermediates.noindex/vino_iPhone.build/Debug-iphonesimulator/vino_iPhone.build/Objects-normal/x86_64 -target x86_64-apple-ios17.6-simulator -enable-objc-interop -sdk /Applications/Xcode.app/Contents/Developer/Platforms/iPhoneSimulator.platform/Developer/SDKs/iPhoneSimulator18.2.sdk -I /Users/cengcheng/Documents/GitHub/vino/docs/1.0.0/qa/evidence/derived-data-unthinned/Build/Products/Debug-iphonesimulator -F /Users/cengcheng/Documents/GitHub/vino/docs/1.0.0/qa/evidence/derived-data-unthinned/Build/Products/Debug-iphonesimulator -no-color-diagnostics -enable-testing -g -debug-info-format\=dwarf -dwarf-version\=4 -module-cache-path /Users/cengcheng/Documents/GitHub/vino/docs/1.0.0/qa/evidence/derived-data-unthinned/ModuleCache.noindex -swift-version 5 -enforce-exclusivity\=checked -Onone -D DEBUG -serialize-debugging-options -const-gather-protocols-file /Users/cengcheng/Documents/GitHub/vino/docs/1.0.0/qa/evidence/derived-data-unthinned/Build/Intermediates.noindex/vino_iPhone.build/Debug-iphonesimulator/vino_iPhone.build/Objects-normal/x86_64/vino_iPhone_const_extract_protocols.json -enable-experimental-feature DebugDescriptionMacro -enable-experimental-feature OpaqueTypeErasure -enable-bare-slash-regex -empty-abi-descriptor -validate-clang-modules-once -clang-build-session-file /Users/cengcheng/Documents/GitHub/vino/docs/1.0.0/qa/evidence/derived-data-unthinned/ModuleCache.noindex/Session.modulevalidation -Xcc -working-directory -Xcc /Users/cengcheng/Documents/GitHub/vino/vino_iPhone -resource-dir /Applications/Xcode.app/Contents/Developer/Toolchains/XcodeDefault.xctoolchain/usr/lib/swift -enable-anonymous-context-mangled-names -file-compilation-dir /Users/cengcheng/Documents/GitHub/vino/vino_iPhone -Xcc -D_LIBCPP_HARDENING_MODE\=_LIBCPP_HARDENING_MODE_DEBUG -Xcc -ivfsstatcache -Xcc /Users/cengcheng/Documents/GitHub/vino/docs/1.0.0/qa/evidence/derived-data-unthinned/SDKStatCaches.noindex/iphonesimulator18.2-22C146-07b28473f605e47e75261259d3ef3b5a.sdkstatcache -Xcc -I/Users/cengcheng/Documents/GitHub/vino/docs/1.0.0/qa/evidence/derived-data-unthinned/Build/Intermediates.noindex/vino_iPhone.build/Debug-iphonesimulator/vino_iPhone.build/swift-overrides.hmap -Xcc -iquote -Xcc /Users/cengcheng/Documents/GitHub/vino/docs/1.0.0/qa/evidence/derived-data-unthinned/Build/Intermediates.noindex/vino_iPhone.build/Debug-iphonesimulator/vino_iPhone.build/灵眼GX-generated-files.hmap -Xcc -I/Users/cengcheng/Documents/GitHub/vino/docs/1.0.0/qa/evidence/derived-data-unthinned/Build/Intermediates.noindex/vino_iPhone.build/Debug-iphonesimulator/vino_iPhone.build/灵眼GX-own-target-headers.hmap -Xcc -I/Users/cengcheng/Documents/GitHub/vino/docs/1.0.0/qa/evidence/derived-data-unthinned/Build/Intermediates.noindex/vino_iPhone.build/Debug-iphonesimulator/vino_iPhone.build/灵眼GX-all-target-headers.hmap -Xcc -iquote -Xcc /Users/cengcheng/Documents/GitHub/vino/docs/1.0.0/qa/evidence/derived-data-unthinned/Build/Intermediates.noindex/vino_iPhone.build/Debug-iphonesimulator/vino_iPhone.build/灵眼GX-project-headers.hmap -Xcc -I/Users/cengcheng/Documents/GitHub/vino/docs/1.0.0/qa/evidence/derived-data-unthinned/Build/Products/Debug-iphonesimulator/include -Xcc -I/Users/cengcheng/Documents/GitHub/vino/docs/1.0.0/qa/evidence/derived-data-unthinned/Build/Intermediates.noindex/vino_iPhone.build/Debug-iphonesimulator/vino_iPhone.build/DerivedSources-normal/x86_64 -Xcc -I/Users/cengcheng/Documents/GitHub/vino/docs/1.0.0/qa/evidence/derived-data-unthinned/Build/Intermediates.noindex/vino_iPhone.build/Debug-iphonesimulator/vino_iPhone.build/DerivedSources/x86_64 -Xcc -I/Users/cengcheng/Documents/GitHub/vino/docs/1.0.0/qa/evidence/derived-data-unthinned/Build/Intermediates.noindex/vino_iPhone.build/Debug-iphonesimulator/vino_iPhone.build/DerivedSources -Xcc -DDEBUG\=1 -module-name vino_iPhone -frontend-parseable-output -disable-clang-spi -target-sdk-version 18.2 -target-sdk-name iphonesimulator18.2 -external-plugin-path /Applications/Xcode.app/Contents/Developer/Platforms/iPhoneOS.platform/Developer/usr/lib/swift/host/plugins\#/Applications/Xcode.app/Contents/Developer/Platforms/iPhoneOS.platform/Developer/usr/bin/swift-plugin-server -external-plugin-path /Applications/Xcode.app/Contents/Developer/Platforms/iPhoneOS.platform/Developer/usr/local/lib/swift/host/plugins\#/Applications/Xcode.app/Contents/Developer/Platforms/iPhoneOS.platform/Developer/usr/bin/swift-plugin-server -plugin-path /Applications/Xcode.app/Contents/Developer/Toolchains/XcodeDefault.xctoolchain/usr/lib/swift/host/plugins -plugin-path /Applications/Xcode.app/Contents/Developer/Toolchains/XcodeDefault.xctoolchain/usr/local/lib/swift/host/plugins -o /Users/cengcheng/Documents/GitHub/vino/docs/1.0.0/qa/evidence/derived-data-unthinned/Build/Intermediates.noindex/vino_iPhone.build/Debug-iphonesimulator/vino_iPhone.build/Objects-normal/x86_64/KeychainStore.o -o /Users/cengcheng/Documents/GitHub/vino/docs/1.0.0/qa/evidence/derived-data-unthinned/Build/Intermediates.noindex/vino_iPhone.build/Debug-iphonesimulator/vino_iPhone.build/Objects-normal/x86_64/AuthSessionStore.o -index-unit-output-path /vino_iPhone.build/Debug-iphonesimulator/vino_iPhone.build/Objects-normal/x86_64/KeychainStore.o -index-unit-output-path /vino_iPhone.build/Debug-iphonesimulator/vino_iPhone.build/Objects-normal/x86_64/AuthSessionStore.o -index-store-path /Users/cengcheng/Documents/GitHub/vino/docs/1.0.0/qa/evidence/derived-data-unthinned/Index.noindex/DataStore -index-system-modules

SwiftDriverJobDiscovery normal x86_64 Compiling KeychainStore.swift, AuthSessionStore.swift (in target 'vino_iPhone' from project 'vino_iPhone')

SwiftCompile normal x86_64 Compiling\ CloudControlCoordinator.swift,\ GeneratedAssetSymbols.swift /Users/cengcheng/Documents/GitHub/vino/vino_iPhone/Sources/Networking/CloudControlCoordinator.swift /Users/cengcheng/Documents/GitHub/vino/docs/1.0.0/qa/evidence/derived-data-unthinned/Build/Intermediates.noindex/vino_iPhone.build/Debug-iphonesimulator/vino_iPhone.build/DerivedSources/GeneratedAssetSymbols.swift (in target 'vino_iPhone' from project 'vino_iPhone')
    cd /Users/cengcheng/Documents/GitHub/vino/vino_iPhone
    builtin-swiftTaskExecution -- /Applications/Xcode.app/Contents/Developer/Toolchains/XcodeDefault.xctoolchain/usr/bin/swift-frontend -frontend -c /Users/cengcheng/Documents/GitHub/vino/vino_iPhone/AppHost/VinoPhoneApp.swift /Users/cengcheng/Documents/GitHub/vino/vino_iPhone/Sources/App/VinoPhoneShellView.swift /Users/cengcheng/Documents/GitHub/vino/vino_iPhone/Sources/Camera/CameraPreviewView.swift /Users/cengcheng/Documents/GitHub/vino/vino_iPhone/Sources/Camera/CameraSessionController.swift /Users/cengcheng/Documents/GitHub/vino/vino_iPhone/Sources/Inference/InferenceRuntime.swift /Users/cengcheng/Documents/GitHub/vino/vino_iPhone/Sources/Models/CoreMLCatalog.swift /Users/cengcheng/Documents/GitHub/vino/vino_iPhone/Sources/Models/InferenceModels.swift /Users/cengcheng/Documents/GitHub/vino/vino_iPhone/Sources/Models/ModelFileStore.swift /Users/cengcheng/Documents/GitHub/vino/vino_iPhone/Sources/Models/VinoAppState.swift /Users/cengcheng/Documents/GitHub/vino/vino_iPhone/Sources/Models/VinoTheme.swift /Users/cengcheng/Documents/GitHub/vino/vino_iPhone/Sources/Networking/ControlPlaneCoordinator.swift /Users/cengcheng/Documents/GitHub/vino/vino_iPhone/Sources/Networking/IPAddressMonitor.swift /Users/cengcheng/Documents/GitHub/vino/vino_iPhone/Sources/Networking/VinoProtocol.swift /Users/cengcheng/Documents/GitHub/vino/vino_iPhone/Sources/Overlay/CameraOverlayView.swift /Users/cengcheng/Documents/GitHub/vino/vino_iPhone/Sources/Overlay/InferenceResultsOverlayView.swift /Users/cengcheng/Documents/GitHub/vino/vino_iPhone/Sources/Auth/AuthModels.swift /Users/cengcheng/Documents/GitHub/vino/vino_iPhone/Sources/Auth/KeychainStore.swift /Users/cengcheng/Documents/GitHub/vino/vino_iPhone/Sources/Auth/AuthSessionStore.swift /Users/cengcheng/Documents/GitHub/vino/vino_iPhone/Sources/Auth/AuthService.swift /Users/cengcheng/Documents/GitHub/vino/vino_iPhone/Sources/Models/CloudModelCatalog.swift /Users/cengcheng/Documents/GitHub/vino/vino_iPhone/Sources/Models/ModelLicenseVerifier.swift /Users/cengcheng/Documents/GitHub/vino/vino_iPhone/Sources/Networking/AssetUploadService.swift -primary-file /Users/cengcheng/Documents/GitHub/vino/vino_iPhone/Sources/Networking/CloudControlCoordinator.swift -primary-file /Users/cengcheng/Documents/GitHub/vino/docs/1.0.0/qa/evidence/derived-data-unthinned/Build/Intermediates.noindex/vino_iPhone.build/Debug-iphonesimulator/vino_iPhone.build/DerivedSources/GeneratedAssetSymbols.swift -emit-dependencies-path /Users/cengcheng/Documents/GitHub/vino/docs/1.0.0/qa/evidence/derived-data-unthinned/Build/Intermediates.noindex/vino_iPhone.build/Debug-iphonesimulator/vino_iPhone.build/Objects-normal/x86_64/CloudControlCoordinator.d -emit-const-values-path /Users/cengcheng/Documents/GitHub/vino/docs/1.0.0/qa/evidence/derived-data-unthinned/Build/Intermediates.noindex/vino_iPhone.build/Debug-iphonesimulator/vino_iPhone.build/Objects-normal/x86_64/CloudControlCoordinator.swiftconstvalues -emit-reference-dependencies-path /Users/cengcheng/Documents/GitHub/vino/docs/1.0.0/qa/evidence/derived-data-unthinned/Build/Intermediates.noindex/vino_iPhone.build/Debug-iphonesimulator/vino_iPhone.build/Objects-normal/x86_64/CloudControlCoordinator.swiftdeps -serialize-diagnostics-path /Users/cengcheng/Documents/GitHub/vino/docs/1.0.0/qa/evidence/derived-data-unthinned/Build/Intermediates.noindex/vino_iPhone.build/Debug-iphonesimulator/vino_iPhone.build/Objects-normal/x86_64/CloudControlCoordinator.dia -emit-dependencies-path /Users/cengcheng/Documents/GitHub/vino/docs/1.0.0/qa/evidence/derived-data-unthinned/Build/Intermediates.noindex/vino_iPhone.build/Debug-iphonesimulator/vino_iPhone.build/Objects-normal/x86_64/GeneratedAssetSymbols.d -emit-const-values-path /Users/cengcheng/Documents/GitHub/vino/docs/1.0.0/qa/evidence/derived-data-unthinned/Build/Intermediates.noindex/vino_iPhone.build/Debug-iphonesimulator/vino_iPhone.build/Objects-normal/x86_64/GeneratedAssetSymbols.swiftconstvalues -emit-reference-dependencies-path /Users/cengcheng/Documents/GitHub/vino/docs/1.0.0/qa/evidence/derived-data-unthinned/Build/Intermediates.noindex/vino_iPhone.build/Debug-iphonesimulator/vino_iPhone.build/Objects-normal/x86_64/GeneratedAssetSymbols.swiftdeps -serialize-diagnostics-path /Users/cengcheng/Documents/GitHub/vino/docs/1.0.0/qa/evidence/derived-data-unthinned/Build/Intermediates.noindex/vino_iPhone.build/Debug-iphonesimulator/vino_iPhone.build/Objects-normal/x86_64/GeneratedAssetSymbols.dia -emit-localized-strings -emit-localized-strings-path /Users/cengcheng/Documents/GitHub/vino/docs/1.0.0/qa/evidence/derived-data-unthinned/Build/Intermediates.noindex/vino_iPhone.build/Debug-iphonesimulator/vino_iPhone.build/Objects-normal/x86_64 -target x86_64-apple-ios17.6-simulator -enable-objc-interop -sdk /Applications/Xcode.app/Contents/Developer/Platforms/iPhoneSimulator.platform/Developer/SDKs/iPhoneSimulator18.2.sdk -I /Users/cengcheng/Documents/GitHub/vino/docs/1.0.0/qa/evidence/derived-data-unthinned/Build/Products/Debug-iphonesimulator -F /Users/cengcheng/Documents/GitHub/vino/docs/1.0.0/qa/evidence/derived-data-unthinned/Build/Products/Debug-iphonesimulator -no-color-diagnostics -enable-testing -g -debug-info-format\=dwarf -dwarf-version\=4 -module-cache-path /Users/cengcheng/Documents/GitHub/vino/docs/1.0.0/qa/evidence/derived-data-unthinned/ModuleCache.noindex -swift-version 5 -enforce-exclusivity\=checked -Onone -D DEBUG -serialize-debugging-options -const-gather-protocols-file /Users/cengcheng/Documents/GitHub/vino/docs/1.0.0/qa/evidence/derived-data-unthinned/Build/Intermediates.noindex/vino_iPhone.build/Debug-iphonesimulator/vino_iPhone.build/Objects-normal/x86_64/vino_iPhone_const_extract_protocols.json -enable-experimental-feature DebugDescriptionMacro -enable-experimental-feature OpaqueTypeErasure -enable-bare-slash-regex -empty-abi-descriptor -validate-clang-modules-once -clang-build-session-file /Users/cengcheng/Documents/GitHub/vino/docs/1.0.0/qa/evidence/derived-data-unthinned/ModuleCache.noindex/Session.modulevalidation -Xcc -working-directory -Xcc /Users/cengcheng/Documents/GitHub/vino/vino_iPhone -resource-dir /Applications/Xcode.app/Contents/Developer/Toolchains/XcodeDefault.xctoolchain/usr/lib/swift -enable-anonymous-context-mangled-names -file-compilation-dir /Users/cengcheng/Documents/GitHub/vino/vino_iPhone -Xcc -D_LIBCPP_HARDENING_MODE\=_LIBCPP_HARDENING_MODE_DEBUG -Xcc -ivfsstatcache -Xcc /Users/cengcheng/Documents/GitHub/vino/docs/1.0.0/qa/evidence/derived-data-unthinned/SDKStatCaches.noindex/iphonesimulator18.2-22C146-07b28473f605e47e75261259d3ef3b5a.sdkstatcache -Xcc -I/Users/cengcheng/Documents/GitHub/vino/docs/1.0.0/qa/evidence/derived-data-unthinned/Build/Intermediates.noindex/vino_iPhone.build/Debug-iphonesimulator/vino_iPhone.build/swift-overrides.hmap -Xcc -iquote -Xcc /Users/cengcheng/Documents/GitHub/vino/docs/1.0.0/qa/evidence/derived-data-unthinned/Build/Intermediates.noindex/vino_iPhone.build/Debug-iphonesimulator/vino_iPhone.build/灵眼GX-generated-files.hmap -Xcc -I/Users/cengcheng/Documents/GitHub/vino/docs/1.0.0/qa/evidence/derived-data-unthinned/Build/Intermediates.noindex/vino_iPhone.build/Debug-iphonesimulator/vino_iPhone.build/灵眼GX-own-target-headers.hmap -Xcc -I/Users/cengcheng/Documents/GitHub/vino/docs/1.0.0/qa/evidence/derived-data-unthinned/Build/Intermediates.noindex/vino_iPhone.build/Debug-iphonesimulator/vino_iPhone.build/灵眼GX-all-target-headers.hmap -Xcc -iquote -Xcc /Users/cengcheng/Documents/GitHub/vino/docs/1.0.0/qa/evidence/derived-data-unthinned/Build/Intermediates.noindex/vino_iPhone.build/Debug-iphonesimulator/vino_iPhone.build/灵眼GX-project-headers.hmap -Xcc -I/Users/cengcheng/Documents/GitHub/vino/docs/1.0.0/qa/evidence/derived-data-unthinned/Build/Products/Debug-iphonesimulator/include -Xcc -I/Users/cengcheng/Documents/GitHub/vino/docs/1.0.0/qa/evidence/derived-data-unthinned/Build/Intermediates.noindex/vino_iPhone.build/Debug-iphonesimulator/vino_iPhone.build/DerivedSources-normal/x86_64 -Xcc -I/Users/cengcheng/Documents/GitHub/vino/docs/1.0.0/qa/evidence/derived-data-unthinned/Build/Intermediates.noindex/vino_iPhone.build/Debug-iphonesimulator/vino_iPhone.build/DerivedSources/x86_64 -Xcc -I/Users/cengcheng/Documents/GitHub/vino/docs/1.0.0/qa/evidence/derived-data-unthinned/Build/Intermediates.noindex/vino_iPhone.build/Debug-iphonesimulator/vino_iPhone.build/DerivedSources -Xcc -DDEBUG\=1 -module-name vino_iPhone -frontend-parseable-output -disable-clang-spi -target-sdk-version 18.2 -target-sdk-name iphonesimulator18.2 -external-plugin-path /Applications/Xcode.app/Contents/Developer/Platforms/iPhoneOS.platform/Developer/usr/lib/swift/host/plugins\#/Applications/Xcode.app/Contents/Developer/Platforms/iPhoneOS.platform/Developer/usr/bin/swift-plugin-server -external-plugin-path /Applications/Xcode.app/Contents/Developer/Platforms/iPhoneOS.platform/Developer/usr/local/lib/swift/host/plugins\#/Applications/Xcode.app/Contents/Developer/Platforms/iPhoneOS.platform/Developer/usr/bin/swift-plugin-server -plugin-path /Applications/Xcode.app/Contents/Developer/Toolchains/XcodeDefault.xctoolchain/usr/lib/swift/host/plugins -plugin-path /Applications/Xcode.app/Contents/Developer/Toolchains/XcodeDefault.xctoolchain/usr/local/lib/swift/host/plugins -o /Users/cengcheng/Documents/GitHub/vino/docs/1.0.0/qa/evidence/derived-data-unthinned/Build/Intermediates.noindex/vino_iPhone.build/Debug-iphonesimulator/vino_iPhone.build/Objects-normal/x86_64/CloudControlCoordinator.o -o /Users/cengcheng/Documents/GitHub/vino/docs/1.0.0/qa/evidence/derived-data-unthinned/Build/Intermediates.noindex/vino_iPhone.build/Debug-iphonesimulator/vino_iPhone.build/Objects-normal/x86_64/GeneratedAssetSymbols.o -index-unit-output-path /vino_iPhone.build/Debug-iphonesimulator/vino_iPhone.build/Objects-normal/x86_64/CloudControlCoordinator.o -index-unit-output-path /vino_iPhone.build/Debug-iphonesimulator/vino_iPhone.build/Objects-normal/x86_64/GeneratedAssetSymbols.o -index-store-path /Users/cengcheng/Documents/GitHub/vino/docs/1.0.0/qa/evidence/derived-data-unthinned/Index.noindex/DataStore -index-system-modules

SwiftCompile normal x86_64 /Users/cengcheng/Documents/GitHub/vino/vino_iPhone/Sources/Networking/CloudControlCoordinator.swift (in target 'vino_iPhone' from project 'vino_iPhone')
    cd /Users/cengcheng/Documents/GitHub/vino/vino_iPhone
    /Applications/Xcode.app/Contents/Developer/Toolchains/XcodeDefault.xctoolchain/usr/bin/swift-frontend -c /Users/cengcheng/Documents/GitHub/vino/vino_iPhone/AppHost/VinoPhoneApp.swift /Users/cengcheng/Documents/GitHub/vino/vino_iPhone/Sources/App/VinoPhoneShellView.swift /Users/cengcheng/Documents/GitHub/vino/vino_iPhone/Sources/Camera/CameraPreviewView.swift /Users/cengcheng/Documents/GitHub/vino/vino_iPhone/Sources/Camera/CameraSessionController.swift /Users/cengcheng/Documents/GitHub/vino/vino_iPhone/Sources/Inference/InferenceRuntime.swift /Users/cengcheng/Documents/GitHub/vino/vino_iPhone/Sources/Models/CoreMLCatalog.swift /Users/cengcheng/Documents/GitHub/vino/vino_iPhone/Sources/Models/InferenceModels.swift /Users/cengcheng/Documents/GitHub/vino/vino_iPhone/Sources/Models/ModelFileStore.swift /Users/cengcheng/Documents/GitHub/vino/vino_iPhone/Sources/Models/VinoAppState.swift /Users/cengcheng/Documents/GitHub/vino/vino_iPhone/Sources/Models/VinoTheme.swift /Users/cengcheng/Documents/GitHub/vino/vino_iPhone/Sources/Networking/ControlPlaneCoordinator.swift /Users/cengcheng/Documents/GitHub/vino/vino_iPhone/Sources/Networking/IPAddressMonitor.swift /Users/cengcheng/Documents/GitHub/vino/vino_iPhone/Sources/Networking/VinoProtocol.swift /Users/cengcheng/Documents/GitHub/vino/vino_iPhone/Sources/Overlay/CameraOverlayView.swift /Users/cengcheng/Documents/GitHub/vino/vino_iPhone/Sources/Overlay/InferenceResultsOverlayView.swift /Users/cengcheng/Documents/GitHub/vino/vino_iPhone/Sources/Auth/AuthModels.swift /Users/cengcheng/Documents/GitHub/vino/vino_iPhone/Sources/Auth/KeychainStore.swift /Users/cengcheng/Documents/GitHub/vino/vino_iPhone/Sources/Auth/AuthSessionStore.swift /Users/cengcheng/Documents/GitHub/vino/vino_iPhone/Sources/Auth/AuthService.swift /Users/cengcheng/Documents/GitHub/vino/vino_iPhone/Sources/Models/CloudModelCatalog.swift /Users/cengcheng/Documents/GitHub/vino/vino_iPhone/Sources/Models/ModelLicenseVerifier.swift /Users/cengcheng/Documents/GitHub/vino/vino_iPhone/Sources/Networking/AssetUploadService.swift -primary-file /Users/cengcheng/Documents/GitHub/vino/vino_iPhone/Sources/Networking/CloudControlCoordinator.swift -primary-file /Users/cengcheng/Documents/GitHub/vino/docs/1.0.0/qa/evidence/derived-data-unthinned/Build/Intermediates.noindex/vino_iPhone.build/Debug-iphonesimulator/vino_iPhone.build/DerivedSources/GeneratedAssetSymbols.swift -emit-dependencies-path /Users/cengcheng/Documents/GitHub/vino/docs/1.0.0/qa/evidence/derived-data-unthinned/Build/Intermediates.noindex/vino_iPhone.build/Debug-iphonesimulator/vino_iPhone.build/Objects-normal/x86_64/CloudControlCoordinator.d -emit-const-values-path /Users/cengcheng/Documents/GitHub/vino/docs/1.0.0/qa/evidence/derived-data-unthinned/Build/Intermediates.noindex/vino_iPhone.build/Debug-iphonesimulator/vino_iPhone.build/Objects-normal/x86_64/CloudControlCoordinator.swiftconstvalues -emit-reference-dependencies-path /Users/cengcheng/Documents/GitHub/vino/docs/1.0.0/qa/evidence/derived-data-unthinned/Build/Intermediates.noindex/vino_iPhone.build/Debug-iphonesimulator/vino_iPhone.build/Objects-normal/x86_64/CloudControlCoordinator.swiftdeps -serialize-diagnostics-path /Users/cengcheng/Documents/GitHub/vino/docs/1.0.0/qa/evidence/derived-data-unthinned/Build/Intermediates.noindex/vino_iPhone.build/Debug-iphonesimulator/vino_iPhone.build/Objects-normal/x86_64/CloudControlCoordinator.dia -emit-dependencies-path /Users/cengcheng/Documents/GitHub/vino/docs/1.0.0/qa/evidence/derived-data-unthinned/Build/Intermediates.noindex/vino_iPhone.build/Debug-iphonesimulator/vino_iPhone.build/Objects-normal/x86_64/GeneratedAssetSymbols.d -emit-const-values-path /Users/cengcheng/Documents/GitHub/vino/docs/1.0.0/qa/evidence/derived-data-unthinned/Build/Intermediates.noindex/vino_iPhone.build/Debug-iphonesimulator/vino_iPhone.build/Objects-normal/x86_64/GeneratedAssetSymbols.swiftconstvalues -emit-reference-dependencies-path /Users/cengcheng/Documents/GitHub/vino/docs/1.0.0/qa/evidence/derived-data-unthinned/Build/Intermediates.noindex/vino_iPhone.build/Debug-iphonesimulator/vino_iPhone.build/Objects-normal/x86_64/GeneratedAssetSymbols.swiftdeps -serialize-diagnostics-path /Users/cengcheng/Documents/GitHub/vino/docs/1.0.0/qa/evidence/derived-data-unthinned/Build/Intermediates.noindex/vino_iPhone.build/Debug-iphonesimulator/vino_iPhone.build/Objects-normal/x86_64/GeneratedAssetSymbols.dia -emit-localized-strings -emit-localized-strings-path /Users/cengcheng/Documents/GitHub/vino/docs/1.0.0/qa/evidence/derived-data-unthinned/Build/Intermediates.noindex/vino_iPhone.build/Debug-iphonesimulator/vino_iPhone.build/Objects-normal/x86_64 -target x86_64-apple-ios17.6-simulator -enable-objc-interop -sdk /Applications/Xcode.app/Contents/Developer/Platforms/iPhoneSimulator.platform/Developer/SDKs/iPhoneSimulator18.2.sdk -I /Users/cengcheng/Documents/GitHub/vino/docs/1.0.0/qa/evidence/derived-data-unthinned/Build/Products/Debug-iphonesimulator -F /Users/cengcheng/Documents/GitHub/vino/docs/1.0.0/qa/evidence/derived-data-unthinned/Build/Products/Debug-iphonesimulator -no-color-diagnostics -enable-testing -g -debug-info-format\=dwarf -dwarf-version\=4 -module-cache-path /Users/cengcheng/Documents/GitHub/vino/docs/1.0.0/qa/evidence/derived-data-unthinned/ModuleCache.noindex -swift-version 5 -enforce-exclusivity\=checked -Onone -D DEBUG -serialize-debugging-options -const-gather-protocols-file /Users/cengcheng/Documents/GitHub/vino/docs/1.0.0/qa/evidence/derived-data-unthinned/Build/Intermediates.noindex/vino_iPhone.build/Debug-iphonesimulator/vino_iPhone.build/Objects-normal/x86_64/vino_iPhone_const_extract_protocols.json -enable-experimental-feature DebugDescriptionMacro -enable-experimental-feature OpaqueTypeErasure -enable-bare-slash-regex -empty-abi-descriptor -validate-clang-modules-once -clang-build-session-file /Users/cengcheng/Documents/GitHub/vino/docs/1.0.0/qa/evidence/derived-data-unthinned/ModuleCache.noindex/Session.modulevalidation -Xcc -working-directory -Xcc /Users/cengcheng/Documents/GitHub/vino/vino_iPhone -resource-dir /Applications/Xcode.app/Contents/Developer/Toolchains/XcodeDefault.xctoolchain/usr/lib/swift -enable-anonymous-context-mangled-names -file-compilation-dir /Users/cengcheng/Documents/GitHub/vino/vino_iPhone -Xcc -D_LIBCPP_HARDENING_MODE\=_LIBCPP_HARDENING_MODE_DEBUG -Xcc -ivfsstatcache -Xcc /Users/cengcheng/Documents/GitHub/vino/docs/1.0.0/qa/evidence/derived-data-unthinned/SDKStatCaches.noindex/iphonesimulator18.2-22C146-07b28473f605e47e75261259d3ef3b5a.sdkstatcache -Xcc -I/Users/cengcheng/Documents/GitHub/vino/docs/1.0.0/qa/evidence/derived-data-unthinned/Build/Intermediates.noindex/vino_iPhone.build/Debug-iphonesimulator/vino_iPhone.build/swift-overrides.hmap -Xcc -iquote -Xcc /Users/cengcheng/Documents/GitHub/vino/docs/1.0.0/qa/evidence/derived-data-unthinned/Build/Intermediates.noindex/vino_iPhone.build/Debug-iphonesimulator/vino_iPhone.build/灵眼GX-generated-files.hmap -Xcc -I/Users/cengcheng/Documents/GitHub/vino/docs/1.0.0/qa/evidence/derived-data-unthinned/Build/Intermediates.noindex/vino_iPhone.build/Debug-iphonesimulator/vino_iPhone.build/灵眼GX-own-target-headers.hmap -Xcc -I/Users/cengcheng/Documents/GitHub/vino/docs/1.0.0/qa/evidence/derived-data-unthinned/Build/Intermediates.noindex/vino_iPhone.build/Debug-iphonesimulator/vino_iPhone.build/灵眼GX-all-target-headers.hmap -Xcc -iquote -Xcc /Users/cengcheng/Documents/GitHub/vino/docs/1.0.0/qa/evidence/derived-data-unthinned/Build/Intermediates.noindex/vino_iPhone.build/Debug-iphonesimulator/vino_iPhone.build/灵眼GX-project-headers.hmap -Xcc -I/Users/cengcheng/Documents/GitHub/vino/docs/1.0.0/qa/evidence/derived-data-unthinned/Build/Products/Debug-iphonesimulator/include -Xcc -I/Users/cengcheng/Documents/GitHub/vino/docs/1.0.0/qa/evidence/derived-data-unthinned/Build/Intermediates.noindex/vino_iPhone.build/Debug-iphonesimulator/vino_iPhone.build/DerivedSources-normal/x86_64 -Xcc -I/Users/cengcheng/Documents/GitHub/vino/docs/1.0.0/qa/evidence/derived-data-unthinned/Build/Intermediates.noindex/vino_iPhone.build/Debug-iphonesimulator/vino_iPhone.build/DerivedSources/x86_64 -Xcc -I/Users/cengcheng/Documents/GitHub/vino/docs/1.0.0/qa/evidence/derived-data-unthinned/Build/Intermediates.noindex/vino_iPhone.build/Debug-iphonesimulator/vino_iPhone.build/DerivedSources -Xcc -DDEBUG\=1 -module-name vino_iPhone -frontend-parseable-output -disable-clang-spi -target-sdk-version 18.2 -target-sdk-name iphonesimulator18.2 -external-plugin-path /Applications/Xcode.app/Contents/Developer/Platforms/iPhoneOS.platform/Developer/usr/lib/swift/host/plugins\#/Applications/Xcode.app/Contents/Developer/Platforms/iPhoneOS.platform/Developer/usr/bin/swift-plugin-server -external-plugin-path /Applications/Xcode.app/Contents/Developer/Platforms/iPhoneOS.platform/Developer/usr/local/lib/swift/host/plugins\#/Applications/Xcode.app/Contents/Developer/Platforms/iPhoneOS.platform/Developer/usr/bin/swift-plugin-server -plugin-path /Applications/Xcode.app/Contents/Developer/Toolchains/XcodeDefault.xctoolchain/usr/lib/swift/host/plugins -plugin-path /Applications/Xcode.app/Contents/Developer/Toolchains/XcodeDefault.xctoolchain/usr/local/lib/swift/host/plugins -o /Users/cengcheng/Documents/GitHub/vino/docs/1.0.0/qa/evidence/derived-data-unthinned/Build/Intermediates.noindex/vino_iPhone.build/Debug-iphonesimulator/vino_iPhone.build/Objects-normal/x86_64/CloudControlCoordinator.o -o /Users/cengcheng/Documents/GitHub/vino/docs/1.0.0/qa/evidence/derived-data-unthinned/Build/Intermediates.noindex/vino_iPhone.build/Debug-iphonesimulator/vino_iPhone.build/Objects-normal/x86_64/GeneratedAssetSymbols.o -index-unit-output-path /vino_iPhone.build/Debug-iphonesimulator/vino_iPhone.build/Objects-normal/x86_64/CloudControlCoordinator.o -index-unit-output-path /vino_iPhone.build/Debug-iphonesimulator/vino_iPhone.build/Objects-normal/x86_64/GeneratedAssetSymbols.o -index-store-path /Users/cengcheng/Documents/GitHub/vino/docs/1.0.0/qa/evidence/derived-data-unthinned/Index.noindex/DataStore -index-system-modules

SwiftCompile normal x86_64 /Users/cengcheng/Documents/GitHub/vino/docs/1.0.0/qa/evidence/derived-data-unthinned/Build/Intermediates.noindex/vino_iPhone.build/Debug-iphonesimulator/vino_iPhone.build/DerivedSources/GeneratedAssetSymbols.swift (in target 'vino_iPhone' from project 'vino_iPhone')
    cd /Users/cengcheng/Documents/GitHub/vino/vino_iPhone
    /Applications/Xcode.app/Contents/Developer/Toolchains/XcodeDefault.xctoolchain/usr/bin/swift-frontend -c /Users/cengcheng/Documents/GitHub/vino/vino_iPhone/AppHost/VinoPhoneApp.swift /Users/cengcheng/Documents/GitHub/vino/vino_iPhone/Sources/App/VinoPhoneShellView.swift /Users/cengcheng/Documents/GitHub/vino/vino_iPhone/Sources/Camera/CameraPreviewView.swift /Users/cengcheng/Documents/GitHub/vino/vino_iPhone/Sources/Camera/CameraSessionController.swift /Users/cengcheng/Documents/GitHub/vino/vino_iPhone/Sources/Inference/InferenceRuntime.swift /Users/cengcheng/Documents/GitHub/vino/vino_iPhone/Sources/Models/CoreMLCatalog.swift /Users/cengcheng/Documents/GitHub/vino/vino_iPhone/Sources/Models/InferenceModels.swift /Users/cengcheng/Documents/GitHub/vino/vino_iPhone/Sources/Models/ModelFileStore.swift /Users/cengcheng/Documents/GitHub/vino/vino_iPhone/Sources/Models/VinoAppState.swift /Users/cengcheng/Documents/GitHub/vino/vino_iPhone/Sources/Models/VinoTheme.swift /Users/cengcheng/Documents/GitHub/vino/vino_iPhone/Sources/Networking/ControlPlaneCoordinator.swift /Users/cengcheng/Documents/GitHub/vino/vino_iPhone/Sources/Networking/IPAddressMonitor.swift /Users/cengcheng/Documents/GitHub/vino/vino_iPhone/Sources/Networking/VinoProtocol.swift /Users/cengcheng/Documents/GitHub/vino/vino_iPhone/Sources/Overlay/CameraOverlayView.swift /Users/cengcheng/Documents/GitHub/vino/vino_iPhone/Sources/Overlay/InferenceResultsOverlayView.swift /Users/cengcheng/Documents/GitHub/vino/vino_iPhone/Sources/Auth/AuthModels.swift /Users/cengcheng/Documents/GitHub/vino/vino_iPhone/Sources/Auth/KeychainStore.swift /Users/cengcheng/Documents/GitHub/vino/vino_iPhone/Sources/Auth/AuthSessionStore.swift /Users/cengcheng/Documents/GitHub/vino/vino_iPhone/Sources/Auth/AuthService.swift /Users/cengcheng/Documents/GitHub/vino/vino_iPhone/Sources/Models/CloudModelCatalog.swift /Users/cengcheng/Documents/GitHub/vino/vino_iPhone/Sources/Models/ModelLicenseVerifier.swift /Users/cengcheng/Documents/GitHub/vino/vino_iPhone/Sources/Networking/AssetUploadService.swift -primary-file /Users/cengcheng/Documents/GitHub/vino/vino_iPhone/Sources/Networking/CloudControlCoordinator.swift -primary-file /Users/cengcheng/Documents/GitHub/vino/docs/1.0.0/qa/evidence/derived-data-unthinned/Build/Intermediates.noindex/vino_iPhone.build/Debug-iphonesimulator/vino_iPhone.build/DerivedSources/GeneratedAssetSymbols.swift -emit-dependencies-path /Users/cengcheng/Documents/GitHub/vino/docs/1.0.0/qa/evidence/derived-data-unthinned/Build/Intermediates.noindex/vino_iPhone.build/Debug-iphonesimulator/vino_iPhone.build/Objects-normal/x86_64/CloudControlCoordinator.d -emit-const-values-path /Users/cengcheng/Documents/GitHub/vino/docs/1.0.0/qa/evidence/derived-data-unthinned/Build/Intermediates.noindex/vino_iPhone.build/Debug-iphonesimulator/vino_iPhone.build/Objects-normal/x86_64/CloudControlCoordinator.swiftconstvalues -emit-reference-dependencies-path /Users/cengcheng/Documents/GitHub/vino/docs/1.0.0/qa/evidence/derived-data-unthinned/Build/Intermediates.noindex/vino_iPhone.build/Debug-iphonesimulator/vino_iPhone.build/Objects-normal/x86_64/CloudControlCoordinator.swiftdeps -serialize-diagnostics-path /Users/cengcheng/Documents/GitHub/vino/docs/1.0.0/qa/evidence/derived-data-unthinned/Build/Intermediates.noindex/vino_iPhone.build/Debug-iphonesimulator/vino_iPhone.build/Objects-normal/x86_64/CloudControlCoordinator.dia -emit-dependencies-path /Users/cengcheng/Documents/GitHub/vino/docs/1.0.0/qa/evidence/derived-data-unthinned/Build/Intermediates.noindex/vino_iPhone.build/Debug-iphonesimulator/vino_iPhone.build/Objects-normal/x86_64/GeneratedAssetSymbols.d -emit-const-values-path /Users/cengcheng/Documents/GitHub/vino/docs/1.0.0/qa/evidence/derived-data-unthinned/Build/Intermediates.noindex/vino_iPhone.build/Debug-iphonesimulator/vino_iPhone.build/Objects-normal/x86_64/GeneratedAssetSymbols.swiftconstvalues -emit-reference-dependencies-path /Users/cengcheng/Documents/GitHub/vino/docs/1.0.0/qa/evidence/derived-data-unthinned/Build/Intermediates.noindex/vino_iPhone.build/Debug-iphonesimulator/vino_iPhone.build/Objects-normal/x86_64/GeneratedAssetSymbols.swiftdeps -serialize-diagnostics-path /Users/cengcheng/Documents/GitHub/vino/docs/1.0.0/qa/evidence/derived-data-unthinned/Build/Intermediates.noindex/vino_iPhone.build/Debug-iphonesimulator/vino_iPhone.build/Objects-normal/x86_64/GeneratedAssetSymbols.dia -emit-localized-strings -emit-localized-strings-path /Users/cengcheng/Documents/GitHub/vino/docs/1.0.0/qa/evidence/derived-data-unthinned/Build/Intermediates.noindex/vino_iPhone.build/Debug-iphonesimulator/vino_iPhone.build/Objects-normal/x86_64 -target x86_64-apple-ios17.6-simulator -enable-objc-interop -sdk /Applications/Xcode.app/Contents/Developer/Platforms/iPhoneSimulator.platform/Developer/SDKs/iPhoneSimulator18.2.sdk -I /Users/cengcheng/Documents/GitHub/vino/docs/1.0.0/qa/evidence/derived-data-unthinned/Build/Products/Debug-iphonesimulator -F /Users/cengcheng/Documents/GitHub/vino/docs/1.0.0/qa/evidence/derived-data-unthinned/Build/Products/Debug-iphonesimulator -no-color-diagnostics -enable-testing -g -debug-info-format\=dwarf -dwarf-version\=4 -module-cache-path /Users/cengcheng/Documents/GitHub/vino/docs/1.0.0/qa/evidence/derived-data-unthinned/ModuleCache.noindex -swift-version 5 -enforce-exclusivity\=checked -Onone -D DEBUG -serialize-debugging-options -const-gather-protocols-file /Users/cengcheng/Documents/GitHub/vino/docs/1.0.0/qa/evidence/derived-data-unthinned/Build/Intermediates.noindex/vino_iPhone.build/Debug-iphonesimulator/vino_iPhone.build/Objects-normal/x86_64/vino_iPhone_const_extract_protocols.json -enable-experimental-feature DebugDescriptionMacro -enable-experimental-feature OpaqueTypeErasure -enable-bare-slash-regex -empty-abi-descriptor -validate-clang-modules-once -clang-build-session-file /Users/cengcheng/Documents/GitHub/vino/docs/1.0.0/qa/evidence/derived-data-unthinned/ModuleCache.noindex/Session.modulevalidation -Xcc -working-directory -Xcc /Users/cengcheng/Documents/GitHub/vino/vino_iPhone -resource-dir /Applications/Xcode.app/Contents/Developer/Toolchains/XcodeDefault.xctoolchain/usr/lib/swift -enable-anonymous-context-mangled-names -file-compilation-dir /Users/cengcheng/Documents/GitHub/vino/vino_iPhone -Xcc -D_LIBCPP_HARDENING_MODE\=_LIBCPP_HARDENING_MODE_DEBUG -Xcc -ivfsstatcache -Xcc /Users/cengcheng/Documents/GitHub/vino/docs/1.0.0/qa/evidence/derived-data-unthinned/SDKStatCaches.noindex/iphonesimulator18.2-22C146-07b28473f605e47e75261259d3ef3b5a.sdkstatcache -Xcc -I/Users/cengcheng/Documents/GitHub/vino/docs/1.0.0/qa/evidence/derived-data-unthinned/Build/Intermediates.noindex/vino_iPhone.build/Debug-iphonesimulator/vino_iPhone.build/swift-overrides.hmap -Xcc -iquote -Xcc /Users/cengcheng/Documents/GitHub/vino/docs/1.0.0/qa/evidence/derived-data-unthinned/Build/Intermediates.noindex/vino_iPhone.build/Debug-iphonesimulator/vino_iPhone.build/灵眼GX-generated-files.hmap -Xcc -I/Users/cengcheng/Documents/GitHub/vino/docs/1.0.0/qa/evidence/derived-data-unthinned/Build/Intermediates.noindex/vino_iPhone.build/Debug-iphonesimulator/vino_iPhone.build/灵眼GX-own-target-headers.hmap -Xcc -I/Users/cengcheng/Documents/GitHub/vino/docs/1.0.0/qa/evidence/derived-data-unthinned/Build/Intermediates.noindex/vino_iPhone.build/Debug-iphonesimulator/vino_iPhone.build/灵眼GX-all-target-headers.hmap -Xcc -iquote -Xcc /Users/cengcheng/Documents/GitHub/vino/docs/1.0.0/qa/evidence/derived-data-unthinned/Build/Intermediates.noindex/vino_iPhone.build/Debug-iphonesimulator/vino_iPhone.build/灵眼GX-project-headers.hmap -Xcc -I/Users/cengcheng/Documents/GitHub/vino/docs/1.0.0/qa/evidence/derived-data-unthinned/Build/Products/Debug-iphonesimulator/include -Xcc -I/Users/cengcheng/Documents/GitHub/vino/docs/1.0.0/qa/evidence/derived-data-unthinned/Build/Intermediates.noindex/vino_iPhone.build/Debug-iphonesimulator/vino_iPhone.build/DerivedSources-normal/x86_64 -Xcc -I/Users/cengcheng/Documents/GitHub/vino/docs/1.0.0/qa/evidence/derived-data-unthinned/Build/Intermediates.noindex/vino_iPhone.build/Debug-iphonesimulator/vino_iPhone.build/DerivedSources/x86_64 -Xcc -I/Users/cengcheng/Documents/GitHub/vino/docs/1.0.0/qa/evidence/derived-data-unthinned/Build/Intermediates.noindex/vino_iPhone.build/Debug-iphonesimulator/vino_iPhone.build/DerivedSources -Xcc -DDEBUG\=1 -module-name vino_iPhone -frontend-parseable-output -disable-clang-spi -target-sdk-version 18.2 -target-sdk-name iphonesimulator18.2 -external-plugin-path /Applications/Xcode.app/Contents/Developer/Platforms/iPhoneOS.platform/Developer/usr/lib/swift/host/plugins\#/Applications/Xcode.app/Contents/Developer/Platforms/iPhoneOS.platform/Developer/usr/bin/swift-plugin-server -external-plugin-path /Applications/Xcode.app/Contents/Developer/Platforms/iPhoneOS.platform/Developer/usr/local/lib/swift/host/plugins\#/Applications/Xcode.app/Contents/Developer/Platforms/iPhoneOS.platform/Developer/usr/bin/swift-plugin-server -plugin-path /Applications/Xcode.app/Contents/Developer/Toolchains/XcodeDefault.xctoolchain/usr/lib/swift/host/plugins -plugin-path /Applications/Xcode.app/Contents/Developer/Toolchains/XcodeDefault.xctoolchain/usr/local/lib/swift/host/plugins -o /Users/cengcheng/Documents/GitHub/vino/docs/1.0.0/qa/evidence/derived-data-unthinned/Build/Intermediates.noindex/vino_iPhone.build/Debug-iphonesimulator/vino_iPhone.build/Objects-normal/x86_64/CloudControlCoordinator.o -o /Users/cengcheng/Documents/GitHub/vino/docs/1.0.0/qa/evidence/derived-data-unthinned/Build/Intermediates.noindex/vino_iPhone.build/Debug-iphonesimulator/vino_iPhone.build/Objects-normal/x86_64/GeneratedAssetSymbols.o -index-unit-output-path /vino_iPhone.build/Debug-iphonesimulator/vino_iPhone.build/Objects-normal/x86_64/CloudControlCoordinator.o -index-unit-output-path /vino_iPhone.build/Debug-iphonesimulator/vino_iPhone.build/Objects-normal/x86_64/GeneratedAssetSymbols.o -index-store-path /Users/cengcheng/Documents/GitHub/vino/docs/1.0.0/qa/evidence/derived-data-unthinned/Index.noindex/DataStore -index-system-modules

SwiftDriverJobDiscovery normal arm64 Compiling VinoPhoneApp.swift, VinoPhoneShellView.swift, CameraPreviewView.swift (in target 'vino_iPhone' from project 'vino_iPhone')

SwiftCompile normal arm64 Compiling\ InferenceModels.swift,\ ModelFileStore.swift,\ VinoAppState.swift /Users/cengcheng/Documents/GitHub/vino/vino_iPhone/Sources/Models/InferenceModels.swift /Users/cengcheng/Documents/GitHub/vino/vino_iPhone/Sources/Models/ModelFileStore.swift /Users/cengcheng/Documents/GitHub/vino/vino_iPhone/Sources/Models/VinoAppState.swift (in target 'vino_iPhone' from project 'vino_iPhone')
    cd /Users/cengcheng/Documents/GitHub/vino/vino_iPhone
    builtin-swiftTaskExecution -- /Applications/Xcode.app/Contents/Developer/Toolchains/XcodeDefault.xctoolchain/usr/bin/swift-frontend -frontend -c /Users/cengcheng/Documents/GitHub/vino/vino_iPhone/AppHost/VinoPhoneApp.swift /Users/cengcheng/Documents/GitHub/vino/vino_iPhone/Sources/App/VinoPhoneShellView.swift /Users/cengcheng/Documents/GitHub/vino/vino_iPhone/Sources/Camera/CameraPreviewView.swift /Users/cengcheng/Documents/GitHub/vino/vino_iPhone/Sources/Camera/CameraSessionController.swift /Users/cengcheng/Documents/GitHub/vino/vino_iPhone/Sources/Inference/InferenceRuntime.swift /Users/cengcheng/Documents/GitHub/vino/vino_iPhone/Sources/Models/CoreMLCatalog.swift -primary-file /Users/cengcheng/Documents/GitHub/vino/vino_iPhone/Sources/Models/InferenceModels.swift -primary-file /Users/cengcheng/Documents/GitHub/vino/vino_iPhone/Sources/Models/ModelFileStore.swift -primary-file /Users/cengcheng/Documents/GitHub/vino/vino_iPhone/Sources/Models/VinoAppState.swift /Users/cengcheng/Documents/GitHub/vino/vino_iPhone/Sources/Models/VinoTheme.swift /Users/cengcheng/Documents/GitHub/vino/vino_iPhone/Sources/Networking/ControlPlaneCoordinator.swift /Users/cengcheng/Documents/GitHub/vino/vino_iPhone/Sources/Networking/IPAddressMonitor.swift /Users/cengcheng/Documents/GitHub/vino/vino_iPhone/Sources/Networking/VinoProtocol.swift /Users/cengcheng/Documents/GitHub/vino/vino_iPhone/Sources/Overlay/CameraOverlayView.swift /Users/cengcheng/Documents/GitHub/vino/vino_iPhone/Sources/Overlay/InferenceResultsOverlayView.swift /Users/cengcheng/Documents/GitHub/vino/vino_iPhone/Sources/Auth/AuthModels.swift /Users/cengcheng/Documents/GitHub/vino/vino_iPhone/Sources/Auth/KeychainStore.swift /Users/cengcheng/Documents/GitHub/vino/vino_iPhone/Sources/Auth/AuthSessionStore.swift /Users/cengcheng/Documents/GitHub/vino/vino_iPhone/Sources/Auth/AuthService.swift /Users/cengcheng/Documents/GitHub/vino/vino_iPhone/Sources/Models/CloudModelCatalog.swift /Users/cengcheng/Documents/GitHub/vino/vino_iPhone/Sources/Models/ModelLicenseVerifier.swift /Users/cengcheng/Documents/GitHub/vino/vino_iPhone/Sources/Networking/AssetUploadService.swift /Users/cengcheng/Documents/GitHub/vino/vino_iPhone/Sources/Networking/CloudControlCoordinator.swift /Users/cengcheng/Documents/GitHub/vino/docs/1.0.0/qa/evidence/derived-data-unthinned/Build/Intermediates.noindex/vino_iPhone.build/Debug-iphonesimulator/vino_iPhone.build/DerivedSources/GeneratedAssetSymbols.swift -supplementary-output-file-map /Users/cengcheng/Documents/GitHub/vino/docs/1.0.0/qa/evidence/derived-data-unthinned/Build/Intermediates.noindex/vino_iPhone.build/Debug-iphonesimulator/vino_iPhone.build/Objects-normal/arm64/supplementaryOutputs-6 -emit-localized-strings -emit-localized-strings-path /Users/cengcheng/Documents/GitHub/vino/docs/1.0.0/qa/evidence/derived-data-unthinned/Build/Intermediates.noindex/vino_iPhone.build/Debug-iphonesimulator/vino_iPhone.build/Objects-normal/arm64 -target arm64-apple-ios17.6-simulator -Xllvm -aarch64-use-tbi -enable-objc-interop -sdk /Applications/Xcode.app/Contents/Developer/Platforms/iPhoneSimulator.platform/Developer/SDKs/iPhoneSimulator18.2.sdk -I /Users/cengcheng/Documents/GitHub/vino/docs/1.0.0/qa/evidence/derived-data-unthinned/Build/Products/Debug-iphonesimulator -F /Users/cengcheng/Documents/GitHub/vino/docs/1.0.0/qa/evidence/derived-data-unthinned/Build/Products/Debug-iphonesimulator -no-color-diagnostics -enable-testing -g -debug-info-format\=dwarf -dwarf-version\=4 -module-cache-path /Users/cengcheng/Documents/GitHub/vino/docs/1.0.0/qa/evidence/derived-data-unthinned/ModuleCache.noindex -swift-version 5 -enforce-exclusivity\=checked -Onone -D DEBUG -serialize-debugging-options -const-gather-protocols-file /Users/cengcheng/Documents/GitHub/vino/docs/1.0.0/qa/evidence/derived-data-unthinned/Build/Intermediates.noindex/vino_iPhone.build/Debug-iphonesimulator/vino_iPhone.build/Objects-normal/arm64/vino_iPhone_const_extract_protocols.json -enable-experimental-feature DebugDescriptionMacro -enable-experimental-feature OpaqueTypeErasure -enable-bare-slash-regex -empty-abi-descriptor -validate-clang-modules-once -clang-build-session-file /Users/cengcheng/Documents/GitHub/vino/docs/1.0.0/qa/evidence/derived-data-unthinned/ModuleCache.noindex/Session.modulevalidation -Xcc -working-directory -Xcc /Users/cengcheng/Documents/GitHub/vino/vino_iPhone -resource-dir /Applications/Xcode.app/Contents/Developer/Toolchains/XcodeDefault.xctoolchain/usr/lib/swift -enable-anonymous-context-mangled-names -file-compilation-dir /Users/cengcheng/Documents/GitHub/vino/vino_iPhone -Xcc -D_LIBCPP_HARDENING_MODE\=_LIBCPP_HARDENING_MODE_DEBUG -Xcc -ivfsstatcache -Xcc /Users/cengcheng/Documents/GitHub/vino/docs/1.0.0/qa/evidence/derived-data-unthinned/SDKStatCaches.noindex/iphonesimulator18.2-22C146-07b28473f605e47e75261259d3ef3b5a.sdkstatcache -Xcc -I/Users/cengcheng/Documents/GitHub/vino/docs/1.0.0/qa/evidence/derived-data-unthinned/Build/Intermediates.noindex/vino_iPhone.build/Debug-iphonesimulator/vino_iPhone.build/swift-overrides.hmap -Xcc -iquote -Xcc /Users/cengcheng/Documents/GitHub/vino/docs/1.0.0/qa/evidence/derived-data-unthinned/Build/Intermediates.noindex/vino_iPhone.build/Debug-iphonesimulator/vino_iPhone.build/灵眼GX-generated-files.hmap -Xcc -I/Users/cengcheng/Documents/GitHub/vino/docs/1.0.0/qa/evidence/derived-data-unthinned/Build/Intermediates.noindex/vino_iPhone.build/Debug-iphonesimulator/vino_iPhone.build/灵眼GX-own-target-headers.hmap -Xcc -I/Users/cengcheng/Documents/GitHub/vino/docs/1.0.0/qa/evidence/derived-data-unthinned/Build/Intermediates.noindex/vino_iPhone.build/Debug-iphonesimulator/vino_iPhone.build/灵眼GX-all-target-headers.hmap -Xcc -iquote -Xcc /Users/cengcheng/Documents/GitHub/vino/docs/1.0.0/qa/evidence/derived-data-unthinned/Build/Intermediates.noindex/vino_iPhone.build/Debug-iphonesimulator/vino_iPhone.build/灵眼GX-project-headers.hmap -Xcc -I/Users/cengcheng/Documents/GitHub/vino/docs/1.0.0/qa/evidence/derived-data-unthinned/Build/Products/Debug-iphonesimulator/include -Xcc -I/Users/cengcheng/Documents/GitHub/vino/docs/1.0.0/qa/evidence/derived-data-unthinned/Build/Intermediates.noindex/vino_iPhone.build/Debug-iphonesimulator/vino_iPhone.build/DerivedSources-normal/arm64 -Xcc -I/Users/cengcheng/Documents/GitHub/vino/docs/1.0.0/qa/evidence/derived-data-unthinned/Build/Intermediates.noindex/vino_iPhone.build/Debug-iphonesimulator/vino_iPhone.build/DerivedSources/arm64 -Xcc -I/Users/cengcheng/Documents/GitHub/vino/docs/1.0.0/qa/evidence/derived-data-unthinned/Build/Intermediates.noindex/vino_iPhone.build/Debug-iphonesimulator/vino_iPhone.build/DerivedSources -Xcc -DDEBUG\=1 -module-name vino_iPhone -frontend-parseable-output -disable-clang-spi -target-sdk-version 18.2 -target-sdk-name iphonesimulator18.2 -external-plugin-path /Applications/Xcode.app/Contents/Developer/Platforms/iPhoneOS.platform/Developer/usr/lib/swift/host/plugins\#/Applications/Xcode.app/Contents/Developer/Platforms/iPhoneOS.platform/Developer/usr/bin/swift-plugin-server -external-plugin-path /Applications/Xcode.app/Contents/Developer/Platforms/iPhoneOS.platform/Developer/usr/local/lib/swift/host/plugins\#/Applications/Xcode.app/Contents/Developer/Platforms/iPhoneOS.platform/Developer/usr/bin/swift-plugin-server -plugin-path /Applications/Xcode.app/Contents/Developer/Toolchains/XcodeDefault.xctoolchain/usr/lib/swift/host/plugins -plugin-path /Applications/Xcode.app/Contents/Developer/Toolchains/XcodeDefault.xctoolchain/usr/local/lib/swift/host/plugins -o /Users/cengcheng/Documents/GitHub/vino/docs/1.0.0/qa/evidence/derived-data-unthinned/Build/Intermediates.noindex/vino_iPhone.build/Debug-iphonesimulator/vino_iPhone.build/Objects-normal/arm64/InferenceModels.o -o /Users/cengcheng/Documents/GitHub/vino/docs/1.0.0/qa/evidence/derived-data-unthinned/Build/Intermediates.noindex/vino_iPhone.build/Debug-iphonesimulator/vino_iPhone.build/Objects-normal/arm64/ModelFileStore.o -o /Users/cengcheng/Documents/GitHub/vino/docs/1.0.0/qa/evidence/derived-data-unthinned/Build/Intermediates.noindex/vino_iPhone.build/Debug-iphonesimulator/vino_iPhone.build/Objects-normal/arm64/VinoAppState.o -index-unit-output-path /vino_iPhone.build/Debug-iphonesimulator/vino_iPhone.build/Objects-normal/arm64/InferenceModels.o -index-unit-output-path /vino_iPhone.build/Debug-iphonesimulator/vino_iPhone.build/Objects-normal/arm64/ModelFileStore.o -index-unit-output-path /vino_iPhone.build/Debug-iphonesimulator/vino_iPhone.build/Objects-normal/arm64/VinoAppState.o -index-store-path /Users/cengcheng/Documents/GitHub/vino/docs/1.0.0/qa/evidence/derived-data-unthinned/Index.noindex/DataStore -index-system-modules

SwiftCompile normal arm64 /Users/cengcheng/Documents/GitHub/vino/vino_iPhone/Sources/Models/InferenceModels.swift (in target 'vino_iPhone' from project 'vino_iPhone')
    cd /Users/cengcheng/Documents/GitHub/vino/vino_iPhone
    /Applications/Xcode.app/Contents/Developer/Toolchains/XcodeDefault.xctoolchain/usr/bin/swift-frontend -c /Users/cengcheng/Documents/GitHub/vino/vino_iPhone/AppHost/VinoPhoneApp.swift /Users/cengcheng/Documents/GitHub/vino/vino_iPhone/Sources/App/VinoPhoneShellView.swift /Users/cengcheng/Documents/GitHub/vino/vino_iPhone/Sources/Camera/CameraPreviewView.swift /Users/cengcheng/Documents/GitHub/vino/vino_iPhone/Sources/Camera/CameraSessionController.swift /Users/cengcheng/Documents/GitHub/vino/vino_iPhone/Sources/Inference/InferenceRuntime.swift /Users/cengcheng/Documents/GitHub/vino/vino_iPhone/Sources/Models/CoreMLCatalog.swift -primary-file /Users/cengcheng/Documents/GitHub/vino/vino_iPhone/Sources/Models/InferenceModels.swift -primary-file /Users/cengcheng/Documents/GitHub/vino/vino_iPhone/Sources/Models/ModelFileStore.swift -primary-file /Users/cengcheng/Documents/GitHub/vino/vino_iPhone/Sources/Models/VinoAppState.swift /Users/cengcheng/Documents/GitHub/vino/vino_iPhone/Sources/Models/VinoTheme.swift /Users/cengcheng/Documents/GitHub/vino/vino_iPhone/Sources/Networking/ControlPlaneCoordinator.swift /Users/cengcheng/Documents/GitHub/vino/vino_iPhone/Sources/Networking/IPAddressMonitor.swift /Users/cengcheng/Documents/GitHub/vino/vino_iPhone/Sources/Networking/VinoProtocol.swift /Users/cengcheng/Documents/GitHub/vino/vino_iPhone/Sources/Overlay/CameraOverlayView.swift /Users/cengcheng/Documents/GitHub/vino/vino_iPhone/Sources/Overlay/InferenceResultsOverlayView.swift /Users/cengcheng/Documents/GitHub/vino/vino_iPhone/Sources/Auth/AuthModels.swift /Users/cengcheng/Documents/GitHub/vino/vino_iPhone/Sources/Auth/KeychainStore.swift /Users/cengcheng/Documents/GitHub/vino/vino_iPhone/Sources/Auth/AuthSessionStore.swift /Users/cengcheng/Documents/GitHub/vino/vino_iPhone/Sources/Auth/AuthService.swift /Users/cengcheng/Documents/GitHub/vino/vino_iPhone/Sources/Models/CloudModelCatalog.swift /Users/cengcheng/Documents/GitHub/vino/vino_iPhone/Sources/Models/ModelLicenseVerifier.swift /Users/cengcheng/Documents/GitHub/vino/vino_iPhone/Sources/Networking/AssetUploadService.swift /Users/cengcheng/Documents/GitHub/vino/vino_iPhone/Sources/Networking/CloudControlCoordinator.swift /Users/cengcheng/Documents/GitHub/vino/docs/1.0.0/qa/evidence/derived-data-unthinned/Build/Intermediates.noindex/vino_iPhone.build/Debug-iphonesimulator/vino_iPhone.build/DerivedSources/GeneratedAssetSymbols.swift -supplementary-output-file-map /Users/cengcheng/Documents/GitHub/vino/docs/1.0.0/qa/evidence/derived-data-unthinned/Build/Intermediates.noindex/vino_iPhone.build/Debug-iphonesimulator/vino_iPhone.build/Objects-normal/arm64/supplementaryOutputs-6 -emit-localized-strings -emit-localized-strings-path /Users/cengcheng/Documents/GitHub/vino/docs/1.0.0/qa/evidence/derived-data-unthinned/Build/Intermediates.noindex/vino_iPhone.build/Debug-iphonesimulator/vino_iPhone.build/Objects-normal/arm64 -target arm64-apple-ios17.6-simulator -Xllvm -aarch64-use-tbi -enable-objc-interop -sdk /Applications/Xcode.app/Contents/Developer/Platforms/iPhoneSimulator.platform/Developer/SDKs/iPhoneSimulator18.2.sdk -I /Users/cengcheng/Documents/GitHub/vino/docs/1.0.0/qa/evidence/derived-data-unthinned/Build/Products/Debug-iphonesimulator -F /Users/cengcheng/Documents/GitHub/vino/docs/1.0.0/qa/evidence/derived-data-unthinned/Build/Products/Debug-iphonesimulator -no-color-diagnostics -enable-testing -g -debug-info-format\=dwarf -dwarf-version\=4 -module-cache-path /Users/cengcheng/Documents/GitHub/vino/docs/1.0.0/qa/evidence/derived-data-unthinned/ModuleCache.noindex -swift-version 5 -enforce-exclusivity\=checked -Onone -D DEBUG -serialize-debugging-options -const-gather-protocols-file /Users/cengcheng/Documents/GitHub/vino/docs/1.0.0/qa/evidence/derived-data-unthinned/Build/Intermediates.noindex/vino_iPhone.build/Debug-iphonesimulator/vino_iPhone.build/Objects-normal/arm64/vino_iPhone_const_extract_protocols.json -enable-experimental-feature DebugDescriptionMacro -enable-experimental-feature OpaqueTypeErasure -enable-bare-slash-regex -empty-abi-descriptor -validate-clang-modules-once -clang-build-session-file /Users/cengcheng/Documents/GitHub/vino/docs/1.0.0/qa/evidence/derived-data-unthinned/ModuleCache.noindex/Session.modulevalidation -Xcc -working-directory -Xcc /Users/cengcheng/Documents/GitHub/vino/vino_iPhone -resource-dir /Applications/Xcode.app/Contents/Developer/Toolchains/XcodeDefault.xctoolchain/usr/lib/swift -enable-anonymous-context-mangled-names -file-compilation-dir /Users/cengcheng/Documents/GitHub/vino/vino_iPhone -Xcc -D_LIBCPP_HARDENING_MODE\=_LIBCPP_HARDENING_MODE_DEBUG -Xcc -ivfsstatcache -Xcc /Users/cengcheng/Documents/GitHub/vino/docs/1.0.0/qa/evidence/derived-data-unthinned/SDKStatCaches.noindex/iphonesimulator18.2-22C146-07b28473f605e47e75261259d3ef3b5a.sdkstatcache -Xcc -I/Users/cengcheng/Documents/GitHub/vino/docs/1.0.0/qa/evidence/derived-data-unthinned/Build/Intermediates.noindex/vino_iPhone.build/Debug-iphonesimulator/vino_iPhone.build/swift-overrides.hmap -Xcc -iquote -Xcc /Users/cengcheng/Documents/GitHub/vino/docs/1.0.0/qa/evidence/derived-data-unthinned/Build/Intermediates.noindex/vino_iPhone.build/Debug-iphonesimulator/vino_iPhone.build/灵眼GX-generated-files.hmap -Xcc -I/Users/cengcheng/Documents/GitHub/vino/docs/1.0.0/qa/evidence/derived-data-unthinned/Build/Intermediates.noindex/vino_iPhone.build/Debug-iphonesimulator/vino_iPhone.build/灵眼GX-own-target-headers.hmap -Xcc -I/Users/cengcheng/Documents/GitHub/vino/docs/1.0.0/qa/evidence/derived-data-unthinned/Build/Intermediates.noindex/vino_iPhone.build/Debug-iphonesimulator/vino_iPhone.build/灵眼GX-all-target-headers.hmap -Xcc -iquote -Xcc /Users/cengcheng/Documents/GitHub/vino/docs/1.0.0/qa/evidence/derived-data-unthinned/Build/Intermediates.noindex/vino_iPhone.build/Debug-iphonesimulator/vino_iPhone.build/灵眼GX-project-headers.hmap -Xcc -I/Users/cengcheng/Documents/GitHub/vino/docs/1.0.0/qa/evidence/derived-data-unthinned/Build/Products/Debug-iphonesimulator/include -Xcc -I/Users/cengcheng/Documents/GitHub/vino/docs/1.0.0/qa/evidence/derived-data-unthinned/Build/Intermediates.noindex/vino_iPhone.build/Debug-iphonesimulator/vino_iPhone.build/DerivedSources-normal/arm64 -Xcc -I/Users/cengcheng/Documents/GitHub/vino/docs/1.0.0/qa/evidence/derived-data-unthinned/Build/Intermediates.noindex/vino_iPhone.build/Debug-iphonesimulator/vino_iPhone.build/DerivedSources/arm64 -Xcc -I/Users/cengcheng/Documents/GitHub/vino/docs/1.0.0/qa/evidence/derived-data-unthinned/Build/Intermediates.noindex/vino_iPhone.build/Debug-iphonesimulator/vino_iPhone.build/DerivedSources -Xcc -DDEBUG\=1 -module-name vino_iPhone -frontend-parseable-output -disable-clang-spi -target-sdk-version 18.2 -target-sdk-name iphonesimulator18.2 -external-plugin-path /Applications/Xcode.app/Contents/Developer/Platforms/iPhoneOS.platform/Developer/usr/lib/swift/host/plugins\#/Applications/Xcode.app/Contents/Developer/Platforms/iPhoneOS.platform/Developer/usr/bin/swift-plugin-server -external-plugin-path /Applications/Xcode.app/Contents/Developer/Platforms/iPhoneOS.platform/Developer/usr/local/lib/swift/host/plugins\#/Applications/Xcode.app/Contents/Developer/Platforms/iPhoneOS.platform/Developer/usr/bin/swift-plugin-server -plugin-path /Applications/Xcode.app/Contents/Developer/Toolchains/XcodeDefault.xctoolchain/usr/lib/swift/host/plugins -plugin-path /Applications/Xcode.app/Contents/Developer/Toolchains/XcodeDefault.xctoolchain/usr/local/lib/swift/host/plugins -o /Users/cengcheng/Documents/GitHub/vino/docs/1.0.0/qa/evidence/derived-data-unthinned/Build/Intermediates.noindex/vino_iPhone.build/Debug-iphonesimulator/vino_iPhone.build/Objects-normal/arm64/InferenceModels.o -o /Users/cengcheng/Documents/GitHub/vino/docs/1.0.0/qa/evidence/derived-data-unthinned/Build/Intermediates.noindex/vino_iPhone.build/Debug-iphonesimulator/vino_iPhone.build/Objects-normal/arm64/ModelFileStore.o -o /Users/cengcheng/Documents/GitHub/vino/docs/1.0.0/qa/evidence/derived-data-unthinned/Build/Intermediates.noindex/vino_iPhone.build/Debug-iphonesimulator/vino_iPhone.build/Objects-normal/arm64/VinoAppState.o -index-unit-output-path /vino_iPhone.build/Debug-iphonesimulator/vino_iPhone.build/Objects-normal/arm64/InferenceModels.o -index-unit-output-path /vino_iPhone.build/Debug-iphonesimulator/vino_iPhone.build/Objects-normal/arm64/ModelFileStore.o -index-unit-output-path /vino_iPhone.build/Debug-iphonesimulator/vino_iPhone.build/Objects-normal/arm64/VinoAppState.o -index-store-path /Users/cengcheng/Documents/GitHub/vino/docs/1.0.0/qa/evidence/derived-data-unthinned/Index.noindex/DataStore -index-system-modules

SwiftCompile normal arm64 /Users/cengcheng/Documents/GitHub/vino/vino_iPhone/Sources/Models/ModelFileStore.swift (in target 'vino_iPhone' from project 'vino_iPhone')
    cd /Users/cengcheng/Documents/GitHub/vino/vino_iPhone
    /Applications/Xcode.app/Contents/Developer/Toolchains/XcodeDefault.xctoolchain/usr/bin/swift-frontend -c /Users/cengcheng/Documents/GitHub/vino/vino_iPhone/AppHost/VinoPhoneApp.swift /Users/cengcheng/Documents/GitHub/vino/vino_iPhone/Sources/App/VinoPhoneShellView.swift /Users/cengcheng/Documents/GitHub/vino/vino_iPhone/Sources/Camera/CameraPreviewView.swift /Users/cengcheng/Documents/GitHub/vino/vino_iPhone/Sources/Camera/CameraSessionController.swift /Users/cengcheng/Documents/GitHub/vino/vino_iPhone/Sources/Inference/InferenceRuntime.swift /Users/cengcheng/Documents/GitHub/vino/vino_iPhone/Sources/Models/CoreMLCatalog.swift -primary-file /Users/cengcheng/Documents/GitHub/vino/vino_iPhone/Sources/Models/InferenceModels.swift -primary-file /Users/cengcheng/Documents/GitHub/vino/vino_iPhone/Sources/Models/ModelFileStore.swift -primary-file /Users/cengcheng/Documents/GitHub/vino/vino_iPhone/Sources/Models/VinoAppState.swift /Users/cengcheng/Documents/GitHub/vino/vino_iPhone/Sources/Models/VinoTheme.swift /Users/cengcheng/Documents/GitHub/vino/vino_iPhone/Sources/Networking/ControlPlaneCoordinator.swift /Users/cengcheng/Documents/GitHub/vino/vino_iPhone/Sources/Networking/IPAddressMonitor.swift /Users/cengcheng/Documents/GitHub/vino/vino_iPhone/Sources/Networking/VinoProtocol.swift /Users/cengcheng/Documents/GitHub/vino/vino_iPhone/Sources/Overlay/CameraOverlayView.swift /Users/cengcheng/Documents/GitHub/vino/vino_iPhone/Sources/Overlay/InferenceResultsOverlayView.swift /Users/cengcheng/Documents/GitHub/vino/vino_iPhone/Sources/Auth/AuthModels.swift /Users/cengcheng/Documents/GitHub/vino/vino_iPhone/Sources/Auth/KeychainStore.swift /Users/cengcheng/Documents/GitHub/vino/vino_iPhone/Sources/Auth/AuthSessionStore.swift /Users/cengcheng/Documents/GitHub/vino/vino_iPhone/Sources/Auth/AuthService.swift /Users/cengcheng/Documents/GitHub/vino/vino_iPhone/Sources/Models/CloudModelCatalog.swift /Users/cengcheng/Documents/GitHub/vino/vino_iPhone/Sources/Models/ModelLicenseVerifier.swift /Users/cengcheng/Documents/GitHub/vino/vino_iPhone/Sources/Networking/AssetUploadService.swift /Users/cengcheng/Documents/GitHub/vino/vino_iPhone/Sources/Networking/CloudControlCoordinator.swift /Users/cengcheng/Documents/GitHub/vino/docs/1.0.0/qa/evidence/derived-data-unthinned/Build/Intermediates.noindex/vino_iPhone.build/Debug-iphonesimulator/vino_iPhone.build/DerivedSources/GeneratedAssetSymbols.swift -supplementary-output-file-map /Users/cengcheng/Documents/GitHub/vino/docs/1.0.0/qa/evidence/derived-data-unthinned/Build/Intermediates.noindex/vino_iPhone.build/Debug-iphonesimulator/vino_iPhone.build/Objects-normal/arm64/supplementaryOutputs-6 -emit-localized-strings -emit-localized-strings-path /Users/cengcheng/Documents/GitHub/vino/docs/1.0.0/qa/evidence/derived-data-unthinned/Build/Intermediates.noindex/vino_iPhone.build/Debug-iphonesimulator/vino_iPhone.build/Objects-normal/arm64 -target arm64-apple-ios17.6-simulator -Xllvm -aarch64-use-tbi -enable-objc-interop -sdk /Applications/Xcode.app/Contents/Developer/Platforms/iPhoneSimulator.platform/Developer/SDKs/iPhoneSimulator18.2.sdk -I /Users/cengcheng/Documents/GitHub/vino/docs/1.0.0/qa/evidence/derived-data-unthinned/Build/Products/Debug-iphonesimulator -F /Users/cengcheng/Documents/GitHub/vino/docs/1.0.0/qa/evidence/derived-data-unthinned/Build/Products/Debug-iphonesimulator -no-color-diagnostics -enable-testing -g -debug-info-format\=dwarf -dwarf-version\=4 -module-cache-path /Users/cengcheng/Documents/GitHub/vino/docs/1.0.0/qa/evidence/derived-data-unthinned/ModuleCache.noindex -swift-version 5 -enforce-exclusivity\=checked -Onone -D DEBUG -serialize-debugging-options -const-gather-protocols-file /Users/cengcheng/Documents/GitHub/vino/docs/1.0.0/qa/evidence/derived-data-unthinned/Build/Intermediates.noindex/vino_iPhone.build/Debug-iphonesimulator/vino_iPhone.build/Objects-normal/arm64/vino_iPhone_const_extract_protocols.json -enable-experimental-feature DebugDescriptionMacro -enable-experimental-feature OpaqueTypeErasure -enable-bare-slash-regex -empty-abi-descriptor -validate-clang-modules-once -clang-build-session-file /Users/cengcheng/Documents/GitHub/vino/docs/1.0.0/qa/evidence/derived-data-unthinned/ModuleCache.noindex/Session.modulevalidation -Xcc -working-directory -Xcc /Users/cengcheng/Documents/GitHub/vino/vino_iPhone -resource-dir /Applications/Xcode.app/Contents/Developer/Toolchains/XcodeDefault.xctoolchain/usr/lib/swift -enable-anonymous-context-mangled-names -file-compilation-dir /Users/cengcheng/Documents/GitHub/vino/vino_iPhone -Xcc -D_LIBCPP_HARDENING_MODE\=_LIBCPP_HARDENING_MODE_DEBUG -Xcc -ivfsstatcache -Xcc /Users/cengcheng/Documents/GitHub/vino/docs/1.0.0/qa/evidence/derived-data-unthinned/SDKStatCaches.noindex/iphonesimulator18.2-22C146-07b28473f605e47e75261259d3ef3b5a.sdkstatcache -Xcc -I/Users/cengcheng/Documents/GitHub/vino/docs/1.0.0/qa/evidence/derived-data-unthinned/Build/Intermediates.noindex/vino_iPhone.build/Debug-iphonesimulator/vino_iPhone.build/swift-overrides.hmap -Xcc -iquote -Xcc /Users/cengcheng/Documents/GitHub/vino/docs/1.0.0/qa/evidence/derived-data-unthinned/Build/Intermediates.noindex/vino_iPhone.build/Debug-iphonesimulator/vino_iPhone.build/灵眼GX-generated-files.hmap -Xcc -I/Users/cengcheng/Documents/GitHub/vino/docs/1.0.0/qa/evidence/derived-data-unthinned/Build/Intermediates.noindex/vino_iPhone.build/Debug-iphonesimulator/vino_iPhone.build/灵眼GX-own-target-headers.hmap -Xcc -I/Users/cengcheng/Documents/GitHub/vino/docs/1.0.0/qa/evidence/derived-data-unthinned/Build/Intermediates.noindex/vino_iPhone.build/Debug-iphonesimulator/vino_iPhone.build/灵眼GX-all-target-headers.hmap -Xcc -iquote -Xcc /Users/cengcheng/Documents/GitHub/vino/docs/1.0.0/qa/evidence/derived-data-unthinned/Build/Intermediates.noindex/vino_iPhone.build/Debug-iphonesimulator/vino_iPhone.build/灵眼GX-project-headers.hmap -Xcc -I/Users/cengcheng/Documents/GitHub/vino/docs/1.0.0/qa/evidence/derived-data-unthinned/Build/Products/Debug-iphonesimulator/include -Xcc -I/Users/cengcheng/Documents/GitHub/vino/docs/1.0.0/qa/evidence/derived-data-unthinned/Build/Intermediates.noindex/vino_iPhone.build/Debug-iphonesimulator/vino_iPhone.build/DerivedSources-normal/arm64 -Xcc -I/Users/cengcheng/Documents/GitHub/vino/docs/1.0.0/qa/evidence/derived-data-unthinned/Build/Intermediates.noindex/vino_iPhone.build/Debug-iphonesimulator/vino_iPhone.build/DerivedSources/arm64 -Xcc -I/Users/cengcheng/Documents/GitHub/vino/docs/1.0.0/qa/evidence/derived-data-unthinned/Build/Intermediates.noindex/vino_iPhone.build/Debug-iphonesimulator/vino_iPhone.build/DerivedSources -Xcc -DDEBUG\=1 -module-name vino_iPhone -frontend-parseable-output -disable-clang-spi -target-sdk-version 18.2 -target-sdk-name iphonesimulator18.2 -external-plugin-path /Applications/Xcode.app/Contents/Developer/Platforms/iPhoneOS.platform/Developer/usr/lib/swift/host/plugins\#/Applications/Xcode.app/Contents/Developer/Platforms/iPhoneOS.platform/Developer/usr/bin/swift-plugin-server -external-plugin-path /Applications/Xcode.app/Contents/Developer/Platforms/iPhoneOS.platform/Developer/usr/local/lib/swift/host/plugins\#/Applications/Xcode.app/Contents/Developer/Platforms/iPhoneOS.platform/Developer/usr/bin/swift-plugin-server -plugin-path /Applications/Xcode.app/Contents/Developer/Toolchains/XcodeDefault.xctoolchain/usr/lib/swift/host/plugins -plugin-path /Applications/Xcode.app/Contents/Developer/Toolchains/XcodeDefault.xctoolchain/usr/local/lib/swift/host/plugins -o /Users/cengcheng/Documents/GitHub/vino/docs/1.0.0/qa/evidence/derived-data-unthinned/Build/Intermediates.noindex/vino_iPhone.build/Debug-iphonesimulator/vino_iPhone.build/Objects-normal/arm64/InferenceModels.o -o /Users/cengcheng/Documents/GitHub/vino/docs/1.0.0/qa/evidence/derived-data-unthinned/Build/Intermediates.noindex/vino_iPhone.build/Debug-iphonesimulator/vino_iPhone.build/Objects-normal/arm64/ModelFileStore.o -o /Users/cengcheng/Documents/GitHub/vino/docs/1.0.0/qa/evidence/derived-data-unthinned/Build/Intermediates.noindex/vino_iPhone.build/Debug-iphonesimulator/vino_iPhone.build/Objects-normal/arm64/VinoAppState.o -index-unit-output-path /vino_iPhone.build/Debug-iphonesimulator/vino_iPhone.build/Objects-normal/arm64/InferenceModels.o -index-unit-output-path /vino_iPhone.build/Debug-iphonesimulator/vino_iPhone.build/Objects-normal/arm64/ModelFileStore.o -index-unit-output-path /vino_iPhone.build/Debug-iphonesimulator/vino_iPhone.build/Objects-normal/arm64/VinoAppState.o -index-store-path /Users/cengcheng/Documents/GitHub/vino/docs/1.0.0/qa/evidence/derived-data-unthinned/Index.noindex/DataStore -index-system-modules

SwiftCompile normal arm64 /Users/cengcheng/Documents/GitHub/vino/vino_iPhone/Sources/Models/VinoAppState.swift (in target 'vino_iPhone' from project 'vino_iPhone')
    cd /Users/cengcheng/Documents/GitHub/vino/vino_iPhone
    /Applications/Xcode.app/Contents/Developer/Toolchains/XcodeDefault.xctoolchain/usr/bin/swift-frontend -c /Users/cengcheng/Documents/GitHub/vino/vino_iPhone/AppHost/VinoPhoneApp.swift /Users/cengcheng/Documents/GitHub/vino/vino_iPhone/Sources/App/VinoPhoneShellView.swift /Users/cengcheng/Documents/GitHub/vino/vino_iPhone/Sources/Camera/CameraPreviewView.swift /Users/cengcheng/Documents/GitHub/vino/vino_iPhone/Sources/Camera/CameraSessionController.swift /Users/cengcheng/Documents/GitHub/vino/vino_iPhone/Sources/Inference/InferenceRuntime.swift /Users/cengcheng/Documents/GitHub/vino/vino_iPhone/Sources/Models/CoreMLCatalog.swift -primary-file /Users/cengcheng/Documents/GitHub/vino/vino_iPhone/Sources/Models/InferenceModels.swift -primary-file /Users/cengcheng/Documents/GitHub/vino/vino_iPhone/Sources/Models/ModelFileStore.swift -primary-file /Users/cengcheng/Documents/GitHub/vino/vino_iPhone/Sources/Models/VinoAppState.swift /Users/cengcheng/Documents/GitHub/vino/vino_iPhone/Sources/Models/VinoTheme.swift /Users/cengcheng/Documents/GitHub/vino/vino_iPhone/Sources/Networking/ControlPlaneCoordinator.swift /Users/cengcheng/Documents/GitHub/vino/vino_iPhone/Sources/Networking/IPAddressMonitor.swift /Users/cengcheng/Documents/GitHub/vino/vino_iPhone/Sources/Networking/VinoProtocol.swift /Users/cengcheng/Documents/GitHub/vino/vino_iPhone/Sources/Overlay/CameraOverlayView.swift /Users/cengcheng/Documents/GitHub/vino/vino_iPhone/Sources/Overlay/InferenceResultsOverlayView.swift /Users/cengcheng/Documents/GitHub/vino/vino_iPhone/Sources/Auth/AuthModels.swift /Users/cengcheng/Documents/GitHub/vino/vino_iPhone/Sources/Auth/KeychainStore.swift /Users/cengcheng/Documents/GitHub/vino/vino_iPhone/Sources/Auth/AuthSessionStore.swift /Users/cengcheng/Documents/GitHub/vino/vino_iPhone/Sources/Auth/AuthService.swift /Users/cengcheng/Documents/GitHub/vino/vino_iPhone/Sources/Models/CloudModelCatalog.swift /Users/cengcheng/Documents/GitHub/vino/vino_iPhone/Sources/Models/ModelLicenseVerifier.swift /Users/cengcheng/Documents/GitHub/vino/vino_iPhone/Sources/Networking/AssetUploadService.swift /Users/cengcheng/Documents/GitHub/vino/vino_iPhone/Sources/Networking/CloudControlCoordinator.swift /Users/cengcheng/Documents/GitHub/vino/docs/1.0.0/qa/evidence/derived-data-unthinned/Build/Intermediates.noindex/vino_iPhone.build/Debug-iphonesimulator/vino_iPhone.build/DerivedSources/GeneratedAssetSymbols.swift -supplementary-output-file-map /Users/cengcheng/Documents/GitHub/vino/docs/1.0.0/qa/evidence/derived-data-unthinned/Build/Intermediates.noindex/vino_iPhone.build/Debug-iphonesimulator/vino_iPhone.build/Objects-normal/arm64/supplementaryOutputs-6 -emit-localized-strings -emit-localized-strings-path /Users/cengcheng/Documents/GitHub/vino/docs/1.0.0/qa/evidence/derived-data-unthinned/Build/Intermediates.noindex/vino_iPhone.build/Debug-iphonesimulator/vino_iPhone.build/Objects-normal/arm64 -target arm64-apple-ios17.6-simulator -Xllvm -aarch64-use-tbi -enable-objc-interop -sdk /Applications/Xcode.app/Contents/Developer/Platforms/iPhoneSimulator.platform/Developer/SDKs/iPhoneSimulator18.2.sdk -I /Users/cengcheng/Documents/GitHub/vino/docs/1.0.0/qa/evidence/derived-data-unthinned/Build/Products/Debug-iphonesimulator -F /Users/cengcheng/Documents/GitHub/vino/docs/1.0.0/qa/evidence/derived-data-unthinned/Build/Products/Debug-iphonesimulator -no-color-diagnostics -enable-testing -g -debug-info-format\=dwarf -dwarf-version\=4 -module-cache-path /Users/cengcheng/Documents/GitHub/vino/docs/1.0.0/qa/evidence/derived-data-unthinned/ModuleCache.noindex -swift-version 5 -enforce-exclusivity\=checked -Onone -D DEBUG -serialize-debugging-options -const-gather-protocols-file /Users/cengcheng/Documents/GitHub/vino/docs/1.0.0/qa/evidence/derived-data-unthinned/Build/Intermediates.noindex/vino_iPhone.build/Debug-iphonesimulator/vino_iPhone.build/Objects-normal/arm64/vino_iPhone_const_extract_protocols.json -enable-experimental-feature DebugDescriptionMacro -enable-experimental-feature OpaqueTypeErasure -enable-bare-slash-regex -empty-abi-descriptor -validate-clang-modules-once -clang-build-session-file /Users/cengcheng/Documents/GitHub/vino/docs/1.0.0/qa/evidence/derived-data-unthinned/ModuleCache.noindex/Session.modulevalidation -Xcc -working-directory -Xcc /Users/cengcheng/Documents/GitHub/vino/vino_iPhone -resource-dir /Applications/Xcode.app/Contents/Developer/Toolchains/XcodeDefault.xctoolchain/usr/lib/swift -enable-anonymous-context-mangled-names -file-compilation-dir /Users/cengcheng/Documents/GitHub/vino/vino_iPhone -Xcc -D_LIBCPP_HARDENING_MODE\=_LIBCPP_HARDENING_MODE_DEBUG -Xcc -ivfsstatcache -Xcc /Users/cengcheng/Documents/GitHub/vino/docs/1.0.0/qa/evidence/derived-data-unthinned/SDKStatCaches.noindex/iphonesimulator18.2-22C146-07b28473f605e47e75261259d3ef3b5a.sdkstatcache -Xcc -I/Users/cengcheng/Documents/GitHub/vino/docs/1.0.0/qa/evidence/derived-data-unthinned/Build/Intermediates.noindex/vino_iPhone.build/Debug-iphonesimulator/vino_iPhone.build/swift-overrides.hmap -Xcc -iquote -Xcc /Users/cengcheng/Documents/GitHub/vino/docs/1.0.0/qa/evidence/derived-data-unthinned/Build/Intermediates.noindex/vino_iPhone.build/Debug-iphonesimulator/vino_iPhone.build/灵眼GX-generated-files.hmap -Xcc -I/Users/cengcheng/Documents/GitHub/vino/docs/1.0.0/qa/evidence/derived-data-unthinned/Build/Intermediates.noindex/vino_iPhone.build/Debug-iphonesimulator/vino_iPhone.build/灵眼GX-own-target-headers.hmap -Xcc -I/Users/cengcheng/Documents/GitHub/vino/docs/1.0.0/qa/evidence/derived-data-unthinned/Build/Intermediates.noindex/vino_iPhone.build/Debug-iphonesimulator/vino_iPhone.build/灵眼GX-all-target-headers.hmap -Xcc -iquote -Xcc /Users/cengcheng/Documents/GitHub/vino/docs/1.0.0/qa/evidence/derived-data-unthinned/Build/Intermediates.noindex/vino_iPhone.build/Debug-iphonesimulator/vino_iPhone.build/灵眼GX-project-headers.hmap -Xcc -I/Users/cengcheng/Documents/GitHub/vino/docs/1.0.0/qa/evidence/derived-data-unthinned/Build/Products/Debug-iphonesimulator/include -Xcc -I/Users/cengcheng/Documents/GitHub/vino/docs/1.0.0/qa/evidence/derived-data-unthinned/Build/Intermediates.noindex/vino_iPhone.build/Debug-iphonesimulator/vino_iPhone.build/DerivedSources-normal/arm64 -Xcc -I/Users/cengcheng/Documents/GitHub/vino/docs/1.0.0/qa/evidence/derived-data-unthinned/Build/Intermediates.noindex/vino_iPhone.build/Debug-iphonesimulator/vino_iPhone.build/DerivedSources/arm64 -Xcc -I/Users/cengcheng/Documents/GitHub/vino/docs/1.0.0/qa/evidence/derived-data-unthinned/Build/Intermediates.noindex/vino_iPhone.build/Debug-iphonesimulator/vino_iPhone.build/DerivedSources -Xcc -DDEBUG\=1 -module-name vino_iPhone -frontend-parseable-output -disable-clang-spi -target-sdk-version 18.2 -target-sdk-name iphonesimulator18.2 -external-plugin-path /Applications/Xcode.app/Contents/Developer/Platforms/iPhoneOS.platform/Developer/usr/lib/swift/host/plugins\#/Applications/Xcode.app/Contents/Developer/Platforms/iPhoneOS.platform/Developer/usr/bin/swift-plugin-server -external-plugin-path /Applications/Xcode.app/Contents/Developer/Platforms/iPhoneOS.platform/Developer/usr/local/lib/swift/host/plugins\#/Applications/Xcode.app/Contents/Developer/Platforms/iPhoneOS.platform/Developer/usr/bin/swift-plugin-server -plugin-path /Applications/Xcode.app/Contents/Developer/Toolchains/XcodeDefault.xctoolchain/usr/lib/swift/host/plugins -plugin-path /Applications/Xcode.app/Contents/Developer/Toolchains/XcodeDefault.xctoolchain/usr/local/lib/swift/host/plugins -o /Users/cengcheng/Documents/GitHub/vino/docs/1.0.0/qa/evidence/derived-data-unthinned/Build/Intermediates.noindex/vino_iPhone.build/Debug-iphonesimulator/vino_iPhone.build/Objects-normal/arm64/InferenceModels.o -o /Users/cengcheng/Documents/GitHub/vino/docs/1.0.0/qa/evidence/derived-data-unthinned/Build/Intermediates.noindex/vino_iPhone.build/Debug-iphonesimulator/vino_iPhone.build/Objects-normal/arm64/ModelFileStore.o -o /Users/cengcheng/Documents/GitHub/vino/docs/1.0.0/qa/evidence/derived-data-unthinned/Build/Intermediates.noindex/vino_iPhone.build/Debug-iphonesimulator/vino_iPhone.build/Objects-normal/arm64/VinoAppState.o -index-unit-output-path /vino_iPhone.build/Debug-iphonesimulator/vino_iPhone.build/Objects-normal/arm64/InferenceModels.o -index-unit-output-path /vino_iPhone.build/Debug-iphonesimulator/vino_iPhone.build/Objects-normal/arm64/ModelFileStore.o -index-unit-output-path /vino_iPhone.build/Debug-iphonesimulator/vino_iPhone.build/Objects-normal/arm64/VinoAppState.o -index-store-path /Users/cengcheng/Documents/GitHub/vino/docs/1.0.0/qa/evidence/derived-data-unthinned/Index.noindex/DataStore -index-system-modules
/Users/cengcheng/Documents/GitHub/vino/vino_iPhone/Sources/Models/VinoAppState.swift:300:17: warning: reference to captured var 'self' in concurrently-executing code; this is an error in the Swift 6 language mode
                self?.cloudLoginPassword = password
                ^

SwiftDriverJobDiscovery normal x86_64 Compiling ModelLicenseVerifier.swift, AssetUploadService.swift (in target 'vino_iPhone' from project 'vino_iPhone')

SwiftCompile normal x86_64 Compiling\ CameraSessionController.swift,\ InferenceRuntime.swift,\ CoreMLCatalog.swift /Users/cengcheng/Documents/GitHub/vino/vino_iPhone/Sources/Camera/CameraSessionController.swift /Users/cengcheng/Documents/GitHub/vino/vino_iPhone/Sources/Inference/InferenceRuntime.swift /Users/cengcheng/Documents/GitHub/vino/vino_iPhone/Sources/Models/CoreMLCatalog.swift (in target 'vino_iPhone' from project 'vino_iPhone')
    cd /Users/cengcheng/Documents/GitHub/vino/vino_iPhone
    builtin-swiftTaskExecution -- /Applications/Xcode.app/Contents/Developer/Toolchains/XcodeDefault.xctoolchain/usr/bin/swift-frontend -frontend -c /Users/cengcheng/Documents/GitHub/vino/vino_iPhone/AppHost/VinoPhoneApp.swift /Users/cengcheng/Documents/GitHub/vino/vino_iPhone/Sources/App/VinoPhoneShellView.swift /Users/cengcheng/Documents/GitHub/vino/vino_iPhone/Sources/Camera/CameraPreviewView.swift -primary-file /Users/cengcheng/Documents/GitHub/vino/vino_iPhone/Sources/Camera/CameraSessionController.swift -primary-file /Users/cengcheng/Documents/GitHub/vino/vino_iPhone/Sources/Inference/InferenceRuntime.swift -primary-file /Users/cengcheng/Documents/GitHub/vino/vino_iPhone/Sources/Models/CoreMLCatalog.swift /Users/cengcheng/Documents/GitHub/vino/vino_iPhone/Sources/Models/InferenceModels.swift /Users/cengcheng/Documents/GitHub/vino/vino_iPhone/Sources/Models/ModelFileStore.swift /Users/cengcheng/Documents/GitHub/vino/vino_iPhone/Sources/Models/VinoAppState.swift /Users/cengcheng/Documents/GitHub/vino/vino_iPhone/Sources/Models/VinoTheme.swift /Users/cengcheng/Documents/GitHub/vino/vino_iPhone/Sources/Networking/ControlPlaneCoordinator.swift /Users/cengcheng/Documents/GitHub/vino/vino_iPhone/Sources/Networking/IPAddressMonitor.swift /Users/cengcheng/Documents/GitHub/vino/vino_iPhone/Sources/Networking/VinoProtocol.swift /Users/cengcheng/Documents/GitHub/vino/vino_iPhone/Sources/Overlay/CameraOverlayView.swift /Users/cengcheng/Documents/GitHub/vino/vino_iPhone/Sources/Overlay/InferenceResultsOverlayView.swift /Users/cengcheng/Documents/GitHub/vino/vino_iPhone/Sources/Auth/AuthModels.swift /Users/cengcheng/Documents/GitHub/vino/vino_iPhone/Sources/Auth/KeychainStore.swift /Users/cengcheng/Documents/GitHub/vino/vino_iPhone/Sources/Auth/AuthSessionStore.swift /Users/cengcheng/Documents/GitHub/vino/vino_iPhone/Sources/Auth/AuthService.swift /Users/cengcheng/Documents/GitHub/vino/vino_iPhone/Sources/Models/CloudModelCatalog.swift /Users/cengcheng/Documents/GitHub/vino/vino_iPhone/Sources/Models/ModelLicenseVerifier.swift /Users/cengcheng/Documents/GitHub/vino/vino_iPhone/Sources/Networking/AssetUploadService.swift /Users/cengcheng/Documents/GitHub/vino/vino_iPhone/Sources/Networking/CloudControlCoordinator.swift /Users/cengcheng/Documents/GitHub/vino/docs/1.0.0/qa/evidence/derived-data-unthinned/Build/Intermediates.noindex/vino_iPhone.build/Debug-iphonesimulator/vino_iPhone.build/DerivedSources/GeneratedAssetSymbols.swift -supplementary-output-file-map /Users/cengcheng/Documents/GitHub/vino/docs/1.0.0/qa/evidence/derived-data-unthinned/Build/Intermediates.noindex/vino_iPhone.build/Debug-iphonesimulator/vino_iPhone.build/Objects-normal/x86_64/supplementaryOutputs-3 -emit-localized-strings -emit-localized-strings-path /Users/cengcheng/Documents/GitHub/vino/docs/1.0.0/qa/evidence/derived-data-unthinned/Build/Intermediates.noindex/vino_iPhone.build/Debug-iphonesimulator/vino_iPhone.build/Objects-normal/x86_64 -target x86_64-apple-ios17.6-simulator -enable-objc-interop -sdk /Applications/Xcode.app/Contents/Developer/Platforms/iPhoneSimulator.platform/Developer/SDKs/iPhoneSimulator18.2.sdk -I /Users/cengcheng/Documents/GitHub/vino/docs/1.0.0/qa/evidence/derived-data-unthinned/Build/Products/Debug-iphonesimulator -F /Users/cengcheng/Documents/GitHub/vino/docs/1.0.0/qa/evidence/derived-data-unthinned/Build/Products/Debug-iphonesimulator -no-color-diagnostics -enable-testing -g -debug-info-format\=dwarf -dwarf-version\=4 -module-cache-path /Users/cengcheng/Documents/GitHub/vino/docs/1.0.0/qa/evidence/derived-data-unthinned/ModuleCache.noindex -swift-version 5 -enforce-exclusivity\=checked -Onone -D DEBUG -serialize-debugging-options -const-gather-protocols-file /Users/cengcheng/Documents/GitHub/vino/docs/1.0.0/qa/evidence/derived-data-unthinned/Build/Intermediates.noindex/vino_iPhone.build/Debug-iphonesimulator/vino_iPhone.build/Objects-normal/x86_64/vino_iPhone_const_extract_protocols.json -enable-experimental-feature DebugDescriptionMacro -enable-experimental-feature OpaqueTypeErasure -enable-bare-slash-regex -empty-abi-descriptor -validate-clang-modules-once -clang-build-session-file /Users/cengcheng/Documents/GitHub/vino/docs/1.0.0/qa/evidence/derived-data-unthinned/ModuleCache.noindex/Session.modulevalidation -Xcc -working-directory -Xcc /Users/cengcheng/Documents/GitHub/vino/vino_iPhone -resource-dir /Applications/Xcode.app/Contents/Developer/Toolchains/XcodeDefault.xctoolchain/usr/lib/swift -enable-anonymous-context-mangled-names -file-compilation-dir /Users/cengcheng/Documents/GitHub/vino/vino_iPhone -Xcc -D_LIBCPP_HARDENING_MODE\=_LIBCPP_HARDENING_MODE_DEBUG -Xcc -ivfsstatcache -Xcc /Users/cengcheng/Documents/GitHub/vino/docs/1.0.0/qa/evidence/derived-data-unthinned/SDKStatCaches.noindex/iphonesimulator18.2-22C146-07b28473f605e47e75261259d3ef3b5a.sdkstatcache -Xcc -I/Users/cengcheng/Documents/GitHub/vino/docs/1.0.0/qa/evidence/derived-data-unthinned/Build/Intermediates.noindex/vino_iPhone.build/Debug-iphonesimulator/vino_iPhone.build/swift-overrides.hmap -Xcc -iquote -Xcc /Users/cengcheng/Documents/GitHub/vino/docs/1.0.0/qa/evidence/derived-data-unthinned/Build/Intermediates.noindex/vino_iPhone.build/Debug-iphonesimulator/vino_iPhone.build/灵眼GX-generated-files.hmap -Xcc -I/Users/cengcheng/Documents/GitHub/vino/docs/1.0.0/qa/evidence/derived-data-unthinned/Build/Intermediates.noindex/vino_iPhone.build/Debug-iphonesimulator/vino_iPhone.build/灵眼GX-own-target-headers.hmap -Xcc -I/Users/cengcheng/Documents/GitHub/vino/docs/1.0.0/qa/evidence/derived-data-unthinned/Build/Intermediates.noindex/vino_iPhone.build/Debug-iphonesimulator/vino_iPhone.build/灵眼GX-all-target-headers.hmap -Xcc -iquote -Xcc /Users/cengcheng/Documents/GitHub/vino/docs/1.0.0/qa/evidence/derived-data-unthinned/Build/Intermediates.noindex/vino_iPhone.build/Debug-iphonesimulator/vino_iPhone.build/灵眼GX-project-headers.hmap -Xcc -I/Users/cengcheng/Documents/GitHub/vino/docs/1.0.0/qa/evidence/derived-data-unthinned/Build/Products/Debug-iphonesimulator/include -Xcc -I/Users/cengcheng/Documents/GitHub/vino/docs/1.0.0/qa/evidence/derived-data-unthinned/Build/Intermediates.noindex/vino_iPhone.build/Debug-iphonesimulator/vino_iPhone.build/DerivedSources-normal/x86_64 -Xcc -I/Users/cengcheng/Documents/GitHub/vino/docs/1.0.0/qa/evidence/derived-data-unthinned/Build/Intermediates.noindex/vino_iPhone.build/Debug-iphonesimulator/vino_iPhone.build/DerivedSources/x86_64 -Xcc -I/Users/cengcheng/Documents/GitHub/vino/docs/1.0.0/qa/evidence/derived-data-unthinned/Build/Intermediates.noindex/vino_iPhone.build/Debug-iphonesimulator/vino_iPhone.build/DerivedSources -Xcc -DDEBUG\=1 -module-name vino_iPhone -frontend-parseable-output -disable-clang-spi -target-sdk-version 18.2 -target-sdk-name iphonesimulator18.2 -external-plugin-path /Applications/Xcode.app/Contents/Developer/Platforms/iPhoneOS.platform/Developer/usr/lib/swift/host/plugins\#/Applications/Xcode.app/Contents/Developer/Platforms/iPhoneOS.platform/Developer/usr/bin/swift-plugin-server -external-plugin-path /Applications/Xcode.app/Contents/Developer/Platforms/iPhoneOS.platform/Developer/usr/local/lib/swift/host/plugins\#/Applications/Xcode.app/Contents/Developer/Platforms/iPhoneOS.platform/Developer/usr/bin/swift-plugin-server -plugin-path /Applications/Xcode.app/Contents/Developer/Toolchains/XcodeDefault.xctoolchain/usr/lib/swift/host/plugins -plugin-path /Applications/Xcode.app/Contents/Developer/Toolchains/XcodeDefault.xctoolchain/usr/local/lib/swift/host/plugins -o /Users/cengcheng/Documents/GitHub/vino/docs/1.0.0/qa/evidence/derived-data-unthinned/Build/Intermediates.noindex/vino_iPhone.build/Debug-iphonesimulator/vino_iPhone.build/Objects-normal/x86_64/CameraSessionController.o -o /Users/cengcheng/Documents/GitHub/vino/docs/1.0.0/qa/evidence/derived-data-unthinned/Build/Intermediates.noindex/vino_iPhone.build/Debug-iphonesimulator/vino_iPhone.build/Objects-normal/x86_64/InferenceRuntime.o -o /Users/cengcheng/Documents/GitHub/vino/docs/1.0.0/qa/evidence/derived-data-unthinned/Build/Intermediates.noindex/vino_iPhone.build/Debug-iphonesimulator/vino_iPhone.build/Objects-normal/x86_64/CoreMLCatalog.o -index-unit-output-path /vino_iPhone.build/Debug-iphonesimulator/vino_iPhone.build/Objects-normal/x86_64/CameraSessionController.o -index-unit-output-path /vino_iPhone.build/Debug-iphonesimulator/vino_iPhone.build/Objects-normal/x86_64/InferenceRuntime.o -index-unit-output-path /vino_iPhone.build/Debug-iphonesimulator/vino_iPhone.build/Objects-normal/x86_64/CoreMLCatalog.o -index-store-path /Users/cengcheng/Documents/GitHub/vino/docs/1.0.0/qa/evidence/derived-data-unthinned/Index.noindex/DataStore -index-system-modules

SwiftCompile normal x86_64 /Users/cengcheng/Documents/GitHub/vino/vino_iPhone/Sources/Camera/CameraSessionController.swift (in target 'vino_iPhone' from project 'vino_iPhone')
    cd /Users/cengcheng/Documents/GitHub/vino/vino_iPhone
    /Applications/Xcode.app/Contents/Developer/Toolchains/XcodeDefault.xctoolchain/usr/bin/swift-frontend -c /Users/cengcheng/Documents/GitHub/vino/vino_iPhone/AppHost/VinoPhoneApp.swift /Users/cengcheng/Documents/GitHub/vino/vino_iPhone/Sources/App/VinoPhoneShellView.swift /Users/cengcheng/Documents/GitHub/vino/vino_iPhone/Sources/Camera/CameraPreviewView.swift -primary-file /Users/cengcheng/Documents/GitHub/vino/vino_iPhone/Sources/Camera/CameraSessionController.swift -primary-file /Users/cengcheng/Documents/GitHub/vino/vino_iPhone/Sources/Inference/InferenceRuntime.swift -primary-file /Users/cengcheng/Documents/GitHub/vino/vino_iPhone/Sources/Models/CoreMLCatalog.swift /Users/cengcheng/Documents/GitHub/vino/vino_iPhone/Sources/Models/InferenceModels.swift /Users/cengcheng/Documents/GitHub/vino/vino_iPhone/Sources/Models/ModelFileStore.swift /Users/cengcheng/Documents/GitHub/vino/vino_iPhone/Sources/Models/VinoAppState.swift /Users/cengcheng/Documents/GitHub/vino/vino_iPhone/Sources/Models/VinoTheme.swift /Users/cengcheng/Documents/GitHub/vino/vino_iPhone/Sources/Networking/ControlPlaneCoordinator.swift /Users/cengcheng/Documents/GitHub/vino/vino_iPhone/Sources/Networking/IPAddressMonitor.swift /Users/cengcheng/Documents/GitHub/vino/vino_iPhone/Sources/Networking/VinoProtocol.swift /Users/cengcheng/Documents/GitHub/vino/vino_iPhone/Sources/Overlay/CameraOverlayView.swift /Users/cengcheng/Documents/GitHub/vino/vino_iPhone/Sources/Overlay/InferenceResultsOverlayView.swift /Users/cengcheng/Documents/GitHub/vino/vino_iPhone/Sources/Auth/AuthModels.swift /Users/cengcheng/Documents/GitHub/vino/vino_iPhone/Sources/Auth/KeychainStore.swift /Users/cengcheng/Documents/GitHub/vino/vino_iPhone/Sources/Auth/AuthSessionStore.swift /Users/cengcheng/Documents/GitHub/vino/vino_iPhone/Sources/Auth/AuthService.swift /Users/cengcheng/Documents/GitHub/vino/vino_iPhone/Sources/Models/CloudModelCatalog.swift /Users/cengcheng/Documents/GitHub/vino/vino_iPhone/Sources/Models/ModelLicenseVerifier.swift /Users/cengcheng/Documents/GitHub/vino/vino_iPhone/Sources/Networking/AssetUploadService.swift /Users/cengcheng/Documents/GitHub/vino/vino_iPhone/Sources/Networking/CloudControlCoordinator.swift /Users/cengcheng/Documents/GitHub/vino/docs/1.0.0/qa/evidence/derived-data-unthinned/Build/Intermediates.noindex/vino_iPhone.build/Debug-iphonesimulator/vino_iPhone.build/DerivedSources/GeneratedAssetSymbols.swift -supplementary-output-file-map /Users/cengcheng/Documents/GitHub/vino/docs/1.0.0/qa/evidence/derived-data-unthinned/Build/Intermediates.noindex/vino_iPhone.build/Debug-iphonesimulator/vino_iPhone.build/Objects-normal/x86_64/supplementaryOutputs-3 -emit-localized-strings -emit-localized-strings-path /Users/cengcheng/Documents/GitHub/vino/docs/1.0.0/qa/evidence/derived-data-unthinned/Build/Intermediates.noindex/vino_iPhone.build/Debug-iphonesimulator/vino_iPhone.build/Objects-normal/x86_64 -target x86_64-apple-ios17.6-simulator -enable-objc-interop -sdk /Applications/Xcode.app/Contents/Developer/Platforms/iPhoneSimulator.platform/Developer/SDKs/iPhoneSimulator18.2.sdk -I /Users/cengcheng/Documents/GitHub/vino/docs/1.0.0/qa/evidence/derived-data-unthinned/Build/Products/Debug-iphonesimulator -F /Users/cengcheng/Documents/GitHub/vino/docs/1.0.0/qa/evidence/derived-data-unthinned/Build/Products/Debug-iphonesimulator -no-color-diagnostics -enable-testing -g -debug-info-format\=dwarf -dwarf-version\=4 -module-cache-path /Users/cengcheng/Documents/GitHub/vino/docs/1.0.0/qa/evidence/derived-data-unthinned/ModuleCache.noindex -swift-version 5 -enforce-exclusivity\=checked -Onone -D DEBUG -serialize-debugging-options -const-gather-protocols-file /Users/cengcheng/Documents/GitHub/vino/docs/1.0.0/qa/evidence/derived-data-unthinned/Build/Intermediates.noindex/vino_iPhone.build/Debug-iphonesimulator/vino_iPhone.build/Objects-normal/x86_64/vino_iPhone_const_extract_protocols.json -enable-experimental-feature DebugDescriptionMacro -enable-experimental-feature OpaqueTypeErasure -enable-bare-slash-regex -empty-abi-descriptor -validate-clang-modules-once -clang-build-session-file /Users/cengcheng/Documents/GitHub/vino/docs/1.0.0/qa/evidence/derived-data-unthinned/ModuleCache.noindex/Session.modulevalidation -Xcc -working-directory -Xcc /Users/cengcheng/Documents/GitHub/vino/vino_iPhone -resource-dir /Applications/Xcode.app/Contents/Developer/Toolchains/XcodeDefault.xctoolchain/usr/lib/swift -enable-anonymous-context-mangled-names -file-compilation-dir /Users/cengcheng/Documents/GitHub/vino/vino_iPhone -Xcc -D_LIBCPP_HARDENING_MODE\=_LIBCPP_HARDENING_MODE_DEBUG -Xcc -ivfsstatcache -Xcc /Users/cengcheng/Documents/GitHub/vino/docs/1.0.0/qa/evidence/derived-data-unthinned/SDKStatCaches.noindex/iphonesimulator18.2-22C146-07b28473f605e47e75261259d3ef3b5a.sdkstatcache -Xcc -I/Users/cengcheng/Documents/GitHub/vino/docs/1.0.0/qa/evidence/derived-data-unthinned/Build/Intermediates.noindex/vino_iPhone.build/Debug-iphonesimulator/vino_iPhone.build/swift-overrides.hmap -Xcc -iquote -Xcc /Users/cengcheng/Documents/GitHub/vino/docs/1.0.0/qa/evidence/derived-data-unthinned/Build/Intermediates.noindex/vino_iPhone.build/Debug-iphonesimulator/vino_iPhone.build/灵眼GX-generated-files.hmap -Xcc -I/Users/cengcheng/Documents/GitHub/vino/docs/1.0.0/qa/evidence/derived-data-unthinned/Build/Intermediates.noindex/vino_iPhone.build/Debug-iphonesimulator/vino_iPhone.build/灵眼GX-own-target-headers.hmap -Xcc -I/Users/cengcheng/Documents/GitHub/vino/docs/1.0.0/qa/evidence/derived-data-unthinned/Build/Intermediates.noindex/vino_iPhone.build/Debug-iphonesimulator/vino_iPhone.build/灵眼GX-all-target-headers.hmap -Xcc -iquote -Xcc /Users/cengcheng/Documents/GitHub/vino/docs/1.0.0/qa/evidence/derived-data-unthinned/Build/Intermediates.noindex/vino_iPhone.build/Debug-iphonesimulator/vino_iPhone.build/灵眼GX-project-headers.hmap -Xcc -I/Users/cengcheng/Documents/GitHub/vino/docs/1.0.0/qa/evidence/derived-data-unthinned/Build/Products/Debug-iphonesimulator/include -Xcc -I/Users/cengcheng/Documents/GitHub/vino/docs/1.0.0/qa/evidence/derived-data-unthinned/Build/Intermediates.noindex/vino_iPhone.build/Debug-iphonesimulator/vino_iPhone.build/DerivedSources-normal/x86_64 -Xcc -I/Users/cengcheng/Documents/GitHub/vino/docs/1.0.0/qa/evidence/derived-data-unthinned/Build/Intermediates.noindex/vino_iPhone.build/Debug-iphonesimulator/vino_iPhone.build/DerivedSources/x86_64 -Xcc -I/Users/cengcheng/Documents/GitHub/vino/docs/1.0.0/qa/evidence/derived-data-unthinned/Build/Intermediates.noindex/vino_iPhone.build/Debug-iphonesimulator/vino_iPhone.build/DerivedSources -Xcc -DDEBUG\=1 -module-name vino_iPhone -frontend-parseable-output -disable-clang-spi -target-sdk-version 18.2 -target-sdk-name iphonesimulator18.2 -external-plugin-path /Applications/Xcode.app/Contents/Developer/Platforms/iPhoneOS.platform/Developer/usr/lib/swift/host/plugins\#/Applications/Xcode.app/Contents/Developer/Platforms/iPhoneOS.platform/Developer/usr/bin/swift-plugin-server -external-plugin-path /Applications/Xcode.app/Contents/Developer/Platforms/iPhoneOS.platform/Developer/usr/local/lib/swift/host/plugins\#/Applications/Xcode.app/Contents/Developer/Platforms/iPhoneOS.platform/Developer/usr/bin/swift-plugin-server -plugin-path /Applications/Xcode.app/Contents/Developer/Toolchains/XcodeDefault.xctoolchain/usr/lib/swift/host/plugins -plugin-path /Applications/Xcode.app/Contents/Developer/Toolchains/XcodeDefault.xctoolchain/usr/local/lib/swift/host/plugins -o /Users/cengcheng/Documents/GitHub/vino/docs/1.0.0/qa/evidence/derived-data-unthinned/Build/Intermediates.noindex/vino_iPhone.build/Debug-iphonesimulator/vino_iPhone.build/Objects-normal/x86_64/CameraSessionController.o -o /Users/cengcheng/Documents/GitHub/vino/docs/1.0.0/qa/evidence/derived-data-unthinned/Build/Intermediates.noindex/vino_iPhone.build/Debug-iphonesimulator/vino_iPhone.build/Objects-normal/x86_64/InferenceRuntime.o -o /Users/cengcheng/Documents/GitHub/vino/docs/1.0.0/qa/evidence/derived-data-unthinned/Build/Intermediates.noindex/vino_iPhone.build/Debug-iphonesimulator/vino_iPhone.build/Objects-normal/x86_64/CoreMLCatalog.o -index-unit-output-path /vino_iPhone.build/Debug-iphonesimulator/vino_iPhone.build/Objects-normal/x86_64/CameraSessionController.o -index-unit-output-path /vino_iPhone.build/Debug-iphonesimulator/vino_iPhone.build/Objects-normal/x86_64/InferenceRuntime.o -index-unit-output-path /vino_iPhone.build/Debug-iphonesimulator/vino_iPhone.build/Objects-normal/x86_64/CoreMLCatalog.o -index-store-path /Users/cengcheng/Documents/GitHub/vino/docs/1.0.0/qa/evidence/derived-data-unthinned/Index.noindex/DataStore -index-system-modules

SwiftCompile normal x86_64 /Users/cengcheng/Documents/GitHub/vino/vino_iPhone/Sources/Inference/InferenceRuntime.swift (in target 'vino_iPhone' from project 'vino_iPhone')
    cd /Users/cengcheng/Documents/GitHub/vino/vino_iPhone
    /Applications/Xcode.app/Contents/Developer/Toolchains/XcodeDefault.xctoolchain/usr/bin/swift-frontend -c /Users/cengcheng/Documents/GitHub/vino/vino_iPhone/AppHost/VinoPhoneApp.swift /Users/cengcheng/Documents/GitHub/vino/vino_iPhone/Sources/App/VinoPhoneShellView.swift /Users/cengcheng/Documents/GitHub/vino/vino_iPhone/Sources/Camera/CameraPreviewView.swift -primary-file /Users/cengcheng/Documents/GitHub/vino/vino_iPhone/Sources/Camera/CameraSessionController.swift -primary-file /Users/cengcheng/Documents/GitHub/vino/vino_iPhone/Sources/Inference/InferenceRuntime.swift -primary-file /Users/cengcheng/Documents/GitHub/vino/vino_iPhone/Sources/Models/CoreMLCatalog.swift /Users/cengcheng/Documents/GitHub/vino/vino_iPhone/Sources/Models/InferenceModels.swift /Users/cengcheng/Documents/GitHub/vino/vino_iPhone/Sources/Models/ModelFileStore.swift /Users/cengcheng/Documents/GitHub/vino/vino_iPhone/Sources/Models/VinoAppState.swift /Users/cengcheng/Documents/GitHub/vino/vino_iPhone/Sources/Models/VinoTheme.swift /Users/cengcheng/Documents/GitHub/vino/vino_iPhone/Sources/Networking/ControlPlaneCoordinator.swift /Users/cengcheng/Documents/GitHub/vino/vino_iPhone/Sources/Networking/IPAddressMonitor.swift /Users/cengcheng/Documents/GitHub/vino/vino_iPhone/Sources/Networking/VinoProtocol.swift /Users/cengcheng/Documents/GitHub/vino/vino_iPhone/Sources/Overlay/CameraOverlayView.swift /Users/cengcheng/Documents/GitHub/vino/vino_iPhone/Sources/Overlay/InferenceResultsOverlayView.swift /Users/cengcheng/Documents/GitHub/vino/vino_iPhone/Sources/Auth/AuthModels.swift /Users/cengcheng/Documents/GitHub/vino/vino_iPhone/Sources/Auth/KeychainStore.swift /Users/cengcheng/Documents/GitHub/vino/vino_iPhone/Sources/Auth/AuthSessionStore.swift /Users/cengcheng/Documents/GitHub/vino/vino_iPhone/Sources/Auth/AuthService.swift /Users/cengcheng/Documents/GitHub/vino/vino_iPhone/Sources/Models/CloudModelCatalog.swift /Users/cengcheng/Documents/GitHub/vino/vino_iPhone/Sources/Models/ModelLicenseVerifier.swift /Users/cengcheng/Documents/GitHub/vino/vino_iPhone/Sources/Networking/AssetUploadService.swift /Users/cengcheng/Documents/GitHub/vino/vino_iPhone/Sources/Networking/CloudControlCoordinator.swift /Users/cengcheng/Documents/GitHub/vino/docs/1.0.0/qa/evidence/derived-data-unthinned/Build/Intermediates.noindex/vino_iPhone.build/Debug-iphonesimulator/vino_iPhone.build/DerivedSources/GeneratedAssetSymbols.swift -supplementary-output-file-map /Users/cengcheng/Documents/GitHub/vino/docs/1.0.0/qa/evidence/derived-data-unthinned/Build/Intermediates.noindex/vino_iPhone.build/Debug-iphonesimulator/vino_iPhone.build/Objects-normal/x86_64/supplementaryOutputs-3 -emit-localized-strings -emit-localized-strings-path /Users/cengcheng/Documents/GitHub/vino/docs/1.0.0/qa/evidence/derived-data-unthinned/Build/Intermediates.noindex/vino_iPhone.build/Debug-iphonesimulator/vino_iPhone.build/Objects-normal/x86_64 -target x86_64-apple-ios17.6-simulator -enable-objc-interop -sdk /Applications/Xcode.app/Contents/Developer/Platforms/iPhoneSimulator.platform/Developer/SDKs/iPhoneSimulator18.2.sdk -I /Users/cengcheng/Documents/GitHub/vino/docs/1.0.0/qa/evidence/derived-data-unthinned/Build/Products/Debug-iphonesimulator -F /Users/cengcheng/Documents/GitHub/vino/docs/1.0.0/qa/evidence/derived-data-unthinned/Build/Products/Debug-iphonesimulator -no-color-diagnostics -enable-testing -g -debug-info-format\=dwarf -dwarf-version\=4 -module-cache-path /Users/cengcheng/Documents/GitHub/vino/docs/1.0.0/qa/evidence/derived-data-unthinned/ModuleCache.noindex -swift-version 5 -enforce-exclusivity\=checked -Onone -D DEBUG -serialize-debugging-options -const-gather-protocols-file /Users/cengcheng/Documents/GitHub/vino/docs/1.0.0/qa/evidence/derived-data-unthinned/Build/Intermediates.noindex/vino_iPhone.build/Debug-iphonesimulator/vino_iPhone.build/Objects-normal/x86_64/vino_iPhone_const_extract_protocols.json -enable-experimental-feature DebugDescriptionMacro -enable-experimental-feature OpaqueTypeErasure -enable-bare-slash-regex -empty-abi-descriptor -validate-clang-modules-once -clang-build-session-file /Users/cengcheng/Documents/GitHub/vino/docs/1.0.0/qa/evidence/derived-data-unthinned/ModuleCache.noindex/Session.modulevalidation -Xcc -working-directory -Xcc /Users/cengcheng/Documents/GitHub/vino/vino_iPhone -resource-dir /Applications/Xcode.app/Contents/Developer/Toolchains/XcodeDefault.xctoolchain/usr/lib/swift -enable-anonymous-context-mangled-names -file-compilation-dir /Users/cengcheng/Documents/GitHub/vino/vino_iPhone -Xcc -D_LIBCPP_HARDENING_MODE\=_LIBCPP_HARDENING_MODE_DEBUG -Xcc -ivfsstatcache -Xcc /Users/cengcheng/Documents/GitHub/vino/docs/1.0.0/qa/evidence/derived-data-unthinned/SDKStatCaches.noindex/iphonesimulator18.2-22C146-07b28473f605e47e75261259d3ef3b5a.sdkstatcache -Xcc -I/Users/cengcheng/Documents/GitHub/vino/docs/1.0.0/qa/evidence/derived-data-unthinned/Build/Intermediates.noindex/vino_iPhone.build/Debug-iphonesimulator/vino_iPhone.build/swift-overrides.hmap -Xcc -iquote -Xcc /Users/cengcheng/Documents/GitHub/vino/docs/1.0.0/qa/evidence/derived-data-unthinned/Build/Intermediates.noindex/vino_iPhone.build/Debug-iphonesimulator/vino_iPhone.build/灵眼GX-generated-files.hmap -Xcc -I/Users/cengcheng/Documents/GitHub/vino/docs/1.0.0/qa/evidence/derived-data-unthinned/Build/Intermediates.noindex/vino_iPhone.build/Debug-iphonesimulator/vino_iPhone.build/灵眼GX-own-target-headers.hmap -Xcc -I/Users/cengcheng/Documents/GitHub/vino/docs/1.0.0/qa/evidence/derived-data-unthinned/Build/Intermediates.noindex/vino_iPhone.build/Debug-iphonesimulator/vino_iPhone.build/灵眼GX-all-target-headers.hmap -Xcc -iquote -Xcc /Users/cengcheng/Documents/GitHub/vino/docs/1.0.0/qa/evidence/derived-data-unthinned/Build/Intermediates.noindex/vino_iPhone.build/Debug-iphonesimulator/vino_iPhone.build/灵眼GX-project-headers.hmap -Xcc -I/Users/cengcheng/Documents/GitHub/vino/docs/1.0.0/qa/evidence/derived-data-unthinned/Build/Products/Debug-iphonesimulator/include -Xcc -I/Users/cengcheng/Documents/GitHub/vino/docs/1.0.0/qa/evidence/derived-data-unthinned/Build/Intermediates.noindex/vino_iPhone.build/Debug-iphonesimulator/vino_iPhone.build/DerivedSources-normal/x86_64 -Xcc -I/Users/cengcheng/Documents/GitHub/vino/docs/1.0.0/qa/evidence/derived-data-unthinned/Build/Intermediates.noindex/vino_iPhone.build/Debug-iphonesimulator/vino_iPhone.build/DerivedSources/x86_64 -Xcc -I/Users/cengcheng/Documents/GitHub/vino/docs/1.0.0/qa/evidence/derived-data-unthinned/Build/Intermediates.noindex/vino_iPhone.build/Debug-iphonesimulator/vino_iPhone.build/DerivedSources -Xcc -DDEBUG\=1 -module-name vino_iPhone -frontend-parseable-output -disable-clang-spi -target-sdk-version 18.2 -target-sdk-name iphonesimulator18.2 -external-plugin-path /Applications/Xcode.app/Contents/Developer/Platforms/iPhoneOS.platform/Developer/usr/lib/swift/host/plugins\#/Applications/Xcode.app/Contents/Developer/Platforms/iPhoneOS.platform/Developer/usr/bin/swift-plugin-server -external-plugin-path /Applications/Xcode.app/Contents/Developer/Platforms/iPhoneOS.platform/Developer/usr/local/lib/swift/host/plugins\#/Applications/Xcode.app/Contents/Developer/Platforms/iPhoneOS.platform/Developer/usr/bin/swift-plugin-server -plugin-path /Applications/Xcode.app/Contents/Developer/Toolchains/XcodeDefault.xctoolchain/usr/lib/swift/host/plugins -plugin-path /Applications/Xcode.app/Contents/Developer/Toolchains/XcodeDefault.xctoolchain/usr/local/lib/swift/host/plugins -o /Users/cengcheng/Documents/GitHub/vino/docs/1.0.0/qa/evidence/derived-data-unthinned/Build/Intermediates.noindex/vino_iPhone.build/Debug-iphonesimulator/vino_iPhone.build/Objects-normal/x86_64/CameraSessionController.o -o /Users/cengcheng/Documents/GitHub/vino/docs/1.0.0/qa/evidence/derived-data-unthinned/Build/Intermediates.noindex/vino_iPhone.build/Debug-iphonesimulator/vino_iPhone.build/Objects-normal/x86_64/InferenceRuntime.o -o /Users/cengcheng/Documents/GitHub/vino/docs/1.0.0/qa/evidence/derived-data-unthinned/Build/Intermediates.noindex/vino_iPhone.build/Debug-iphonesimulator/vino_iPhone.build/Objects-normal/x86_64/CoreMLCatalog.o -index-unit-output-path /vino_iPhone.build/Debug-iphonesimulator/vino_iPhone.build/Objects-normal/x86_64/CameraSessionController.o -index-unit-output-path /vino_iPhone.build/Debug-iphonesimulator/vino_iPhone.build/Objects-normal/x86_64/InferenceRuntime.o -index-unit-output-path /vino_iPhone.build/Debug-iphonesimulator/vino_iPhone.build/Objects-normal/x86_64/CoreMLCatalog.o -index-store-path /Users/cengcheng/Documents/GitHub/vino/docs/1.0.0/qa/evidence/derived-data-unthinned/Index.noindex/DataStore -index-system-modules

SwiftCompile normal x86_64 /Users/cengcheng/Documents/GitHub/vino/vino_iPhone/Sources/Models/CoreMLCatalog.swift (in target 'vino_iPhone' from project 'vino_iPhone')
    cd /Users/cengcheng/Documents/GitHub/vino/vino_iPhone
    /Applications/Xcode.app/Contents/Developer/Toolchains/XcodeDefault.xctoolchain/usr/bin/swift-frontend -c /Users/cengcheng/Documents/GitHub/vino/vino_iPhone/AppHost/VinoPhoneApp.swift /Users/cengcheng/Documents/GitHub/vino/vino_iPhone/Sources/App/VinoPhoneShellView.swift /Users/cengcheng/Documents/GitHub/vino/vino_iPhone/Sources/Camera/CameraPreviewView.swift -primary-file /Users/cengcheng/Documents/GitHub/vino/vino_iPhone/Sources/Camera/CameraSessionController.swift -primary-file /Users/cengcheng/Documents/GitHub/vino/vino_iPhone/Sources/Inference/InferenceRuntime.swift -primary-file /Users/cengcheng/Documents/GitHub/vino/vino_iPhone/Sources/Models/CoreMLCatalog.swift /Users/cengcheng/Documents/GitHub/vino/vino_iPhone/Sources/Models/InferenceModels.swift /Users/cengcheng/Documents/GitHub/vino/vino_iPhone/Sources/Models/ModelFileStore.swift /Users/cengcheng/Documents/GitHub/vino/vino_iPhone/Sources/Models/VinoAppState.swift /Users/cengcheng/Documents/GitHub/vino/vino_iPhone/Sources/Models/VinoTheme.swift /Users/cengcheng/Documents/GitHub/vino/vino_iPhone/Sources/Networking/ControlPlaneCoordinator.swift /Users/cengcheng/Documents/GitHub/vino/vino_iPhone/Sources/Networking/IPAddressMonitor.swift /Users/cengcheng/Documents/GitHub/vino/vino_iPhone/Sources/Networking/VinoProtocol.swift /Users/cengcheng/Documents/GitHub/vino/vino_iPhone/Sources/Overlay/CameraOverlayView.swift /Users/cengcheng/Documents/GitHub/vino/vino_iPhone/Sources/Overlay/InferenceResultsOverlayView.swift /Users/cengcheng/Documents/GitHub/vino/vino_iPhone/Sources/Auth/AuthModels.swift /Users/cengcheng/Documents/GitHub/vino/vino_iPhone/Sources/Auth/KeychainStore.swift /Users/cengcheng/Documents/GitHub/vino/vino_iPhone/Sources/Auth/AuthSessionStore.swift /Users/cengcheng/Documents/GitHub/vino/vino_iPhone/Sources/Auth/AuthService.swift /Users/cengcheng/Documents/GitHub/vino/vino_iPhone/Sources/Models/CloudModelCatalog.swift /Users/cengcheng/Documents/GitHub/vino/vino_iPhone/Sources/Models/ModelLicenseVerifier.swift /Users/cengcheng/Documents/GitHub/vino/vino_iPhone/Sources/Networking/AssetUploadService.swift /Users/cengcheng/Documents/GitHub/vino/vino_iPhone/Sources/Networking/CloudControlCoordinator.swift /Users/cengcheng/Documents/GitHub/vino/docs/1.0.0/qa/evidence/derived-data-unthinned/Build/Intermediates.noindex/vino_iPhone.build/Debug-iphonesimulator/vino_iPhone.build/DerivedSources/GeneratedAssetSymbols.swift -supplementary-output-file-map /Users/cengcheng/Documents/GitHub/vino/docs/1.0.0/qa/evidence/derived-data-unthinned/Build/Intermediates.noindex/vino_iPhone.build/Debug-iphonesimulator/vino_iPhone.build/Objects-normal/x86_64/supplementaryOutputs-3 -emit-localized-strings -emit-localized-strings-path /Users/cengcheng/Documents/GitHub/vino/docs/1.0.0/qa/evidence/derived-data-unthinned/Build/Intermediates.noindex/vino_iPhone.build/Debug-iphonesimulator/vino_iPhone.build/Objects-normal/x86_64 -target x86_64-apple-ios17.6-simulator -enable-objc-interop -sdk /Applications/Xcode.app/Contents/Developer/Platforms/iPhoneSimulator.platform/Developer/SDKs/iPhoneSimulator18.2.sdk -I /Users/cengcheng/Documents/GitHub/vino/docs/1.0.0/qa/evidence/derived-data-unthinned/Build/Products/Debug-iphonesimulator -F /Users/cengcheng/Documents/GitHub/vino/docs/1.0.0/qa/evidence/derived-data-unthinned/Build/Products/Debug-iphonesimulator -no-color-diagnostics -enable-testing -g -debug-info-format\=dwarf -dwarf-version\=4 -module-cache-path /Users/cengcheng/Documents/GitHub/vino/docs/1.0.0/qa/evidence/derived-data-unthinned/ModuleCache.noindex -swift-version 5 -enforce-exclusivity\=checked -Onone -D DEBUG -serialize-debugging-options -const-gather-protocols-file /Users/cengcheng/Documents/GitHub/vino/docs/1.0.0/qa/evidence/derived-data-unthinned/Build/Intermediates.noindex/vino_iPhone.build/Debug-iphonesimulator/vino_iPhone.build/Objects-normal/x86_64/vino_iPhone_const_extract_protocols.json -enable-experimental-feature DebugDescriptionMacro -enable-experimental-feature OpaqueTypeErasure -enable-bare-slash-regex -empty-abi-descriptor -validate-clang-modules-once -clang-build-session-file /Users/cengcheng/Documents/GitHub/vino/docs/1.0.0/qa/evidence/derived-data-unthinned/ModuleCache.noindex/Session.modulevalidation -Xcc -working-directory -Xcc /Users/cengcheng/Documents/GitHub/vino/vino_iPhone -resource-dir /Applications/Xcode.app/Contents/Developer/Toolchains/XcodeDefault.xctoolchain/usr/lib/swift -enable-anonymous-context-mangled-names -file-compilation-dir /Users/cengcheng/Documents/GitHub/vino/vino_iPhone -Xcc -D_LIBCPP_HARDENING_MODE\=_LIBCPP_HARDENING_MODE_DEBUG -Xcc -ivfsstatcache -Xcc /Users/cengcheng/Documents/GitHub/vino/docs/1.0.0/qa/evidence/derived-data-unthinned/SDKStatCaches.noindex/iphonesimulator18.2-22C146-07b28473f605e47e75261259d3ef3b5a.sdkstatcache -Xcc -I/Users/cengcheng/Documents/GitHub/vino/docs/1.0.0/qa/evidence/derived-data-unthinned/Build/Intermediates.noindex/vino_iPhone.build/Debug-iphonesimulator/vino_iPhone.build/swift-overrides.hmap -Xcc -iquote -Xcc /Users/cengcheng/Documents/GitHub/vino/docs/1.0.0/qa/evidence/derived-data-unthinned/Build/Intermediates.noindex/vino_iPhone.build/Debug-iphonesimulator/vino_iPhone.build/灵眼GX-generated-files.hmap -Xcc -I/Users/cengcheng/Documents/GitHub/vino/docs/1.0.0/qa/evidence/derived-data-unthinned/Build/Intermediates.noindex/vino_iPhone.build/Debug-iphonesimulator/vino_iPhone.build/灵眼GX-own-target-headers.hmap -Xcc -I/Users/cengcheng/Documents/GitHub/vino/docs/1.0.0/qa/evidence/derived-data-unthinned/Build/Intermediates.noindex/vino_iPhone.build/Debug-iphonesimulator/vino_iPhone.build/灵眼GX-all-target-headers.hmap -Xcc -iquote -Xcc /Users/cengcheng/Documents/GitHub/vino/docs/1.0.0/qa/evidence/derived-data-unthinned/Build/Intermediates.noindex/vino_iPhone.build/Debug-iphonesimulator/vino_iPhone.build/灵眼GX-project-headers.hmap -Xcc -I/Users/cengcheng/Documents/GitHub/vino/docs/1.0.0/qa/evidence/derived-data-unthinned/Build/Products/Debug-iphonesimulator/include -Xcc -I/Users/cengcheng/Documents/GitHub/vino/docs/1.0.0/qa/evidence/derived-data-unthinned/Build/Intermediates.noindex/vino_iPhone.build/Debug-iphonesimulator/vino_iPhone.build/DerivedSources-normal/x86_64 -Xcc -I/Users/cengcheng/Documents/GitHub/vino/docs/1.0.0/qa/evidence/derived-data-unthinned/Build/Intermediates.noindex/vino_iPhone.build/Debug-iphonesimulator/vino_iPhone.build/DerivedSources/x86_64 -Xcc -I/Users/cengcheng/Documents/GitHub/vino/docs/1.0.0/qa/evidence/derived-data-unthinned/Build/Intermediates.noindex/vino_iPhone.build/Debug-iphonesimulator/vino_iPhone.build/DerivedSources -Xcc -DDEBUG\=1 -module-name vino_iPhone -frontend-parseable-output -disable-clang-spi -target-sdk-version 18.2 -target-sdk-name iphonesimulator18.2 -external-plugin-path /Applications/Xcode.app/Contents/Developer/Platforms/iPhoneOS.platform/Developer/usr/lib/swift/host/plugins\#/Applications/Xcode.app/Contents/Developer/Platforms/iPhoneOS.platform/Developer/usr/bin/swift-plugin-server -external-plugin-path /Applications/Xcode.app/Contents/Developer/Platforms/iPhoneOS.platform/Developer/usr/local/lib/swift/host/plugins\#/Applications/Xcode.app/Contents/Developer/Platforms/iPhoneOS.platform/Developer/usr/bin/swift-plugin-server -plugin-path /Applications/Xcode.app/Contents/Developer/Toolchains/XcodeDefault.xctoolchain/usr/lib/swift/host/plugins -plugin-path /Applications/Xcode.app/Contents/Developer/Toolchains/XcodeDefault.xctoolchain/usr/local/lib/swift/host/plugins -o /Users/cengcheng/Documents/GitHub/vino/docs/1.0.0/qa/evidence/derived-data-unthinned/Build/Intermediates.noindex/vino_iPhone.build/Debug-iphonesimulator/vino_iPhone.build/Objects-normal/x86_64/CameraSessionController.o -o /Users/cengcheng/Documents/GitHub/vino/docs/1.0.0/qa/evidence/derived-data-unthinned/Build/Intermediates.noindex/vino_iPhone.build/Debug-iphonesimulator/vino_iPhone.build/Objects-normal/x86_64/InferenceRuntime.o -o /Users/cengcheng/Documents/GitHub/vino/docs/1.0.0/qa/evidence/derived-data-unthinned/Build/Intermediates.noindex/vino_iPhone.build/Debug-iphonesimulator/vino_iPhone.build/Objects-normal/x86_64/CoreMLCatalog.o -index-unit-output-path /vino_iPhone.build/Debug-iphonesimulator/vino_iPhone.build/Objects-normal/x86_64/CameraSessionController.o -index-unit-output-path /vino_iPhone.build/Debug-iphonesimulator/vino_iPhone.build/Objects-normal/x86_64/InferenceRuntime.o -index-unit-output-path /vino_iPhone.build/Debug-iphonesimulator/vino_iPhone.build/Objects-normal/x86_64/CoreMLCatalog.o -index-store-path /Users/cengcheng/Documents/GitHub/vino/docs/1.0.0/qa/evidence/derived-data-unthinned/Index.noindex/DataStore -index-system-modules

SwiftCompile normal arm64 Compiling\ ModelLicenseVerifier.swift,\ AssetUploadService.swift /Users/cengcheng/Documents/GitHub/vino/vino_iPhone/Sources/Models/ModelLicenseVerifier.swift /Users/cengcheng/Documents/GitHub/vino/vino_iPhone/Sources/Networking/AssetUploadService.swift (in target 'vino_iPhone' from project 'vino_iPhone')
    cd /Users/cengcheng/Documents/GitHub/vino/vino_iPhone
    builtin-swiftTaskExecution -- /Applications/Xcode.app/Contents/Developer/Toolchains/XcodeDefault.xctoolchain/usr/bin/swift-frontend -frontend -c /Users/cengcheng/Documents/GitHub/vino/vino_iPhone/AppHost/VinoPhoneApp.swift /Users/cengcheng/Documents/GitHub/vino/vino_iPhone/Sources/App/VinoPhoneShellView.swift /Users/cengcheng/Documents/GitHub/vino/vino_iPhone/Sources/Camera/CameraPreviewView.swift /Users/cengcheng/Documents/GitHub/vino/vino_iPhone/Sources/Camera/CameraSessionController.swift /Users/cengcheng/Documents/GitHub/vino/vino_iPhone/Sources/Inference/InferenceRuntime.swift /Users/cengcheng/Documents/GitHub/vino/vino_iPhone/Sources/Models/CoreMLCatalog.swift /Users/cengcheng/Documents/GitHub/vino/vino_iPhone/Sources/Models/InferenceModels.swift /Users/cengcheng/Documents/GitHub/vino/vino_iPhone/Sources/Models/ModelFileStore.swift /Users/cengcheng/Documents/GitHub/vino/vino_iPhone/Sources/Models/VinoAppState.swift /Users/cengcheng/Documents/GitHub/vino/vino_iPhone/Sources/Models/VinoTheme.swift /Users/cengcheng/Documents/GitHub/vino/vino_iPhone/Sources/Networking/ControlPlaneCoordinator.swift /Users/cengcheng/Documents/GitHub/vino/vino_iPhone/Sources/Networking/IPAddressMonitor.swift /Users/cengcheng/Documents/GitHub/vino/vino_iPhone/Sources/Networking/VinoProtocol.swift /Users/cengcheng/Documents/GitHub/vino/vino_iPhone/Sources/Overlay/CameraOverlayView.swift /Users/cengcheng/Documents/GitHub/vino/vino_iPhone/Sources/Overlay/InferenceResultsOverlayView.swift /Users/cengcheng/Documents/GitHub/vino/vino_iPhone/Sources/Auth/AuthModels.swift /Users/cengcheng/Documents/GitHub/vino/vino_iPhone/Sources/Auth/KeychainStore.swift /Users/cengcheng/Documents/GitHub/vino/vino_iPhone/Sources/Auth/AuthSessionStore.swift /Users/cengcheng/Documents/GitHub/vino/vino_iPhone/Sources/Auth/AuthService.swift /Users/cengcheng/Documents/GitHub/vino/vino_iPhone/Sources/Models/CloudModelCatalog.swift -primary-file /Users/cengcheng/Documents/GitHub/vino/vino_iPhone/Sources/Models/ModelLicenseVerifier.swift -primary-file /Users/cengcheng/Documents/GitHub/vino/vino_iPhone/Sources/Networking/AssetUploadService.swift /Users/cengcheng/Documents/GitHub/vino/vino_iPhone/Sources/Networking/CloudControlCoordinator.swift /Users/cengcheng/Documents/GitHub/vino/docs/1.0.0/qa/evidence/derived-data-unthinned/Build/Intermediates.noindex/vino_iPhone.build/Debug-iphonesimulator/vino_iPhone.build/DerivedSources/GeneratedAssetSymbols.swift -emit-dependencies-path /Users/cengcheng/Documents/GitHub/vino/docs/1.0.0/qa/evidence/derived-data-unthinned/Build/Intermediates.noindex/vino_iPhone.build/Debug-iphonesimulator/vino_iPhone.build/Objects-normal/arm64/ModelLicenseVerifier.d -emit-const-values-path /Users/cengcheng/Documents/GitHub/vino/docs/1.0.0/qa/evidence/derived-data-unthinned/Build/Intermediates.noindex/vino_iPhone.build/Debug-iphonesimulator/vino_iPhone.build/Objects-normal/arm64/ModelLicenseVerifier.swiftconstvalues -emit-reference-dependencies-path /Users/cengcheng/Documents/GitHub/vino/docs/1.0.0/qa/evidence/derived-data-unthinned/Build/Intermediates.noindex/vino_iPhone.build/Debug-iphonesimulator/vino_iPhone.build/Objects-normal/arm64/ModelLicenseVerifier.swiftdeps -serialize-diagnostics-path /Users/cengcheng/Documents/GitHub/vino/docs/1.0.0/qa/evidence/derived-data-unthinned/Build/Intermediates.noindex/vino_iPhone.build/Debug-iphonesimulator/vino_iPhone.build/Objects-normal/arm64/ModelLicenseVerifier.dia -emit-dependencies-path /Users/cengcheng/Documents/GitHub/vino/docs/1.0.0/qa/evidence/derived-data-unthinned/Build/Intermediates.noindex/vino_iPhone.build/Debug-iphonesimulator/vino_iPhone.build/Objects-normal/arm64/AssetUploadService.d -emit-const-values-path /Users/cengcheng/Documents/GitHub/vino/docs/1.0.0/qa/evidence/derived-data-unthinned/Build/Intermediates.noindex/vino_iPhone.build/Debug-iphonesimulator/vino_iPhone.build/Objects-normal/arm64/AssetUploadService.swiftconstvalues -emit-reference-dependencies-path /Users/cengcheng/Documents/GitHub/vino/docs/1.0.0/qa/evidence/derived-data-unthinned/Build/Intermediates.noindex/vino_iPhone.build/Debug-iphonesimulator/vino_iPhone.build/Objects-normal/arm64/AssetUploadService.swiftdeps -serialize-diagnostics-path /Users/cengcheng/Documents/GitHub/vino/docs/1.0.0/qa/evidence/derived-data-unthinned/Build/Intermediates.noindex/vino_iPhone.build/Debug-iphonesimulator/vino_iPhone.build/Objects-normal/arm64/AssetUploadService.dia -emit-localized-strings -emit-localized-strings-path /Users/cengcheng/Documents/GitHub/vino/docs/1.0.0/qa/evidence/derived-data-unthinned/Build/Intermediates.noindex/vino_iPhone.build/Debug-iphonesimulator/vino_iPhone.build/Objects-normal/arm64 -target arm64-apple-ios17.6-simulator -Xllvm -aarch64-use-tbi -enable-objc-interop -sdk /Applications/Xcode.app/Contents/Developer/Platforms/iPhoneSimulator.platform/Developer/SDKs/iPhoneSimulator18.2.sdk -I /Users/cengcheng/Documents/GitHub/vino/docs/1.0.0/qa/evidence/derived-data-unthinned/Build/Products/Debug-iphonesimulator -F /Users/cengcheng/Documents/GitHub/vino/docs/1.0.0/qa/evidence/derived-data-unthinned/Build/Products/Debug-iphonesimulator -no-color-diagnostics -enable-testing -g -debug-info-format\=dwarf -dwarf-version\=4 -module-cache-path /Users/cengcheng/Documents/GitHub/vino/docs/1.0.0/qa/evidence/derived-data-unthinned/ModuleCache.noindex -swift-version 5 -enforce-exclusivity\=checked -Onone -D DEBUG -serialize-debugging-options -const-gather-protocols-file /Users/cengcheng/Documents/GitHub/vino/docs/1.0.0/qa/evidence/derived-data-unthinned/Build/Intermediates.noindex/vino_iPhone.build/Debug-iphonesimulator/vino_iPhone.build/Objects-normal/arm64/vino_iPhone_const_extract_protocols.json -enable-experimental-feature DebugDescriptionMacro -enable-experimental-feature OpaqueTypeErasure -enable-bare-slash-regex -empty-abi-descriptor -validate-clang-modules-once -clang-build-session-file /Users/cengcheng/Documents/GitHub/vino/docs/1.0.0/qa/evidence/derived-data-unthinned/ModuleCache.noindex/Session.modulevalidation -Xcc -working-directory -Xcc /Users/cengcheng/Documents/GitHub/vino/vino_iPhone -resource-dir /Applications/Xcode.app/Contents/Developer/Toolchains/XcodeDefault.xctoolchain/usr/lib/swift -enable-anonymous-context-mangled-names -file-compilation-dir /Users/cengcheng/Documents/GitHub/vino/vino_iPhone -Xcc -D_LIBCPP_HARDENING_MODE\=_LIBCPP_HARDENING_MODE_DEBUG -Xcc -ivfsstatcache -Xcc /Users/cengcheng/Documents/GitHub/vino/docs/1.0.0/qa/evidence/derived-data-unthinned/SDKStatCaches.noindex/iphonesimulator18.2-22C146-07b28473f605e47e75261259d3ef3b5a.sdkstatcache -Xcc -I/Users/cengcheng/Documents/GitHub/vino/docs/1.0.0/qa/evidence/derived-data-unthinned/Build/Intermediates.noindex/vino_iPhone.build/Debug-iphonesimulator/vino_iPhone.build/swift-overrides.hmap -Xcc -iquote -Xcc /Users/cengcheng/Documents/GitHub/vino/docs/1.0.0/qa/evidence/derived-data-unthinned/Build/Intermediates.noindex/vino_iPhone.build/Debug-iphonesimulator/vino_iPhone.build/灵眼GX-generated-files.hmap -Xcc -I/Users/cengcheng/Documents/GitHub/vino/docs/1.0.0/qa/evidence/derived-data-unthinned/Build/Intermediates.noindex/vino_iPhone.build/Debug-iphonesimulator/vino_iPhone.build/灵眼GX-own-target-headers.hmap -Xcc -I/Users/cengcheng/Documents/GitHub/vino/docs/1.0.0/qa/evidence/derived-data-unthinned/Build/Intermediates.noindex/vino_iPhone.build/Debug-iphonesimulator/vino_iPhone.build/灵眼GX-all-target-headers.hmap -Xcc -iquote -Xcc /Users/cengcheng/Documents/GitHub/vino/docs/1.0.0/qa/evidence/derived-data-unthinned/Build/Intermediates.noindex/vino_iPhone.build/Debug-iphonesimulator/vino_iPhone.build/灵眼GX-project-headers.hmap -Xcc -I/Users/cengcheng/Documents/GitHub/vino/docs/1.0.0/qa/evidence/derived-data-unthinned/Build/Products/Debug-iphonesimulator/include -Xcc -I/Users/cengcheng/Documents/GitHub/vino/docs/1.0.0/qa/evidence/derived-data-unthinned/Build/Intermediates.noindex/vino_iPhone.build/Debug-iphonesimulator/vino_iPhone.build/DerivedSources-normal/arm64 -Xcc -I/Users/cengcheng/Documents/GitHub/vino/docs/1.0.0/qa/evidence/derived-data-unthinned/Build/Intermediates.noindex/vino_iPhone.build/Debug-iphonesimulator/vino_iPhone.build/DerivedSources/arm64 -Xcc -I/Users/cengcheng/Documents/GitHub/vino/docs/1.0.0/qa/evidence/derived-data-unthinned/Build/Intermediates.noindex/vino_iPhone.build/Debug-iphonesimulator/vino_iPhone.build/DerivedSources -Xcc -DDEBUG\=1 -module-name vino_iPhone -frontend-parseable-output -disable-clang-spi -target-sdk-version 18.2 -target-sdk-name iphonesimulator18.2 -external-plugin-path /Applications/Xcode.app/Contents/Developer/Platforms/iPhoneOS.platform/Developer/usr/lib/swift/host/plugins\#/Applications/Xcode.app/Contents/Developer/Platforms/iPhoneOS.platform/Developer/usr/bin/swift-plugin-server -external-plugin-path /Applications/Xcode.app/Contents/Developer/Platforms/iPhoneOS.platform/Developer/usr/local/lib/swift/host/plugins\#/Applications/Xcode.app/Contents/Developer/Platforms/iPhoneOS.platform/Developer/usr/bin/swift-plugin-server -plugin-path /Applications/Xcode.app/Contents/Developer/Toolchains/XcodeDefault.xctoolchain/usr/lib/swift/host/plugins -plugin-path /Applications/Xcode.app/Contents/Developer/Toolchains/XcodeDefault.xctoolchain/usr/local/lib/swift/host/plugins -o /Users/cengcheng/Documents/GitHub/vino/docs/1.0.0/qa/evidence/derived-data-unthinned/Build/Intermediates.noindex/vino_iPhone.build/Debug-iphonesimulator/vino_iPhone.build/Objects-normal/arm64/ModelLicenseVerifier.o -o /Users/cengcheng/Documents/GitHub/vino/docs/1.0.0/qa/evidence/derived-data-unthinned/Build/Intermediates.noindex/vino_iPhone.build/Debug-iphonesimulator/vino_iPhone.build/Objects-normal/arm64/AssetUploadService.o -index-unit-output-path /vino_iPhone.build/Debug-iphonesimulator/vino_iPhone.build/Objects-normal/arm64/ModelLicenseVerifier.o -index-unit-output-path /vino_iPhone.build/Debug-iphonesimulator/vino_iPhone.build/Objects-normal/arm64/AssetUploadService.o -index-store-path /Users/cengcheng/Documents/GitHub/vino/docs/1.0.0/qa/evidence/derived-data-unthinned/Index.noindex/DataStore -index-system-modules

SwiftCompile normal arm64 /Users/cengcheng/Documents/GitHub/vino/vino_iPhone/Sources/Models/ModelLicenseVerifier.swift (in target 'vino_iPhone' from project 'vino_iPhone')
    cd /Users/cengcheng/Documents/GitHub/vino/vino_iPhone
    /Applications/Xcode.app/Contents/Developer/Toolchains/XcodeDefault.xctoolchain/usr/bin/swift-frontend -c /Users/cengcheng/Documents/GitHub/vino/vino_iPhone/AppHost/VinoPhoneApp.swift /Users/cengcheng/Documents/GitHub/vino/vino_iPhone/Sources/App/VinoPhoneShellView.swift /Users/cengcheng/Documents/GitHub/vino/vino_iPhone/Sources/Camera/CameraPreviewView.swift /Users/cengcheng/Documents/GitHub/vino/vino_iPhone/Sources/Camera/CameraSessionController.swift /Users/cengcheng/Documents/GitHub/vino/vino_iPhone/Sources/Inference/InferenceRuntime.swift /Users/cengcheng/Documents/GitHub/vino/vino_iPhone/Sources/Models/CoreMLCatalog.swift /Users/cengcheng/Documents/GitHub/vino/vino_iPhone/Sources/Models/InferenceModels.swift /Users/cengcheng/Documents/GitHub/vino/vino_iPhone/Sources/Models/ModelFileStore.swift /Users/cengcheng/Documents/GitHub/vino/vino_iPhone/Sources/Models/VinoAppState.swift /Users/cengcheng/Documents/GitHub/vino/vino_iPhone/Sources/Models/VinoTheme.swift /Users/cengcheng/Documents/GitHub/vino/vino_iPhone/Sources/Networking/ControlPlaneCoordinator.swift /Users/cengcheng/Documents/GitHub/vino/vino_iPhone/Sources/Networking/IPAddressMonitor.swift /Users/cengcheng/Documents/GitHub/vino/vino_iPhone/Sources/Networking/VinoProtocol.swift /Users/cengcheng/Documents/GitHub/vino/vino_iPhone/Sources/Overlay/CameraOverlayView.swift /Users/cengcheng/Documents/GitHub/vino/vino_iPhone/Sources/Overlay/InferenceResultsOverlayView.swift /Users/cengcheng/Documents/GitHub/vino/vino_iPhone/Sources/Auth/AuthModels.swift /Users/cengcheng/Documents/GitHub/vino/vino_iPhone/Sources/Auth/KeychainStore.swift /Users/cengcheng/Documents/GitHub/vino/vino_iPhone/Sources/Auth/AuthSessionStore.swift /Users/cengcheng/Documents/GitHub/vino/vino_iPhone/Sources/Auth/AuthService.swift /Users/cengcheng/Documents/GitHub/vino/vino_iPhone/Sources/Models/CloudModelCatalog.swift -primary-file /Users/cengcheng/Documents/GitHub/vino/vino_iPhone/Sources/Models/ModelLicenseVerifier.swift -primary-file /Users/cengcheng/Documents/GitHub/vino/vino_iPhone/Sources/Networking/AssetUploadService.swift /Users/cengcheng/Documents/GitHub/vino/vino_iPhone/Sources/Networking/CloudControlCoordinator.swift /Users/cengcheng/Documents/GitHub/vino/docs/1.0.0/qa/evidence/derived-data-unthinned/Build/Intermediates.noindex/vino_iPhone.build/Debug-iphonesimulator/vino_iPhone.build/DerivedSources/GeneratedAssetSymbols.swift -emit-dependencies-path /Users/cengcheng/Documents/GitHub/vino/docs/1.0.0/qa/evidence/derived-data-unthinned/Build/Intermediates.noindex/vino_iPhone.build/Debug-iphonesimulator/vino_iPhone.build/Objects-normal/arm64/ModelLicenseVerifier.d -emit-const-values-path /Users/cengcheng/Documents/GitHub/vino/docs/1.0.0/qa/evidence/derived-data-unthinned/Build/Intermediates.noindex/vino_iPhone.build/Debug-iphonesimulator/vino_iPhone.build/Objects-normal/arm64/ModelLicenseVerifier.swiftconstvalues -emit-reference-dependencies-path /Users/cengcheng/Documents/GitHub/vino/docs/1.0.0/qa/evidence/derived-data-unthinned/Build/Intermediates.noindex/vino_iPhone.build/Debug-iphonesimulator/vino_iPhone.build/Objects-normal/arm64/ModelLicenseVerifier.swiftdeps -serialize-diagnostics-path /Users/cengcheng/Documents/GitHub/vino/docs/1.0.0/qa/evidence/derived-data-unthinned/Build/Intermediates.noindex/vino_iPhone.build/Debug-iphonesimulator/vino_iPhone.build/Objects-normal/arm64/ModelLicenseVerifier.dia -emit-dependencies-path /Users/cengcheng/Documents/GitHub/vino/docs/1.0.0/qa/evidence/derived-data-unthinned/Build/Intermediates.noindex/vino_iPhone.build/Debug-iphonesimulator/vino_iPhone.build/Objects-normal/arm64/AssetUploadService.d -emit-const-values-path /Users/cengcheng/Documents/GitHub/vino/docs/1.0.0/qa/evidence/derived-data-unthinned/Build/Intermediates.noindex/vino_iPhone.build/Debug-iphonesimulator/vino_iPhone.build/Objects-normal/arm64/AssetUploadService.swiftconstvalues -emit-reference-dependencies-path /Users/cengcheng/Documents/GitHub/vino/docs/1.0.0/qa/evidence/derived-data-unthinned/Build/Intermediates.noindex/vino_iPhone.build/Debug-iphonesimulator/vino_iPhone.build/Objects-normal/arm64/AssetUploadService.swiftdeps -serialize-diagnostics-path /Users/cengcheng/Documents/GitHub/vino/docs/1.0.0/qa/evidence/derived-data-unthinned/Build/Intermediates.noindex/vino_iPhone.build/Debug-iphonesimulator/vino_iPhone.build/Objects-normal/arm64/AssetUploadService.dia -emit-localized-strings -emit-localized-strings-path /Users/cengcheng/Documents/GitHub/vino/docs/1.0.0/qa/evidence/derived-data-unthinned/Build/Intermediates.noindex/vino_iPhone.build/Debug-iphonesimulator/vino_iPhone.build/Objects-normal/arm64 -target arm64-apple-ios17.6-simulator -Xllvm -aarch64-use-tbi -enable-objc-interop -sdk /Applications/Xcode.app/Contents/Developer/Platforms/iPhoneSimulator.platform/Developer/SDKs/iPhoneSimulator18.2.sdk -I /Users/cengcheng/Documents/GitHub/vino/docs/1.0.0/qa/evidence/derived-data-unthinned/Build/Products/Debug-iphonesimulator -F /Users/cengcheng/Documents/GitHub/vino/docs/1.0.0/qa/evidence/derived-data-unthinned/Build/Products/Debug-iphonesimulator -no-color-diagnostics -enable-testing -g -debug-info-format\=dwarf -dwarf-version\=4 -module-cache-path /Users/cengcheng/Documents/GitHub/vino/docs/1.0.0/qa/evidence/derived-data-unthinned/ModuleCache.noindex -swift-version 5 -enforce-exclusivity\=checked -Onone -D DEBUG -serialize-debugging-options -const-gather-protocols-file /Users/cengcheng/Documents/GitHub/vino/docs/1.0.0/qa/evidence/derived-data-unthinned/Build/Intermediates.noindex/vino_iPhone.build/Debug-iphonesimulator/vino_iPhone.build/Objects-normal/arm64/vino_iPhone_const_extract_protocols.json -enable-experimental-feature DebugDescriptionMacro -enable-experimental-feature OpaqueTypeErasure -enable-bare-slash-regex -empty-abi-descriptor -validate-clang-modules-once -clang-build-session-file /Users/cengcheng/Documents/GitHub/vino/docs/1.0.0/qa/evidence/derived-data-unthinned/ModuleCache.noindex/Session.modulevalidation -Xcc -working-directory -Xcc /Users/cengcheng/Documents/GitHub/vino/vino_iPhone -resource-dir /Applications/Xcode.app/Contents/Developer/Toolchains/XcodeDefault.xctoolchain/usr/lib/swift -enable-anonymous-context-mangled-names -file-compilation-dir /Users/cengcheng/Documents/GitHub/vino/vino_iPhone -Xcc -D_LIBCPP_HARDENING_MODE\=_LIBCPP_HARDENING_MODE_DEBUG -Xcc -ivfsstatcache -Xcc /Users/cengcheng/Documents/GitHub/vino/docs/1.0.0/qa/evidence/derived-data-unthinned/SDKStatCaches.noindex/iphonesimulator18.2-22C146-07b28473f605e47e75261259d3ef3b5a.sdkstatcache -Xcc -I/Users/cengcheng/Documents/GitHub/vino/docs/1.0.0/qa/evidence/derived-data-unthinned/Build/Intermediates.noindex/vino_iPhone.build/Debug-iphonesimulator/vino_iPhone.build/swift-overrides.hmap -Xcc -iquote -Xcc /Users/cengcheng/Documents/GitHub/vino/docs/1.0.0/qa/evidence/derived-data-unthinned/Build/Intermediates.noindex/vino_iPhone.build/Debug-iphonesimulator/vino_iPhone.build/灵眼GX-generated-files.hmap -Xcc -I/Users/cengcheng/Documents/GitHub/vino/docs/1.0.0/qa/evidence/derived-data-unthinned/Build/Intermediates.noindex/vino_iPhone.build/Debug-iphonesimulator/vino_iPhone.build/灵眼GX-own-target-headers.hmap -Xcc -I/Users/cengcheng/Documents/GitHub/vino/docs/1.0.0/qa/evidence/derived-data-unthinned/Build/Intermediates.noindex/vino_iPhone.build/Debug-iphonesimulator/vino_iPhone.build/灵眼GX-all-target-headers.hmap -Xcc -iquote -Xcc /Users/cengcheng/Documents/GitHub/vino/docs/1.0.0/qa/evidence/derived-data-unthinned/Build/Intermediates.noindex/vino_iPhone.build/Debug-iphonesimulator/vino_iPhone.build/灵眼GX-project-headers.hmap -Xcc -I/Users/cengcheng/Documents/GitHub/vino/docs/1.0.0/qa/evidence/derived-data-unthinned/Build/Products/Debug-iphonesimulator/include -Xcc -I/Users/cengcheng/Documents/GitHub/vino/docs/1.0.0/qa/evidence/derived-data-unthinned/Build/Intermediates.noindex/vino_iPhone.build/Debug-iphonesimulator/vino_iPhone.build/DerivedSources-normal/arm64 -Xcc -I/Users/cengcheng/Documents/GitHub/vino/docs/1.0.0/qa/evidence/derived-data-unthinned/Build/Intermediates.noindex/vino_iPhone.build/Debug-iphonesimulator/vino_iPhone.build/DerivedSources/arm64 -Xcc -I/Users/cengcheng/Documents/GitHub/vino/docs/1.0.0/qa/evidence/derived-data-unthinned/Build/Intermediates.noindex/vino_iPhone.build/Debug-iphonesimulator/vino_iPhone.build/DerivedSources -Xcc -DDEBUG\=1 -module-name vino_iPhone -frontend-parseable-output -disable-clang-spi -target-sdk-version 18.2 -target-sdk-name iphonesimulator18.2 -external-plugin-path /Applications/Xcode.app/Contents/Developer/Platforms/iPhoneOS.platform/Developer/usr/lib/swift/host/plugins\#/Applications/Xcode.app/Contents/Developer/Platforms/iPhoneOS.platform/Developer/usr/bin/swift-plugin-server -external-plugin-path /Applications/Xcode.app/Contents/Developer/Platforms/iPhoneOS.platform/Developer/usr/local/lib/swift/host/plugins\#/Applications/Xcode.app/Contents/Developer/Platforms/iPhoneOS.platform/Developer/usr/bin/swift-plugin-server -plugin-path /Applications/Xcode.app/Contents/Developer/Toolchains/XcodeDefault.xctoolchain/usr/lib/swift/host/plugins -plugin-path /Applications/Xcode.app/Contents/Developer/Toolchains/XcodeDefault.xctoolchain/usr/local/lib/swift/host/plugins -o /Users/cengcheng/Documents/GitHub/vino/docs/1.0.0/qa/evidence/derived-data-unthinned/Build/Intermediates.noindex/vino_iPhone.build/Debug-iphonesimulator/vino_iPhone.build/Objects-normal/arm64/ModelLicenseVerifier.o -o /Users/cengcheng/Documents/GitHub/vino/docs/1.0.0/qa/evidence/derived-data-unthinned/Build/Intermediates.noindex/vino_iPhone.build/Debug-iphonesimulator/vino_iPhone.build/Objects-normal/arm64/AssetUploadService.o -index-unit-output-path /vino_iPhone.build/Debug-iphonesimulator/vino_iPhone.build/Objects-normal/arm64/ModelLicenseVerifier.o -index-unit-output-path /vino_iPhone.build/Debug-iphonesimulator/vino_iPhone.build/Objects-normal/arm64/AssetUploadService.o -index-store-path /Users/cengcheng/Documents/GitHub/vino/docs/1.0.0/qa/evidence/derived-data-unthinned/Index.noindex/DataStore -index-system-modules

SwiftCompile normal arm64 /Users/cengcheng/Documents/GitHub/vino/vino_iPhone/Sources/Networking/AssetUploadService.swift (in target 'vino_iPhone' from project 'vino_iPhone')
    cd /Users/cengcheng/Documents/GitHub/vino/vino_iPhone
    /Applications/Xcode.app/Contents/Developer/Toolchains/XcodeDefault.xctoolchain/usr/bin/swift-frontend -c /Users/cengcheng/Documents/GitHub/vino/vino_iPhone/AppHost/VinoPhoneApp.swift /Users/cengcheng/Documents/GitHub/vino/vino_iPhone/Sources/App/VinoPhoneShellView.swift /Users/cengcheng/Documents/GitHub/vino/vino_iPhone/Sources/Camera/CameraPreviewView.swift /Users/cengcheng/Documents/GitHub/vino/vino_iPhone/Sources/Camera/CameraSessionController.swift /Users/cengcheng/Documents/GitHub/vino/vino_iPhone/Sources/Inference/InferenceRuntime.swift /Users/cengcheng/Documents/GitHub/vino/vino_iPhone/Sources/Models/CoreMLCatalog.swift /Users/cengcheng/Documents/GitHub/vino/vino_iPhone/Sources/Models/InferenceModels.swift /Users/cengcheng/Documents/GitHub/vino/vino_iPhone/Sources/Models/ModelFileStore.swift /Users/cengcheng/Documents/GitHub/vino/vino_iPhone/Sources/Models/VinoAppState.swift /Users/cengcheng/Documents/GitHub/vino/vino_iPhone/Sources/Models/VinoTheme.swift /Users/cengcheng/Documents/GitHub/vino/vino_iPhone/Sources/Networking/ControlPlaneCoordinator.swift /Users/cengcheng/Documents/GitHub/vino/vino_iPhone/Sources/Networking/IPAddressMonitor.swift /Users/cengcheng/Documents/GitHub/vino/vino_iPhone/Sources/Networking/VinoProtocol.swift /Users/cengcheng/Documents/GitHub/vino/vino_iPhone/Sources/Overlay/CameraOverlayView.swift /Users/cengcheng/Documents/GitHub/vino/vino_iPhone/Sources/Overlay/InferenceResultsOverlayView.swift /Users/cengcheng/Documents/GitHub/vino/vino_iPhone/Sources/Auth/AuthModels.swift /Users/cengcheng/Documents/GitHub/vino/vino_iPhone/Sources/Auth/KeychainStore.swift /Users/cengcheng/Documents/GitHub/vino/vino_iPhone/Sources/Auth/AuthSessionStore.swift /Users/cengcheng/Documents/GitHub/vino/vino_iPhone/Sources/Auth/AuthService.swift /Users/cengcheng/Documents/GitHub/vino/vino_iPhone/Sources/Models/CloudModelCatalog.swift -primary-file /Users/cengcheng/Documents/GitHub/vino/vino_iPhone/Sources/Models/ModelLicenseVerifier.swift -primary-file /Users/cengcheng/Documents/GitHub/vino/vino_iPhone/Sources/Networking/AssetUploadService.swift /Users/cengcheng/Documents/GitHub/vino/vino_iPhone/Sources/Networking/CloudControlCoordinator.swift /Users/cengcheng/Documents/GitHub/vino/docs/1.0.0/qa/evidence/derived-data-unthinned/Build/Intermediates.noindex/vino_iPhone.build/Debug-iphonesimulator/vino_iPhone.build/DerivedSources/GeneratedAssetSymbols.swift -emit-dependencies-path /Users/cengcheng/Documents/GitHub/vino/docs/1.0.0/qa/evidence/derived-data-unthinned/Build/Intermediates.noindex/vino_iPhone.build/Debug-iphonesimulator/vino_iPhone.build/Objects-normal/arm64/ModelLicenseVerifier.d -emit-const-values-path /Users/cengcheng/Documents/GitHub/vino/docs/1.0.0/qa/evidence/derived-data-unthinned/Build/Intermediates.noindex/vino_iPhone.build/Debug-iphonesimulator/vino_iPhone.build/Objects-normal/arm64/ModelLicenseVerifier.swiftconstvalues -emit-reference-dependencies-path /Users/cengcheng/Documents/GitHub/vino/docs/1.0.0/qa/evidence/derived-data-unthinned/Build/Intermediates.noindex/vino_iPhone.build/Debug-iphonesimulator/vino_iPhone.build/Objects-normal/arm64/ModelLicenseVerifier.swiftdeps -serialize-diagnostics-path /Users/cengcheng/Documents/GitHub/vino/docs/1.0.0/qa/evidence/derived-data-unthinned/Build/Intermediates.noindex/vino_iPhone.build/Debug-iphonesimulator/vino_iPhone.build/Objects-normal/arm64/ModelLicenseVerifier.dia -emit-dependencies-path /Users/cengcheng/Documents/GitHub/vino/docs/1.0.0/qa/evidence/derived-data-unthinned/Build/Intermediates.noindex/vino_iPhone.build/Debug-iphonesimulator/vino_iPhone.build/Objects-normal/arm64/AssetUploadService.d -emit-const-values-path /Users/cengcheng/Documents/GitHub/vino/docs/1.0.0/qa/evidence/derived-data-unthinned/Build/Intermediates.noindex/vino_iPhone.build/Debug-iphonesimulator/vino_iPhone.build/Objects-normal/arm64/AssetUploadService.swiftconstvalues -emit-reference-dependencies-path /Users/cengcheng/Documents/GitHub/vino/docs/1.0.0/qa/evidence/derived-data-unthinned/Build/Intermediates.noindex/vino_iPhone.build/Debug-iphonesimulator/vino_iPhone.build/Objects-normal/arm64/AssetUploadService.swiftdeps -serialize-diagnostics-path /Users/cengcheng/Documents/GitHub/vino/docs/1.0.0/qa/evidence/derived-data-unthinned/Build/Intermediates.noindex/vino_iPhone.build/Debug-iphonesimulator/vino_iPhone.build/Objects-normal/arm64/AssetUploadService.dia -emit-localized-strings -emit-localized-strings-path /Users/cengcheng/Documents/GitHub/vino/docs/1.0.0/qa/evidence/derived-data-unthinned/Build/Intermediates.noindex/vino_iPhone.build/Debug-iphonesimulator/vino_iPhone.build/Objects-normal/arm64 -target arm64-apple-ios17.6-simulator -Xllvm -aarch64-use-tbi -enable-objc-interop -sdk /Applications/Xcode.app/Contents/Developer/Platforms/iPhoneSimulator.platform/Developer/SDKs/iPhoneSimulator18.2.sdk -I /Users/cengcheng/Documents/GitHub/vino/docs/1.0.0/qa/evidence/derived-data-unthinned/Build/Products/Debug-iphonesimulator -F /Users/cengcheng/Documents/GitHub/vino/docs/1.0.0/qa/evidence/derived-data-unthinned/Build/Products/Debug-iphonesimulator -no-color-diagnostics -enable-testing -g -debug-info-format\=dwarf -dwarf-version\=4 -module-cache-path /Users/cengcheng/Documents/GitHub/vino/docs/1.0.0/qa/evidence/derived-data-unthinned/ModuleCache.noindex -swift-version 5 -enforce-exclusivity\=checked -Onone -D DEBUG -serialize-debugging-options -const-gather-protocols-file /Users/cengcheng/Documents/GitHub/vino/docs/1.0.0/qa/evidence/derived-data-unthinned/Build/Intermediates.noindex/vino_iPhone.build/Debug-iphonesimulator/vino_iPhone.build/Objects-normal/arm64/vino_iPhone_const_extract_protocols.json -enable-experimental-feature DebugDescriptionMacro -enable-experimental-feature OpaqueTypeErasure -enable-bare-slash-regex -empty-abi-descriptor -validate-clang-modules-once -clang-build-session-file /Users/cengcheng/Documents/GitHub/vino/docs/1.0.0/qa/evidence/derived-data-unthinned/ModuleCache.noindex/Session.modulevalidation -Xcc -working-directory -Xcc /Users/cengcheng/Documents/GitHub/vino/vino_iPhone -resource-dir /Applications/Xcode.app/Contents/Developer/Toolchains/XcodeDefault.xctoolchain/usr/lib/swift -enable-anonymous-context-mangled-names -file-compilation-dir /Users/cengcheng/Documents/GitHub/vino/vino_iPhone -Xcc -D_LIBCPP_HARDENING_MODE\=_LIBCPP_HARDENING_MODE_DEBUG -Xcc -ivfsstatcache -Xcc /Users/cengcheng/Documents/GitHub/vino/docs/1.0.0/qa/evidence/derived-data-unthinned/SDKStatCaches.noindex/iphonesimulator18.2-22C146-07b28473f605e47e75261259d3ef3b5a.sdkstatcache -Xcc -I/Users/cengcheng/Documents/GitHub/vino/docs/1.0.0/qa/evidence/derived-data-unthinned/Build/Intermediates.noindex/vino_iPhone.build/Debug-iphonesimulator/vino_iPhone.build/swift-overrides.hmap -Xcc -iquote -Xcc /Users/cengcheng/Documents/GitHub/vino/docs/1.0.0/qa/evidence/derived-data-unthinned/Build/Intermediates.noindex/vino_iPhone.build/Debug-iphonesimulator/vino_iPhone.build/灵眼GX-generated-files.hmap -Xcc -I/Users/cengcheng/Documents/GitHub/vino/docs/1.0.0/qa/evidence/derived-data-unthinned/Build/Intermediates.noindex/vino_iPhone.build/Debug-iphonesimulator/vino_iPhone.build/灵眼GX-own-target-headers.hmap -Xcc -I/Users/cengcheng/Documents/GitHub/vino/docs/1.0.0/qa/evidence/derived-data-unthinned/Build/Intermediates.noindex/vino_iPhone.build/Debug-iphonesimulator/vino_iPhone.build/灵眼GX-all-target-headers.hmap -Xcc -iquote -Xcc /Users/cengcheng/Documents/GitHub/vino/docs/1.0.0/qa/evidence/derived-data-unthinned/Build/Intermediates.noindex/vino_iPhone.build/Debug-iphonesimulator/vino_iPhone.build/灵眼GX-project-headers.hmap -Xcc -I/Users/cengcheng/Documents/GitHub/vino/docs/1.0.0/qa/evidence/derived-data-unthinned/Build/Products/Debug-iphonesimulator/include -Xcc -I/Users/cengcheng/Documents/GitHub/vino/docs/1.0.0/qa/evidence/derived-data-unthinned/Build/Intermediates.noindex/vino_iPhone.build/Debug-iphonesimulator/vino_iPhone.build/DerivedSources-normal/arm64 -Xcc -I/Users/cengcheng/Documents/GitHub/vino/docs/1.0.0/qa/evidence/derived-data-unthinned/Build/Intermediates.noindex/vino_iPhone.build/Debug-iphonesimulator/vino_iPhone.build/DerivedSources/arm64 -Xcc -I/Users/cengcheng/Documents/GitHub/vino/docs/1.0.0/qa/evidence/derived-data-unthinned/Build/Intermediates.noindex/vino_iPhone.build/Debug-iphonesimulator/vino_iPhone.build/DerivedSources -Xcc -DDEBUG\=1 -module-name vino_iPhone -frontend-parseable-output -disable-clang-spi -target-sdk-version 18.2 -target-sdk-name iphonesimulator18.2 -external-plugin-path /Applications/Xcode.app/Contents/Developer/Platforms/iPhoneOS.platform/Developer/usr/lib/swift/host/plugins\#/Applications/Xcode.app/Contents/Developer/Platforms/iPhoneOS.platform/Developer/usr/bin/swift-plugin-server -external-plugin-path /Applications/Xcode.app/Contents/Developer/Platforms/iPhoneOS.platform/Developer/usr/local/lib/swift/host/plugins\#/Applications/Xcode.app/Contents/Developer/Platforms/iPhoneOS.platform/Developer/usr/bin/swift-plugin-server -plugin-path /Applications/Xcode.app/Contents/Developer/Toolchains/XcodeDefault.xctoolchain/usr/lib/swift/host/plugins -plugin-path /Applications/Xcode.app/Contents/Developer/Toolchains/XcodeDefault.xctoolchain/usr/local/lib/swift/host/plugins -o /Users/cengcheng/Documents/GitHub/vino/docs/1.0.0/qa/evidence/derived-data-unthinned/Build/Intermediates.noindex/vino_iPhone.build/Debug-iphonesimulator/vino_iPhone.build/Objects-normal/arm64/ModelLicenseVerifier.o -o /Users/cengcheng/Documents/GitHub/vino/docs/1.0.0/qa/evidence/derived-data-unthinned/Build/Intermediates.noindex/vino_iPhone.build/Debug-iphonesimulator/vino_iPhone.build/Objects-normal/arm64/AssetUploadService.o -index-unit-output-path /vino_iPhone.build/Debug-iphonesimulator/vino_iPhone.build/Objects-normal/arm64/ModelLicenseVerifier.o -index-unit-output-path /vino_iPhone.build/Debug-iphonesimulator/vino_iPhone.build/Objects-normal/arm64/AssetUploadService.o -index-store-path /Users/cengcheng/Documents/GitHub/vino/docs/1.0.0/qa/evidence/derived-data-unthinned/Index.noindex/DataStore -index-system-modules

SwiftDriverJobDiscovery normal x86_64 Compiling AuthService.swift, CloudModelCatalog.swift (in target 'vino_iPhone' from project 'vino_iPhone')

SwiftDriverJobDiscovery normal x86_64 Compiling CloudControlCoordinator.swift, GeneratedAssetSymbols.swift (in target 'vino_iPhone' from project 'vino_iPhone')

SwiftDriverJobDiscovery normal x86_64 Compiling VinoTheme.swift, ControlPlaneCoordinator.swift, IPAddressMonitor.swift (in target 'vino_iPhone' from project 'vino_iPhone')

SwiftDriverJobDiscovery normal x86_64 Compiling VinoPhoneApp.swift, VinoPhoneShellView.swift, CameraPreviewView.swift (in target 'vino_iPhone' from project 'vino_iPhone')

SwiftDriverJobDiscovery normal arm64 Compiling VinoProtocol.swift, CameraOverlayView.swift (in target 'vino_iPhone' from project 'vino_iPhone')

SwiftDriverJobDiscovery normal x86_64 Compiling InferenceResultsOverlayView.swift, AuthModels.swift (in target 'vino_iPhone' from project 'vino_iPhone')

SwiftDriverJobDiscovery normal arm64 Compiling ModelLicenseVerifier.swift, AssetUploadService.swift (in target 'vino_iPhone' from project 'vino_iPhone')

SwiftDriverJobDiscovery normal x86_64 Compiling InferenceModels.swift, ModelFileStore.swift, VinoAppState.swift (in target 'vino_iPhone' from project 'vino_iPhone')

SwiftDriverJobDiscovery normal arm64 Compiling InferenceModels.swift, ModelFileStore.swift, VinoAppState.swift (in target 'vino_iPhone' from project 'vino_iPhone')

SwiftDriver\ Compilation vino_iPhone normal arm64 com.apple.xcode.tools.swift.compiler (in target 'vino_iPhone' from project 'vino_iPhone')
    cd /Users/cengcheng/Documents/GitHub/vino/vino_iPhone
    builtin-Swift-Compilation -- /Applications/Xcode.app/Contents/Developer/Toolchains/XcodeDefault.xctoolchain/usr/bin/swiftc -module-name vino_iPhone -Onone -enforce-exclusivity\=checked @/Users/cengcheng/Documents/GitHub/vino/docs/1.0.0/qa/evidence/derived-data-unthinned/Build/Intermediates.noindex/vino_iPhone.build/Debug-iphonesimulator/vino_iPhone.build/Objects-normal/arm64/灵眼GX.SwiftFileList -DDEBUG -enable-bare-slash-regex -enable-experimental-feature DebugDescriptionMacro -sdk /Applications/Xcode.app/Contents/Developer/Platforms/iPhoneSimulator.platform/Developer/SDKs/iPhoneSimulator18.2.sdk -target arm64-apple-ios17.6-simulator -g -module-cache-path /Users/cengcheng/Documents/GitHub/vino/docs/1.0.0/qa/evidence/derived-data-unthinned/ModuleCache.noindex -Xfrontend -serialize-debugging-options -enable-testing -index-store-path /Users/cengcheng/Documents/GitHub/vino/docs/1.0.0/qa/evidence/derived-data-unthinned/Index.noindex/DataStore -enable-experimental-feature OpaqueTypeErasure -Xcc -D_LIBCPP_HARDENING_MODE\=_LIBCPP_HARDENING_MODE_DEBUG -swift-version 5 -I /Users/cengcheng/Documents/GitHub/vino/docs/1.0.0/qa/evidence/derived-data-unthinned/Build/Products/Debug-iphonesimulator -F /Users/cengcheng/Documents/GitHub/vino/docs/1.0.0/qa/evidence/derived-data-unthinned/Build/Products/Debug-iphonesimulator -emit-localized-strings -emit-localized-strings-path /Users/cengcheng/Documents/GitHub/vino/docs/1.0.0/qa/evidence/derived-data-unthinned/Build/Intermediates.noindex/vino_iPhone.build/Debug-iphonesimulator/vino_iPhone.build/Objects-normal/arm64 -c -j10 -enable-batch-mode -incremental -Xcc -ivfsstatcache -Xcc /Users/cengcheng/Documents/GitHub/vino/docs/1.0.0/qa/evidence/derived-data-unthinned/SDKStatCaches.noindex/iphonesimulator18.2-22C146-07b28473f605e47e75261259d3ef3b5a.sdkstatcache -output-file-map /Users/cengcheng/Documents/GitHub/vino/docs/1.0.0/qa/evidence/derived-data-unthinned/Build/Intermediates.noindex/vino_iPhone.build/Debug-iphonesimulator/vino_iPhone.build/Objects-normal/arm64/vino_iPhone-OutputFileMap.json -use-frontend-parseable-output -save-temps -no-color-diagnostics -serialize-diagnostics -emit-dependencies -emit-module -emit-module-path /Users/cengcheng/Documents/GitHub/vino/docs/1.0.0/qa/evidence/derived-data-unthinned/Build/Intermediates.noindex/vino_iPhone.build/Debug-iphonesimulator/vino_iPhone.build/Objects-normal/arm64/vino_iPhone.swiftmodule -validate-clang-modules-once -clang-build-session-file /Users/cengcheng/Documents/GitHub/vino/docs/1.0.0/qa/evidence/derived-data-unthinned/ModuleCache.noindex/Session.modulevalidation -Xcc -I/Users/cengcheng/Documents/GitHub/vino/docs/1.0.0/qa/evidence/derived-data-unthinned/Build/Intermediates.noindex/vino_iPhone.build/Debug-iphonesimulator/vino_iPhone.build/swift-overrides.hmap -emit-const-values -Xfrontend -const-gather-protocols-file -Xfrontend /Users/cengcheng/Documents/GitHub/vino/docs/1.0.0/qa/evidence/derived-data-unthinned/Build/Intermediates.noindex/vino_iPhone.build/Debug-iphonesimulator/vino_iPhone.build/Objects-normal/arm64/vino_iPhone_const_extract_protocols.json -Xcc -iquote -Xcc /Users/cengcheng/Documents/GitHub/vino/docs/1.0.0/qa/evidence/derived-data-unthinned/Build/Intermediates.noindex/vino_iPhone.build/Debug-iphonesimulator/vino_iPhone.build/灵眼GX-generated-files.hmap -Xcc -I/Users/cengcheng/Documents/GitHub/vino/docs/1.0.0/qa/evidence/derived-data-unthinned/Build/Intermediates.noindex/vino_iPhone.build/Debug-iphonesimulator/vino_iPhone.build/灵眼GX-own-target-headers.hmap -Xcc -I/Users/cengcheng/Documents/GitHub/vino/docs/1.0.0/qa/evidence/derived-data-unthinned/Build/Intermediates.noindex/vino_iPhone.build/Debug-iphonesimulator/vino_iPhone.build/灵眼GX-all-target-headers.hmap -Xcc -iquote -Xcc /Users/cengcheng/Documents/GitHub/vino/docs/1.0.0/qa/evidence/derived-data-unthinned/Build/Intermediates.noindex/vino_iPhone.build/Debug-iphonesimulator/vino_iPhone.build/灵眼GX-project-headers.hmap -Xcc -I/Users/cengcheng/Documents/GitHub/vino/docs/1.0.0/qa/evidence/derived-data-unthinned/Build/Products/Debug-iphonesimulator/include -Xcc -I/Users/cengcheng/Documents/GitHub/vino/docs/1.0.0/qa/evidence/derived-data-unthinned/Build/Intermediates.noindex/vino_iPhone.build/Debug-iphonesimulator/vino_iPhone.build/DerivedSources-normal/arm64 -Xcc -I/Users/cengcheng/Documents/GitHub/vino/docs/1.0.0/qa/evidence/derived-data-unthinned/Build/Intermediates.noindex/vino_iPhone.build/Debug-iphonesimulator/vino_iPhone.build/DerivedSources/arm64 -Xcc -I/Users/cengcheng/Documents/GitHub/vino/docs/1.0.0/qa/evidence/derived-data-unthinned/Build/Intermediates.noindex/vino_iPhone.build/Debug-iphonesimulator/vino_iPhone.build/DerivedSources -Xcc -DDEBUG\=1 -emit-objc-header -emit-objc-header-path /Users/cengcheng/Documents/GitHub/vino/docs/1.0.0/qa/evidence/derived-data-unthinned/Build/Intermediates.noindex/vino_iPhone.build/Debug-iphonesimulator/vino_iPhone.build/Objects-normal/arm64/vino_iPhone-Swift.h -working-directory /Users/cengcheng/Documents/GitHub/vino/vino_iPhone -experimental-emit-module-separately -disable-cmo

Ld /Users/cengcheng/Documents/GitHub/vino/docs/1.0.0/qa/evidence/derived-data-unthinned/Build/Intermediates.noindex/vino_iPhone.build/Debug-iphonesimulator/vino_iPhone.build/Objects-normal/arm64/Binary/灵眼GX.debug.dylib normal arm64 (in target 'vino_iPhone' from project 'vino_iPhone')
    cd /Users/cengcheng/Documents/GitHub/vino/vino_iPhone
    /Applications/Xcode.app/Contents/Developer/Toolchains/XcodeDefault.xctoolchain/usr/bin/clang -Xlinker -reproducible -target arm64-apple-ios17.6-simulator -dynamiclib -isysroot /Applications/Xcode.app/Contents/Developer/Platforms/iPhoneSimulator.platform/Developer/SDKs/iPhoneSimulator18.2.sdk -O0 -L/Users/cengcheng/Documents/GitHub/vino/docs/1.0.0/qa/evidence/derived-data-unthinned/Build/Intermediates.noindex/EagerLinkingTBDs/Debug-iphonesimulator -L/Users/cengcheng/Documents/GitHub/vino/docs/1.0.0/qa/evidence/derived-data-unthinned/Build/Products/Debug-iphonesimulator -F/Users/cengcheng/Documents/GitHub/vino/docs/1.0.0/qa/evidence/derived-data-unthinned/Build/Intermediates.noindex/EagerLinkingTBDs/Debug-iphonesimulator -F/Users/cengcheng/Documents/GitHub/vino/docs/1.0.0/qa/evidence/derived-data-unthinned/Build/Products/Debug-iphonesimulator -filelist /Users/cengcheng/Documents/GitHub/vino/docs/1.0.0/qa/evidence/derived-data-unthinned/Build/Intermediates.noindex/vino_iPhone.build/Debug-iphonesimulator/vino_iPhone.build/Objects-normal/arm64/灵眼GX.LinkFileList -install_name @rpath/灵眼GX.debug.dylib -Xlinker -rpath -Xlinker @executable_path/Frameworks -dead_strip -Xlinker -object_path_lto -Xlinker /Users/cengcheng/Documents/GitHub/vino/docs/1.0.0/qa/evidence/derived-data-unthinned/Build/Intermediates.noindex/vino_iPhone.build/Debug-iphonesimulator/vino_iPhone.build/Objects-normal/arm64/灵眼GX_lto.o -Xlinker -export_dynamic -Xlinker -no_deduplicate -Xlinker -objc_abi_version -Xlinker 2 -fobjc-link-runtime -L/Applications/Xcode.app/Contents/Developer/Toolchains/XcodeDefault.xctoolchain/usr/lib/swift/iphonesimulator -L/usr/lib/swift -Xlinker -add_ast_path -Xlinker /Users/cengcheng/Documents/GitHub/vino/docs/1.0.0/qa/evidence/derived-data-unthinned/Build/Intermediates.noindex/vino_iPhone.build/Debug-iphonesimulator/vino_iPhone.build/Objects-normal/arm64/vino_iPhone.swiftmodule -Xlinker -alias -Xlinker _main -Xlinker ___debug_main_executable_dylib_entry_point -Xlinker -dependency_info -Xlinker /Users/cengcheng/Documents/GitHub/vino/docs/1.0.0/qa/evidence/derived-data-unthinned/Build/Intermediates.noindex/vino_iPhone.build/Debug-iphonesimulator/vino_iPhone.build/Objects-normal/arm64/灵眼GX_dependency_info.dat -o /Users/cengcheng/Documents/GitHub/vino/docs/1.0.0/qa/evidence/derived-data-unthinned/Build/Intermediates.noindex/vino_iPhone.build/Debug-iphonesimulator/vino_iPhone.build/Objects-normal/arm64/Binary/灵眼GX.debug.dylib

SwiftDriverJobDiscovery normal x86_64 Compiling CameraSessionController.swift, InferenceRuntime.swift, CoreMLCatalog.swift (in target 'vino_iPhone' from project 'vino_iPhone')

ConstructStubExecutorLinkFileList /Users/cengcheng/Documents/GitHub/vino/docs/1.0.0/qa/evidence/derived-data-unthinned/Build/Intermediates.noindex/vino_iPhone.build/Debug-iphonesimulator/vino_iPhone.build/灵眼GX-ExecutorLinkFileList-normal-arm64.txt (in target 'vino_iPhone' from project 'vino_iPhone')
    cd /Users/cengcheng/Documents/GitHub/vino/vino_iPhone
    construct-stub-executor-link-file-list /Users/cengcheng/Documents/GitHub/vino/docs/1.0.0/qa/evidence/derived-data-unthinned/Build/Intermediates.noindex/vino_iPhone.build/Debug-iphonesimulator/vino_iPhone.build/Objects-normal/arm64/Binary/灵眼GX.debug.dylib /Applications/Xcode.app/Contents/Developer/Platforms/iPhoneSimulator.platform/Developer/usr/lib/libPreviewsJITStubExecutor_no_swift_entry_point.a /Applications/Xcode.app/Contents/Developer/Platforms/iPhoneSimulator.platform/Developer/usr/lib/libPreviewsJITStubExecutor.a --output /Users/cengcheng/Documents/GitHub/vino/docs/1.0.0/qa/evidence/derived-data-unthinned/Build/Intermediates.noindex/vino_iPhone.build/Debug-iphonesimulator/vino_iPhone.build/灵眼GX-ExecutorLinkFileList-normal-arm64.txt
note: Using stub executor library with Swift entry point. (in target 'vino_iPhone' from project 'vino_iPhone')

Ld /Users/cengcheng/Documents/GitHub/vino/docs/1.0.0/qa/evidence/derived-data-unthinned/Build/Intermediates.noindex/vino_iPhone.build/Debug-iphonesimulator/vino_iPhone.build/Objects-normal/arm64/Binary/灵眼GX normal arm64 (in target 'vino_iPhone' from project 'vino_iPhone')
    cd /Users/cengcheng/Documents/GitHub/vino/vino_iPhone
    /Applications/Xcode.app/Contents/Developer/Toolchains/XcodeDefault.xctoolchain/usr/bin/clang -Xlinker -reproducible -target arm64-apple-ios17.6-simulator -isysroot /Applications/Xcode.app/Contents/Developer/Platforms/iPhoneSimulator.platform/Developer/SDKs/iPhoneSimulator18.2.sdk -O0 -L/Users/cengcheng/Documents/GitHub/vino/docs/1.0.0/qa/evidence/derived-data-unthinned/Build/Products/Debug-iphonesimulator -F/Users/cengcheng/Documents/GitHub/vino/docs/1.0.0/qa/evidence/derived-data-unthinned/Build/Products/Debug-iphonesimulator -Xlinker -rpath -Xlinker @executable_path -Xlinker -rpath -Xlinker @executable_path/Frameworks -Xlinker -export_dynamic -Xlinker -no_deduplicate -Xlinker -objc_abi_version -Xlinker 2 -e ___debug_blank_executor_main -Xlinker -sectcreate -Xlinker __TEXT -Xlinker __debug_dylib -Xlinker /Users/cengcheng/Documents/GitHub/vino/docs/1.0.0/qa/evidence/derived-data-unthinned/Build/Intermediates.noindex/vino_iPhone.build/Debug-iphonesimulator/vino_iPhone.build/灵眼GX-DebugDylibPath-normal-arm64.txt -Xlinker -sectcreate -Xlinker __TEXT -Xlinker __debug_instlnm -Xlinker /Users/cengcheng/Documents/GitHub/vino/docs/1.0.0/qa/evidence/derived-data-unthinned/Build/Intermediates.noindex/vino_iPhone.build/Debug-iphonesimulator/vino_iPhone.build/灵眼GX-DebugDylibInstallName-normal-arm64.txt -Xlinker -filelist -Xlinker /Users/cengcheng/Documents/GitHub/vino/docs/1.0.0/qa/evidence/derived-data-unthinned/Build/Intermediates.noindex/vino_iPhone.build/Debug-iphonesimulator/vino_iPhone.build/灵眼GX-ExecutorLinkFileList-normal-arm64.txt /Users/cengcheng/Documents/GitHub/vino/docs/1.0.0/qa/evidence/derived-data-unthinned/Build/Intermediates.noindex/vino_iPhone.build/Debug-iphonesimulator/vino_iPhone.build/Objects-normal/arm64/Binary/灵眼GX.debug.dylib -o /Users/cengcheng/Documents/GitHub/vino/docs/1.0.0/qa/evidence/derived-data-unthinned/Build/Intermediates.noindex/vino_iPhone.build/Debug-iphonesimulator/vino_iPhone.build/Objects-normal/arm64/Binary/灵眼GX

SwiftDriverJobDiscovery normal x86_64 Compiling VinoProtocol.swift, CameraOverlayView.swift (in target 'vino_iPhone' from project 'vino_iPhone')

SwiftDriver\ Compilation vino_iPhone normal x86_64 com.apple.xcode.tools.swift.compiler (in target 'vino_iPhone' from project 'vino_iPhone')
    cd /Users/cengcheng/Documents/GitHub/vino/vino_iPhone
    builtin-Swift-Compilation -- /Applications/Xcode.app/Contents/Developer/Toolchains/XcodeDefault.xctoolchain/usr/bin/swiftc -module-name vino_iPhone -Onone -enforce-exclusivity\=checked @/Users/cengcheng/Documents/GitHub/vino/docs/1.0.0/qa/evidence/derived-data-unthinned/Build/Intermediates.noindex/vino_iPhone.build/Debug-iphonesimulator/vino_iPhone.build/Objects-normal/x86_64/灵眼GX.SwiftFileList -DDEBUG -enable-bare-slash-regex -enable-experimental-feature DebugDescriptionMacro -sdk /Applications/Xcode.app/Contents/Developer/Platforms/iPhoneSimulator.platform/Developer/SDKs/iPhoneSimulator18.2.sdk -target x86_64-apple-ios17.6-simulator -g -module-cache-path /Users/cengcheng/Documents/GitHub/vino/docs/1.0.0/qa/evidence/derived-data-unthinned/ModuleCache.noindex -Xfrontend -serialize-debugging-options -enable-testing -index-store-path /Users/cengcheng/Documents/GitHub/vino/docs/1.0.0/qa/evidence/derived-data-unthinned/Index.noindex/DataStore -enable-experimental-feature OpaqueTypeErasure -Xcc -D_LIBCPP_HARDENING_MODE\=_LIBCPP_HARDENING_MODE_DEBUG -swift-version 5 -I /Users/cengcheng/Documents/GitHub/vino/docs/1.0.0/qa/evidence/derived-data-unthinned/Build/Products/Debug-iphonesimulator -F /Users/cengcheng/Documents/GitHub/vino/docs/1.0.0/qa/evidence/derived-data-unthinned/Build/Products/Debug-iphonesimulator -emit-localized-strings -emit-localized-strings-path /Users/cengcheng/Documents/GitHub/vino/docs/1.0.0/qa/evidence/derived-data-unthinned/Build/Intermediates.noindex/vino_iPhone.build/Debug-iphonesimulator/vino_iPhone.build/Objects-normal/x86_64 -c -j10 -enable-batch-mode -incremental -Xcc -ivfsstatcache -Xcc /Users/cengcheng/Documents/GitHub/vino/docs/1.0.0/qa/evidence/derived-data-unthinned/SDKStatCaches.noindex/iphonesimulator18.2-22C146-07b28473f605e47e75261259d3ef3b5a.sdkstatcache -output-file-map /Users/cengcheng/Documents/GitHub/vino/docs/1.0.0/qa/evidence/derived-data-unthinned/Build/Intermediates.noindex/vino_iPhone.build/Debug-iphonesimulator/vino_iPhone.build/Objects-normal/x86_64/vino_iPhone-OutputFileMap.json -use-frontend-parseable-output -save-temps -no-color-diagnostics -serialize-diagnostics -emit-dependencies -emit-module -emit-module-path /Users/cengcheng/Documents/GitHub/vino/docs/1.0.0/qa/evidence/derived-data-unthinned/Build/Intermediates.noindex/vino_iPhone.build/Debug-iphonesimulator/vino_iPhone.build/Objects-normal/x86_64/vino_iPhone.swiftmodule -validate-clang-modules-once -clang-build-session-file /Users/cengcheng/Documents/GitHub/vino/docs/1.0.0/qa/evidence/derived-data-unthinned/ModuleCache.noindex/Session.modulevalidation -Xcc -I/Users/cengcheng/Documents/GitHub/vino/docs/1.0.0/qa/evidence/derived-data-unthinned/Build/Intermediates.noindex/vino_iPhone.build/Debug-iphonesimulator/vino_iPhone.build/swift-overrides.hmap -emit-const-values -Xfrontend -const-gather-protocols-file -Xfrontend /Users/cengcheng/Documents/GitHub/vino/docs/1.0.0/qa/evidence/derived-data-unthinned/Build/Intermediates.noindex/vino_iPhone.build/Debug-iphonesimulator/vino_iPhone.build/Objects-normal/x86_64/vino_iPhone_const_extract_protocols.json -Xcc -iquote -Xcc /Users/cengcheng/Documents/GitHub/vino/docs/1.0.0/qa/evidence/derived-data-unthinned/Build/Intermediates.noindex/vino_iPhone.build/Debug-iphonesimulator/vino_iPhone.build/灵眼GX-generated-files.hmap -Xcc -I/Users/cengcheng/Documents/GitHub/vino/docs/1.0.0/qa/evidence/derived-data-unthinned/Build/Intermediates.noindex/vino_iPhone.build/Debug-iphonesimulator/vino_iPhone.build/灵眼GX-own-target-headers.hmap -Xcc -I/Users/cengcheng/Documents/GitHub/vino/docs/1.0.0/qa/evidence/derived-data-unthinned/Build/Intermediates.noindex/vino_iPhone.build/Debug-iphonesimulator/vino_iPhone.build/灵眼GX-all-target-headers.hmap -Xcc -iquote -Xcc /Users/cengcheng/Documents/GitHub/vino/docs/1.0.0/qa/evidence/derived-data-unthinned/Build/Intermediates.noindex/vino_iPhone.build/Debug-iphonesimulator/vino_iPhone.build/灵眼GX-project-headers.hmap -Xcc -I/Users/cengcheng/Documents/GitHub/vino/docs/1.0.0/qa/evidence/derived-data-unthinned/Build/Products/Debug-iphonesimulator/include -Xcc -I/Users/cengcheng/Documents/GitHub/vino/docs/1.0.0/qa/evidence/derived-data-unthinned/Build/Intermediates.noindex/vino_iPhone.build/Debug-iphonesimulator/vino_iPhone.build/DerivedSources-normal/x86_64 -Xcc -I/Users/cengcheng/Documents/GitHub/vino/docs/1.0.0/qa/evidence/derived-data-unthinned/Build/Intermediates.noindex/vino_iPhone.build/Debug-iphonesimulator/vino_iPhone.build/DerivedSources/x86_64 -Xcc -I/Users/cengcheng/Documents/GitHub/vino/docs/1.0.0/qa/evidence/derived-data-unthinned/Build/Intermediates.noindex/vino_iPhone.build/Debug-iphonesimulator/vino_iPhone.build/DerivedSources -Xcc -DDEBUG\=1 -emit-objc-header -emit-objc-header-path /Users/cengcheng/Documents/GitHub/vino/docs/1.0.0/qa/evidence/derived-data-unthinned/Build/Intermediates.noindex/vino_iPhone.build/Debug-iphonesimulator/vino_iPhone.build/Objects-normal/x86_64/vino_iPhone-Swift.h -working-directory /Users/cengcheng/Documents/GitHub/vino/vino_iPhone -experimental-emit-module-separately -disable-cmo

Ld /Users/cengcheng/Documents/GitHub/vino/docs/1.0.0/qa/evidence/derived-data-unthinned/Build/Intermediates.noindex/vino_iPhone.build/Debug-iphonesimulator/vino_iPhone.build/Objects-normal/x86_64/Binary/灵眼GX.debug.dylib normal x86_64 (in target 'vino_iPhone' from project 'vino_iPhone')
    cd /Users/cengcheng/Documents/GitHub/vino/vino_iPhone
    /Applications/Xcode.app/Contents/Developer/Toolchains/XcodeDefault.xctoolchain/usr/bin/clang -Xlinker -reproducible -target x86_64-apple-ios17.6-simulator -dynamiclib -isysroot /Applications/Xcode.app/Contents/Developer/Platforms/iPhoneSimulator.platform/Developer/SDKs/iPhoneSimulator18.2.sdk -O0 -L/Users/cengcheng/Documents/GitHub/vino/docs/1.0.0/qa/evidence/derived-data-unthinned/Build/Intermediates.noindex/EagerLinkingTBDs/Debug-iphonesimulator -L/Users/cengcheng/Documents/GitHub/vino/docs/1.0.0/qa/evidence/derived-data-unthinned/Build/Products/Debug-iphonesimulator -F/Users/cengcheng/Documents/GitHub/vino/docs/1.0.0/qa/evidence/derived-data-unthinned/Build/Intermediates.noindex/EagerLinkingTBDs/Debug-iphonesimulator -F/Users/cengcheng/Documents/GitHub/vino/docs/1.0.0/qa/evidence/derived-data-unthinned/Build/Products/Debug-iphonesimulator -filelist /Users/cengcheng/Documents/GitHub/vino/docs/1.0.0/qa/evidence/derived-data-unthinned/Build/Intermediates.noindex/vino_iPhone.build/Debug-iphonesimulator/vino_iPhone.build/Objects-normal/x86_64/灵眼GX.LinkFileList -install_name @rpath/灵眼GX.debug.dylib -Xlinker -rpath -Xlinker @executable_path/Frameworks -dead_strip -Xlinker -object_path_lto -Xlinker /Users/cengcheng/Documents/GitHub/vino/docs/1.0.0/qa/evidence/derived-data-unthinned/Build/Intermediates.noindex/vino_iPhone.build/Debug-iphonesimulator/vino_iPhone.build/Objects-normal/x86_64/灵眼GX_lto.o -Xlinker -export_dynamic -Xlinker -no_deduplicate -Xlinker -objc_abi_version -Xlinker 2 -fobjc-link-runtime -L/Applications/Xcode.app/Contents/Developer/Toolchains/XcodeDefault.xctoolchain/usr/lib/swift/iphonesimulator -L/usr/lib/swift -Xlinker -add_ast_path -Xlinker /Users/cengcheng/Documents/GitHub/vino/docs/1.0.0/qa/evidence/derived-data-unthinned/Build/Intermediates.noindex/vino_iPhone.build/Debug-iphonesimulator/vino_iPhone.build/Objects-normal/x86_64/vino_iPhone.swiftmodule -Xlinker -alias -Xlinker _main -Xlinker ___debug_main_executable_dylib_entry_point -Xlinker -dependency_info -Xlinker /Users/cengcheng/Documents/GitHub/vino/docs/1.0.0/qa/evidence/derived-data-unthinned/Build/Intermediates.noindex/vino_iPhone.build/Debug-iphonesimulator/vino_iPhone.build/Objects-normal/x86_64/灵眼GX_dependency_info.dat -o /Users/cengcheng/Documents/GitHub/vino/docs/1.0.0/qa/evidence/derived-data-unthinned/Build/Intermediates.noindex/vino_iPhone.build/Debug-iphonesimulator/vino_iPhone.build/Objects-normal/x86_64/Binary/灵眼GX.debug.dylib

CreateUniversalBinary /Users/cengcheng/Documents/GitHub/vino/docs/1.0.0/qa/evidence/derived-data-unthinned/Build/Products/Debug-iphonesimulator/灵眼GX.app/灵眼GX.debug.dylib normal arm64\ x86_64 (in target 'vino_iPhone' from project 'vino_iPhone')
    cd /Users/cengcheng/Documents/GitHub/vino/vino_iPhone
    /Applications/Xcode.app/Contents/Developer/Toolchains/XcodeDefault.xctoolchain/usr/bin/lipo -create /Users/cengcheng/Documents/GitHub/vino/docs/1.0.0/qa/evidence/derived-data-unthinned/Build/Intermediates.noindex/vino_iPhone.build/Debug-iphonesimulator/vino_iPhone.build/Objects-normal/arm64/Binary/灵眼GX.debug.dylib /Users/cengcheng/Documents/GitHub/vino/docs/1.0.0/qa/evidence/derived-data-unthinned/Build/Intermediates.noindex/vino_iPhone.build/Debug-iphonesimulator/vino_iPhone.build/Objects-normal/x86_64/Binary/灵眼GX.debug.dylib -output /Users/cengcheng/Documents/GitHub/vino/docs/1.0.0/qa/evidence/derived-data-unthinned/Build/Products/Debug-iphonesimulator/灵眼GX.app/灵眼GX.debug.dylib

ConstructStubExecutorLinkFileList /Users/cengcheng/Documents/GitHub/vino/docs/1.0.0/qa/evidence/derived-data-unthinned/Build/Intermediates.noindex/vino_iPhone.build/Debug-iphonesimulator/vino_iPhone.build/灵眼GX-ExecutorLinkFileList-normal-x86_64.txt (in target 'vino_iPhone' from project 'vino_iPhone')
    cd /Users/cengcheng/Documents/GitHub/vino/vino_iPhone
    construct-stub-executor-link-file-list /Users/cengcheng/Documents/GitHub/vino/docs/1.0.0/qa/evidence/derived-data-unthinned/Build/Intermediates.noindex/vino_iPhone.build/Debug-iphonesimulator/vino_iPhone.build/Objects-normal/x86_64/Binary/灵眼GX.debug.dylib /Applications/Xcode.app/Contents/Developer/Platforms/iPhoneSimulator.platform/Developer/usr/lib/libPreviewsJITStubExecutor_no_swift_entry_point.a /Applications/Xcode.app/Contents/Developer/Platforms/iPhoneSimulator.platform/Developer/usr/lib/libPreviewsJITStubExecutor.a --output /Users/cengcheng/Documents/GitHub/vino/docs/1.0.0/qa/evidence/derived-data-unthinned/Build/Intermediates.noindex/vino_iPhone.build/Debug-iphonesimulator/vino_iPhone.build/灵眼GX-ExecutorLinkFileList-normal-x86_64.txt
note: Using stub executor library with Swift entry point. (in target 'vino_iPhone' from project 'vino_iPhone')

Ld /Users/cengcheng/Documents/GitHub/vino/docs/1.0.0/qa/evidence/derived-data-unthinned/Build/Intermediates.noindex/vino_iPhone.build/Debug-iphonesimulator/vino_iPhone.build/Objects-normal/x86_64/Binary/灵眼GX normal x86_64 (in target 'vino_iPhone' from project 'vino_iPhone')
    cd /Users/cengcheng/Documents/GitHub/vino/vino_iPhone
    /Applications/Xcode.app/Contents/Developer/Toolchains/XcodeDefault.xctoolchain/usr/bin/clang -Xlinker -reproducible -target x86_64-apple-ios17.6-simulator -isysroot /Applications/Xcode.app/Contents/Developer/Platforms/iPhoneSimulator.platform/Developer/SDKs/iPhoneSimulator18.2.sdk -O0 -L/Users/cengcheng/Documents/GitHub/vino/docs/1.0.0/qa/evidence/derived-data-unthinned/Build/Products/Debug-iphonesimulator -F/Users/cengcheng/Documents/GitHub/vino/docs/1.0.0/qa/evidence/derived-data-unthinned/Build/Products/Debug-iphonesimulator -Xlinker -rpath -Xlinker @executable_path -Xlinker -rpath -Xlinker @executable_path/Frameworks -Xlinker -export_dynamic -Xlinker -no_deduplicate -Xlinker -objc_abi_version -Xlinker 2 -e ___debug_blank_executor_main -Xlinker -sectcreate -Xlinker __TEXT -Xlinker __debug_dylib -Xlinker /Users/cengcheng/Documents/GitHub/vino/docs/1.0.0/qa/evidence/derived-data-unthinned/Build/Intermediates.noindex/vino_iPhone.build/Debug-iphonesimulator/vino_iPhone.build/灵眼GX-DebugDylibPath-normal-x86_64.txt -Xlinker -sectcreate -Xlinker __TEXT -Xlinker __debug_instlnm -Xlinker /Users/cengcheng/Documents/GitHub/vino/docs/1.0.0/qa/evidence/derived-data-unthinned/Build/Intermediates.noindex/vino_iPhone.build/Debug-iphonesimulator/vino_iPhone.build/灵眼GX-DebugDylibInstallName-normal-x86_64.txt -Xlinker -filelist -Xlinker /Users/cengcheng/Documents/GitHub/vino/docs/1.0.0/qa/evidence/derived-data-unthinned/Build/Intermediates.noindex/vino_iPhone.build/Debug-iphonesimulator/vino_iPhone.build/灵眼GX-ExecutorLinkFileList-normal-x86_64.txt /Users/cengcheng/Documents/GitHub/vino/docs/1.0.0/qa/evidence/derived-data-unthinned/Build/Intermediates.noindex/vino_iPhone.build/Debug-iphonesimulator/vino_iPhone.build/Objects-normal/x86_64/Binary/灵眼GX.debug.dylib -o /Users/cengcheng/Documents/GitHub/vino/docs/1.0.0/qa/evidence/derived-data-unthinned/Build/Intermediates.noindex/vino_iPhone.build/Debug-iphonesimulator/vino_iPhone.build/Objects-normal/x86_64/Binary/灵眼GX

CreateUniversalBinary /Users/cengcheng/Documents/GitHub/vino/docs/1.0.0/qa/evidence/derived-data-unthinned/Build/Products/Debug-iphonesimulator/灵眼GX.app/灵眼GX normal arm64\ x86_64 (in target 'vino_iPhone' from project 'vino_iPhone')
    cd /Users/cengcheng/Documents/GitHub/vino/vino_iPhone
    /Applications/Xcode.app/Contents/Developer/Toolchains/XcodeDefault.xctoolchain/usr/bin/lipo -create /Users/cengcheng/Documents/GitHub/vino/docs/1.0.0/qa/evidence/derived-data-unthinned/Build/Intermediates.noindex/vino_iPhone.build/Debug-iphonesimulator/vino_iPhone.build/Objects-normal/arm64/Binary/灵眼GX /Users/cengcheng/Documents/GitHub/vino/docs/1.0.0/qa/evidence/derived-data-unthinned/Build/Intermediates.noindex/vino_iPhone.build/Debug-iphonesimulator/vino_iPhone.build/Objects-normal/x86_64/Binary/灵眼GX -output /Users/cengcheng/Documents/GitHub/vino/docs/1.0.0/qa/evidence/derived-data-unthinned/Build/Products/Debug-iphonesimulator/灵眼GX.app/灵眼GX

CopySwiftLibs /Users/cengcheng/Documents/GitHub/vino/docs/1.0.0/qa/evidence/derived-data-unthinned/Build/Products/Debug-iphonesimulator/灵眼GX.app (in target 'vino_iPhone' from project 'vino_iPhone')
    cd /Users/cengcheng/Documents/GitHub/vino/vino_iPhone
    builtin-swiftStdLibTool --copy --verbose --scan-executable /Users/cengcheng/Documents/GitHub/vino/docs/1.0.0/qa/evidence/derived-data-unthinned/Build/Products/Debug-iphonesimulator/灵眼GX.app/灵眼GX.debug.dylib --scan-folder /Users/cengcheng/Documents/GitHub/vino/docs/1.0.0/qa/evidence/derived-data-unthinned/Build/Products/Debug-iphonesimulator/灵眼GX.app/Frameworks --scan-folder /Users/cengcheng/Documents/GitHub/vino/docs/1.0.0/qa/evidence/derived-data-unthinned/Build/Products/Debug-iphonesimulator/灵眼GX.app/PlugIns --scan-folder /Users/cengcheng/Documents/GitHub/vino/docs/1.0.0/qa/evidence/derived-data-unthinned/Build/Products/Debug-iphonesimulator/灵眼GX.app/SystemExtensions --scan-folder /Users/cengcheng/Documents/GitHub/vino/docs/1.0.0/qa/evidence/derived-data-unthinned/Build/Products/Debug-iphonesimulator/灵眼GX.app/Extensions --platform iphonesimulator --toolchain /Applications/Xcode.app/Contents/Developer/Toolchains/XcodeDefault.xctoolchain --destination /Users/cengcheng/Documents/GitHub/vino/docs/1.0.0/qa/evidence/derived-data-unthinned/Build/Products/Debug-iphonesimulator/灵眼GX.app/Frameworks --strip-bitcode --strip-bitcode-tool /Applications/Xcode.app/Contents/Developer/Toolchains/XcodeDefault.xctoolchain/usr/bin/bitcode_strip --emit-dependency-info /Users/cengcheng/Documents/GitHub/vino/docs/1.0.0/qa/evidence/derived-data-unthinned/Build/Intermediates.noindex/vino_iPhone.build/Debug-iphonesimulator/vino_iPhone.build/SwiftStdLibToolInputDependencies.dep --filter-for-swift-os
Ignoring --strip-bitcode because --sign was not passed

ExtractAppIntentsMetadata (in target 'vino_iPhone' from project 'vino_iPhone')
    cd /Users/cengcheng/Documents/GitHub/vino/vino_iPhone
    /Applications/Xcode.app/Contents/Developer/Toolchains/XcodeDefault.xctoolchain/usr/bin/appintentsmetadataprocessor --output /Users/cengcheng/Documents/GitHub/vino/docs/1.0.0/qa/evidence/derived-data-unthinned/Build/Products/Debug-iphonesimulator/灵眼GX.app --toolchain-dir /Applications/Xcode.app/Contents/Developer/Toolchains/XcodeDefault.xctoolchain --module-name vino_iPhone --sdk-root /Applications/Xcode.app/Contents/Developer/Platforms/iPhoneSimulator.platform/Developer/SDKs/iPhoneSimulator18.2.sdk --xcode-version 16C5032a --platform-family iOS --deployment-target 17.6 --bundle-identifier cc.vino.iphone --target-triple arm64-apple-ios17.6-simulator --target-triple x86_64-apple-ios17.6-simulator --binary-file /Users/cengcheng/Documents/GitHub/vino/docs/1.0.0/qa/evidence/derived-data-unthinned/Build/Products/Debug-iphonesimulator/灵眼GX.app/灵眼GX --dependency-file /Users/cengcheng/Documents/GitHub/vino/docs/1.0.0/qa/evidence/derived-data-unthinned/Build/Intermediates.noindex/vino_iPhone.build/Debug-iphonesimulator/vino_iPhone.build/Objects-normal/arm64/灵眼GX_dependency_info.dat --dependency-file /Users/cengcheng/Documents/GitHub/vino/docs/1.0.0/qa/evidence/derived-data-unthinned/Build/Intermediates.noindex/vino_iPhone.build/Debug-iphonesimulator/vino_iPhone.build/Objects-normal/x86_64/灵眼GX_dependency_info.dat --stringsdata-file /Users/cengcheng/Documents/GitHub/vino/docs/1.0.0/qa/evidence/derived-data-unthinned/Build/Intermediates.noindex/vino_iPhone.build/Debug-iphonesimulator/vino_iPhone.build/Objects-normal/arm64/ExtractedAppShortcutsMetadata.stringsdata --stringsdata-file /Users/cengcheng/Documents/GitHub/vino/docs/1.0.0/qa/evidence/derived-data-unthinned/Build/Intermediates.noindex/vino_iPhone.build/Debug-iphonesimulator/vino_iPhone.build/Objects-normal/x86_64/ExtractedAppShortcutsMetadata.stringsdata --source-file-list /Users/cengcheng/Documents/GitHub/vino/docs/1.0.0/qa/evidence/derived-data-unthinned/Build/Intermediates.noindex/vino_iPhone.build/Debug-iphonesimulator/vino_iPhone.build/Objects-normal/arm64/灵眼GX.SwiftFileList --source-file-list /Users/cengcheng/Documents/GitHub/vino/docs/1.0.0/qa/evidence/derived-data-unthinned/Build/Intermediates.noindex/vino_iPhone.build/Debug-iphonesimulator/vino_iPhone.build/Objects-normal/x86_64/灵眼GX.SwiftFileList --metadata-file-list /Users/cengcheng/Documents/GitHub/vino/docs/1.0.0/qa/evidence/derived-data-unthinned/Build/Intermediates.noindex/vino_iPhone.build/Debug-iphonesimulator/vino_iPhone.build/灵眼GX.DependencyMetadataFileList --swift-const-vals-list /Users/cengcheng/Documents/GitHub/vino/docs/1.0.0/qa/evidence/derived-data-unthinned/Build/Intermediates.noindex/vino_iPhone.build/Debug-iphonesimulator/vino_iPhone.build/Objects-normal/arm64/灵眼GX.SwiftConstValuesFileList --swift-const-vals-list /Users/cengcheng/Documents/GitHub/vino/docs/1.0.0/qa/evidence/derived-data-unthinned/Build/Intermediates.noindex/vino_iPhone.build/Debug-iphonesimulator/vino_iPhone.build/Objects-normal/x86_64/灵眼GX.SwiftConstValuesFileList --compile-time-extraction --deployment-aware-processing --validate-assistant-intents
note: Metadata extraction skipped. No AppIntents.framework dependency found. (in target 'vino_iPhone' from project 'vino_iPhone')

AppIntentsSSUTraining (in target 'vino_iPhone' from project 'vino_iPhone')
    cd /Users/cengcheng/Documents/GitHub/vino/vino_iPhone
    /Applications/Xcode.app/Contents/Developer/Toolchains/XcodeDefault.xctoolchain/usr/bin/appintentsnltrainingprocessor --infoplist-path /Users/cengcheng/Documents/GitHub/vino/docs/1.0.0/qa/evidence/derived-data-unthinned/Build/Products/Debug-iphonesimulator/灵眼GX.app/Info.plist --temp-dir-path /Users/cengcheng/Documents/GitHub/vino/docs/1.0.0/qa/evidence/derived-data-unthinned/Build/Intermediates.noindex/vino_iPhone.build/Debug-iphonesimulator/vino_iPhone.build/ssu --bundle-id cc.vino.iphone --product-path /Users/cengcheng/Documents/GitHub/vino/docs/1.0.0/qa/evidence/derived-data-unthinned/Build/Products/Debug-iphonesimulator/灵眼GX.app --extracted-metadata-path /Users/cengcheng/Documents/GitHub/vino/docs/1.0.0/qa/evidence/derived-data-unthinned/Build/Products/Debug-iphonesimulator/灵眼GX.app/Metadata.appintents --archive-ssu-assets
2026-06-11 14:37:30.895 appintentsnltrainingprocessor[25729:26115385] Parsing options for appintentsnltrainingprocessor
2026-06-11 14:37:30.896 appintentsnltrainingprocessor[25729:26115385] No AppShortcuts found - Skipping.

RegisterExecutionPolicyException /Users/cengcheng/Documents/GitHub/vino/docs/1.0.0/qa/evidence/derived-data-unthinned/Build/Products/Debug-iphonesimulator/灵眼GX.app (in target 'vino_iPhone' from project 'vino_iPhone')
    cd /Users/cengcheng/Documents/GitHub/vino/vino_iPhone
    builtin-RegisterExecutionPolicyException /Users/cengcheng/Documents/GitHub/vino/docs/1.0.0/qa/evidence/derived-data-unthinned/Build/Products/Debug-iphonesimulator/灵眼GX.app

Validate /Users/cengcheng/Documents/GitHub/vino/docs/1.0.0/qa/evidence/derived-data-unthinned/Build/Products/Debug-iphonesimulator/灵眼GX.app (in target 'vino_iPhone' from project 'vino_iPhone')
    cd /Users/cengcheng/Documents/GitHub/vino/vino_iPhone
    builtin-validationUtility /Users/cengcheng/Documents/GitHub/vino/docs/1.0.0/qa/evidence/derived-data-unthinned/Build/Products/Debug-iphonesimulator/灵眼GX.app -infoplist-subpath Info.plist

Touch /Users/cengcheng/Documents/GitHub/vino/docs/1.0.0/qa/evidence/derived-data-unthinned/Build/Products/Debug-iphonesimulator/灵眼GX.app (in target 'vino_iPhone' from project 'vino_iPhone')
    cd /Users/cengcheng/Documents/GitHub/vino/vino_iPhone
    /usr/bin/touch -c /Users/cengcheng/Documents/GitHub/vino/docs/1.0.0/qa/evidence/derived-data-unthinned/Build/Products/Debug-iphonesimulator/灵眼GX.app

** BUILD SUCCEEDED **

